                         vars   n     mean       sd   median  trimmed      mad      min      max    range  skew kurtosis       se
id                          1 479 1.63e+03 8.15e+02 1.80e+03 1.67e+03 5.14e+02 2.40e+01 2.87e+03 2.85e+03 -0.61    -0.57 3.72e+01
lastpage                    2 479 3.70e+01 0.00e+00 3.70e+01 3.70e+01 0.00e+00 3.70e+01 3.70e+01 0.00e+00   NaN      NaN 0.00e+00
seed                        3 479 1.05e+09 6.13e+08 1.04e+09 1.04e+09 7.97e+08 3.44e+06 2.13e+09 2.13e+09  0.04    -1.22 2.80e+07
OWNEXPERIENCE               4 479 1.00e+00 0.00e+00 1.00e+00 1.00e+00 0.00e+00 1.00e+00 1.00e+00 0.00e+00   NaN      NaN 0.00e+00
IMG.IMG1                    5 479 4.62e+00 1.75e+00 5.00e+00 4.73e+00 1.48e+00 1.00e+00 7.00e+00 6.00e+00 -0.44    -0.70 8.00e-02
IMG.IMG2                    6 479 4.79e+00 1.69e+00 5.00e+00 4.91e+00 1.48e+00 1.00e+00 7.00e+00 6.00e+00 -0.51    -0.59 8.00e-02
IMG.IMG3                    7 479 4.68e+00 1.81e+00 5.00e+00 4.82e+00 1.48e+00 1.00e+00 7.00e+00 6.00e+00 -0.49    -0.74 8.00e-02
PEOU.PEOU1                  8 479 5.87e+00 1.11e+00 6.00e+00 6.02e+00 1.48e+00 1.00e+00 7.00e+00 6.00e+00 -1.28     2.38 5.00e-02
PEOU.PEOU2                  9 479 5.78e+00 1.15e+00 6.00e+00 5.93e+00 1.48e+00 1.00e+00 7.00e+00 6.00e+00 -1.01     0.95 5.00e-02
PEOU.PEOU3                 10 479 5.59e+00 1.28e+00 6.00e+00 5.75e+00 1.48e+00 1.00e+00 7.00e+00 6.00e+00 -0.90     0.28 6.00e-02
PEOU.PEOU4                 11 479 5.55e+00 1.26e+00 6.00e+00 5.70e+00 1.48e+00 1.00e+00 7.00e+00 6.00e+00 -0.92     0.61 6.00e-02
PEOU.PEOU5                 12 479 5.10e+00 1.39e+00 5.00e+00 5.18e+00 1.48e+00 1.00e+00 7.00e+00 6.00e+00 -0.51    -0.35 6.00e-02
PEOU.PEOU6                 13 479 5.43e+00 1.28e+00 6.00e+00 5.55e+00 1.48e+00 1.00e+00 7.00e+00 6.00e+00 -0.71     0.09 6.00e-02
VIS.VIS1                   14 479 5.28e+00 1.46e+00 6.00e+00 5.45e+00 1.48e+00 1.00e+00 7.00e+00 6.00e+00 -0.94     0.57 7.00e-02
VIS.VIS2                   15 479 5.24e+00 1.53e+00 6.00e+00 5.42e+00 1.48e+00 1.00e+00 7.00e+00 6.00e+00 -0.92     0.37 7.00e-02
VIS.VIS3                   16 479 5.42e+00 1.42e+00 6.00e+00 5.61e+00 1.48e+00 1.00e+00 7.00e+00 6.00e+00 -1.03     0.76 6.00e-02
VOI.VOI1                   17 479 3.99e+00 2.02e+00 4.00e+00 3.99e+00 2.97e+00 1.00e+00 7.00e+00 6.00e+00 -0.06    -1.32 9.00e-02
VOI.VOI2                   18 479 3.75e+00 2.01e+00 4.00e+00 3.69e+00 2.97e+00 1.00e+00 7.00e+00 6.00e+00  0.12    -1.34 9.00e-02
VOI.VOI3                   19 479 4.13e+00 1.86e+00 4.00e+00 4.16e+00 2.97e+00 1.00e+00 7.00e+00 6.00e+00 -0.19    -1.06 9.00e-02
VOI.VOI4                   20 479 5.70e+00 1.37e+00 6.00e+00 5.90e+00 1.48e+00 1.00e+00 7.00e+00 6.00e+00 -1.09     0.70 6.00e-02
PUA.PUA1                   21 479 5.54e+00 1.34e+00 6.00e+00 5.70e+00 1.48e+00 1.00e+00 7.00e+00 6.00e+00 -1.02     0.93 6.00e-02
PUA.PUA2                   22 479 5.51e+00 1.34e+00 6.00e+00 5.66e+00 1.48e+00 1.00e+00 7.00e+00 6.00e+00 -0.93     0.64 6.00e-02
PUA.PUA3                   23 479 5.54e+00 1.35e+00 6.00e+00 5.70e+00 1.48e+00 1.00e+00 7.00e+00 6.00e+00 -1.03     0.99 6.00e-02
PUA.PUA4                   24 479 5.73e+00 1.28e+00 6.00e+00 5.91e+00 1.48e+00 1.00e+00 7.00e+00 6.00e+00 -1.19     1.42 6.00e-02
PUA.PUA5                   25 479 5.56e+00 1.31e+00 6.00e+00 5.71e+00 1.48e+00 1.00e+00 7.00e+00 6.00e+00 -0.87     0.46 6.00e-02
PUA.PUA6                   26 479 4.81e+00 1.72e+00 5.00e+00 4.96e+00 1.48e+00 1.00e+00 7.00e+00 6.00e+00 -0.59    -0.41 8.00e-02
PUA.PUA7                   27 479 5.57e+00 1.31e+00 6.00e+00 5.71e+00 1.48e+00 1.00e+00 7.00e+00 6.00e+00 -0.97     0.77 6.00e-02
PUA.PUA8                   28 479 5.66e+00 1.24e+00 6.00e+00 5.81e+00 1.48e+00 1.00e+00 7.00e+00 6.00e+00 -1.06     1.03 6.00e-02
RES.RES1                   29 479 5.42e+00 1.36e+00 6.00e+00 5.58e+00 1.48e+00 1.00e+00 7.00e+00 6.00e+00 -0.96     0.57 6.00e-02
RES.RES2                   30 479 5.45e+00 1.24e+00 6.00e+00 5.57e+00 1.48e+00 1.00e+00 7.00e+00 6.00e+00 -0.93     0.96 6.00e-02
RES.RES3                   31 479 5.61e+00 1.19e+00 6.00e+00 5.74e+00 1.48e+00 1.00e+00 7.00e+00 6.00e+00 -0.94     0.78 5.00e-02
RES.RES4                   32 479 4.12e+00 1.87e+00 4.00e+00 4.14e+00 2.97e+00 1.00e+00 7.00e+00 6.00e+00 -0.10    -1.22 9.00e-02
SQR.SQR1                   33 479 5.10e+00 1.53e+00 5.00e+00 5.25e+00 1.48e+00 1.00e+00 7.00e+00 6.00e+00 -0.67    -0.12 7.00e-02
SQR.SQR2                   34 479 4.88e+00 1.58e+00 5.00e+00 5.01e+00 1.48e+00 1.00e+00 7.00e+00 6.00e+00 -0.61    -0.30 7.00e-02
SQR.SQR3                   35 479 4.64e+00 1.70e+00 5.00e+00 4.72e+00 1.48e+00 1.00e+00 7.00e+00 6.00e+00 -0.39    -0.74 8.00e-02
SQR.SQR4                   36 479 5.14e+00 1.49e+00 5.00e+00 5.25e+00 1.48e+00 1.00e+00 7.00e+00 6.00e+00 -0.55    -0.35 7.00e-02
SR.SR1                     37 479 4.06e+00 1.86e+00 4.00e+00 4.08e+00 2.97e+00 1.00e+00 7.00e+00 6.00e+00 -0.12    -1.10 8.00e-02
SR.SR2                     38 479 3.93e+00 1.90e+00 4.00e+00 3.92e+00 2.97e+00 1.00e+00 7.00e+00 6.00e+00  0.08    -1.20 9.00e-02
SR.SR3                     39 479 4.15e+00 1.86e+00 4.00e+00 4.19e+00 2.97e+00 1.00e+00 7.00e+00 6.00e+00 -0.16    -1.13 8.00e-02
SR.SR4                     40 479 4.16e+00 1.85e+00 4.00e+00 4.18e+00 2.97e+00 1.00e+00 7.00e+00 6.00e+00 -0.10    -1.12 8.00e-02
LS.LS1                     41 479 5.60e+00 1.23e+00 6.00e+00 5.73e+00 1.48e+00 1.00e+00 7.00e+00 6.00e+00 -0.95     0.88 6.00e-02
LS.LS2                     42 479 5.26e+00 1.35e+00 5.00e+00 5.38e+00 1.48e+00 1.00e+00 7.00e+00 6.00e+00 -0.66    -0.20 6.00e-02
LS.LS3                     43 479 5.18e+00 1.38e+00 5.00e+00 5.29e+00 1.48e+00 1.00e+00 7.00e+00 6.00e+00 -0.64     0.06 6.00e-02
LS.LS4                     44 479 5.33e+00 1.35e+00 6.00e+00 5.46e+00 1.48e+00 1.00e+00 7.00e+00 6.00e+00 -0.78     0.33 6.00e-02
LS.LS5                     45 479 5.36e+00 1.35e+00 6.00e+00 5.50e+00 1.48e+00 1.00e+00 7.00e+00 6.00e+00 -0.82     0.29 6.00e-02
LS.LS6                     46 479 5.37e+00 1.36e+00 6.00e+00 5.51e+00 1.48e+00 1.00e+00 7.00e+00 6.00e+00 -0.76     0.18 6.00e-02
LS.LS7                     47 479 5.23e+00 1.30e+00 5.00e+00 5.31e+00 1.48e+00 1.00e+00 7.00e+00 6.00e+00 -0.56     0.03 6.00e-02
LS.LS8                     48 479 5.31e+00 1.34e+00 5.00e+00 5.44e+00 1.48e+00 1.00e+00 7.00e+00 6.00e+00 -0.75     0.23 6.00e-02
PPC.PPC1                   49 479 5.35e+00 1.30e+00 5.00e+00 5.46e+00 1.48e+00 1.00e+00 7.00e+00 6.00e+00 -0.73     0.33 6.00e-02
PPC.PPC2                   50 479 5.20e+00 1.40e+00 5.00e+00 5.31e+00 1.48e+00 1.00e+00 7.00e+00 6.00e+00 -0.64    -0.15 6.00e-02
PPC.PPC3                   51 479 5.39e+00 1.27e+00 6.00e+00 5.49e+00 1.48e+00 1.00e+00 7.00e+00 6.00e+00 -0.64     0.07 6.00e-02
PPC.PPC4                   52 479 5.43e+00 1.24e+00 6.00e+00 5.52e+00 1.48e+00 1.00e+00 7.00e+00 6.00e+00 -0.69     0.34 6.00e-02
PPC.PPC5                   53 479 5.11e+00 1.43e+00 5.00e+00 5.23e+00 1.48e+00 1.00e+00 7.00e+00 6.00e+00 -0.65     0.05 7.00e-02
PPC.PPC6                   54 479 5.28e+00 1.32e+00 5.00e+00 5.39e+00 1.48e+00 1.00e+00 7.00e+00 6.00e+00 -0.66     0.19 6.00e-02
PS.PS1                     55 479 5.41e+00 1.33e+00 6.00e+00 5.54e+00 1.48e+00 1.00e+00 7.00e+00 6.00e+00 -0.86     0.54 6.00e-02
PS.PS2                     56 479 5.46e+00 1.29e+00 6.00e+00 5.58e+00 1.48e+00 1.00e+00 7.00e+00 6.00e+00 -0.85     0.61 6.00e-02
PS.PS3                     57 479 5.49e+00 1.31e+00 6.00e+00 5.62e+00 1.48e+00 1.00e+00 7.00e+00 6.00e+00 -1.01     1.13 6.00e-02
PS.PS4                     58 479 5.57e+00 1.27e+00 6.00e+00 5.71e+00 1.48e+00 1.00e+00 7.00e+00 6.00e+00 -0.99     1.04 6.00e-02
PS.PS5                     59 479 5.46e+00 1.31e+00 6.00e+00 5.61e+00 1.48e+00 1.00e+00 7.00e+00 6.00e+00 -0.97     0.92 6.00e-02
PS.PS6                     60 479 5.46e+00 1.27e+00 6.00e+00 5.58e+00 1.48e+00 1.00e+00 7.00e+00 6.00e+00 -0.79     0.41 6.00e-02
PS.PS7                     61 479 5.56e+00 1.20e+00 6.00e+00 5.67e+00 1.48e+00 1.00e+00 7.00e+00 6.00e+00 -0.93     1.07 5.00e-02
PS.PS8                     62 479 5.56e+00 1.22e+00 6.00e+00 5.67e+00 1.48e+00 1.00e+00 7.00e+00 6.00e+00 -0.80     0.61 6.00e-02
PS.PS9                     63 479 5.61e+00 1.26e+00 6.00e+00 5.76e+00 1.48e+00 1.00e+00 7.00e+00 6.00e+00 -1.06     1.15 6.00e-02
PS.PS10                    64 479 5.45e+00 1.30e+00 6.00e+00 5.58e+00 1.48e+00 1.00e+00 7.00e+00 6.00e+00 -0.92     0.83 6.00e-02
PS.PS11                    65 479 5.46e+00 1.33e+00 6.00e+00 5.60e+00 1.48e+00 1.00e+00 7.00e+00 6.00e+00 -0.93     0.70 6.00e-02
PUI.PUI1                   66 479 5.50e+00 1.33e+00 6.00e+00 5.65e+00 1.48e+00 1.00e+00 7.00e+00 6.00e+00 -0.96     0.74 6.00e-02
PUI.PUI2                   67 479 5.41e+00 1.35e+00 6.00e+00 5.56e+00 1.48e+00 1.00e+00 7.00e+00 6.00e+00 -0.88     0.62 6.00e-02
PUI.PUI3                   68 479 5.51e+00 1.32e+00 6.00e+00 5.66e+00 1.48e+00 1.00e+00 7.00e+00 6.00e+00 -0.93     0.70 6.00e-02
PUI.PUI4                   69 479 5.57e+00 1.33e+00 6.00e+00 5.74e+00 1.48e+00 1.00e+00 7.00e+00 6.00e+00 -1.04     0.97 6.00e-02
PUI.PUI5                   70 479 5.47e+00 1.36e+00 6.00e+00 5.64e+00 1.48e+00 1.00e+00 7.00e+00 6.00e+00 -0.92     0.58 6.00e-02
PUI.PUI6                   71 479 4.75e+00 1.70e+00 5.00e+00 4.88e+00 1.48e+00 1.00e+00 7.00e+00 6.00e+00 -0.51    -0.50 8.00e-02
PUI.PUI7                   72 479 5.44e+00 1.33e+00 6.00e+00 5.58e+00 1.48e+00 1.00e+00 7.00e+00 6.00e+00 -0.88     0.52 6.00e-02
PUI.PUI8                   73 479 5.49e+00 1.37e+00 6.00e+00 5.65e+00 1.48e+00 1.00e+00 7.00e+00 6.00e+00 -0.96     0.75 6.00e-02
TKR.TKR1                   74 479 4.77e+00 1.59e+00 5.00e+00 4.87e+00 1.48e+00 1.00e+00 7.00e+00 6.00e+00 -0.46    -0.57 7.00e-02
TKR.TKR2                   75 479 4.98e+00 1.50e+00 5.00e+00 5.10e+00 1.48e+00 1.00e+00 7.00e+00 6.00e+00 -0.62    -0.02 7.00e-02
TKR.TKR3                   76 479 4.91e+00 1.52e+00 5.00e+00 5.01e+00 1.48e+00 1.00e+00 7.00e+00 6.00e+00 -0.52    -0.33 7.00e-02
TKR.TKR4                   77 479 4.70e+00 1.61e+00 5.00e+00 4.79e+00 1.48e+00 1.00e+00 7.00e+00 6.00e+00 -0.47    -0.60 7.00e-02
WEI.WEI1                   78 479 5.37e+00 1.31e+00 6.00e+00 5.50e+00 1.48e+00 1.00e+00 7.00e+00 6.00e+00 -0.74     0.12 6.00e-02
WEI.WEI2                   79 479 5.45e+00 1.33e+00 6.00e+00 5.59e+00 1.48e+00 1.00e+00 7.00e+00 6.00e+00 -0.89     0.65 6.00e-02
WEI.WEI3                   80 479 5.25e+00 1.37e+00 5.00e+00 5.37e+00 1.48e+00 1.00e+00 7.00e+00 6.00e+00 -0.61    -0.11 6.00e-02
WEI.WEI4                   81 479 5.53e+00 1.26e+00 6.00e+00 5.66e+00 1.48e+00 1.00e+00 7.00e+00 6.00e+00 -0.97     0.95 6.00e-02
WEI.WEI5                   82 479 5.19e+00 1.44e+00 5.00e+00 5.32e+00 1.48e+00 1.00e+00 7.00e+00 6.00e+00 -0.65    -0.10 7.00e-02
WEI.WEI6                   83 479 5.31e+00 1.33e+00 6.00e+00 5.42e+00 1.48e+00 1.00e+00 7.00e+00 6.00e+00 -0.74     0.33 6.00e-02
WEI.WEI7                   84 479 5.15e+00 1.44e+00 5.00e+00 5.28e+00 1.48e+00 1.00e+00 7.00e+00 6.00e+00 -0.58    -0.15 7.00e-02
WEI.WEI8                   85 479 5.30e+00 1.33e+00 5.00e+00 5.43e+00 1.48e+00 1.00e+00 7.00e+00 6.00e+00 -0.82     0.56 6.00e-02
PERCEPTION.PROJPOS         86 478 3.75e+00 1.78e+00 4.00e+00 3.88e+00 1.48e+00 0.00e+00 6.00e+00 6.00e+00 -0.53    -0.79 8.00e-02
PERCEPTION.PROJNEG         87 478 2.81e+00 1.77e+00 3.00e+00 2.73e+00 2.97e+00 0.00e+00 6.00e+00 6.00e+00  0.26    -1.07 8.00e-02
PERCEPTION.DTPOS           88 477 3.81e+00 1.70e+00 4.00e+00 3.94e+00 1.48e+00 0.00e+00 6.00e+00 6.00e+00 -0.49    -0.64 8.00e-02
PERCEPTION.DTNEG           89 477 2.87e+00 1.73e+00 3.00e+00 2.84e+00 1.48e+00 0.00e+00 6.00e+00 6.00e+00  0.15    -1.05 8.00e-02
WORKPACE.SQ01              90 477 5.23e+00 1.37e+00 5.00e+00 5.36e+00 1.48e+00 1.00e+00 7.00e+00 6.00e+00 -0.76     0.13 6.00e-02
AUTONOMY                   91 477 2.46e+00 5.80e-01 3.00e+00 2.50e+00 0.00e+00 1.00e+00 3.00e+00 2.00e+00 -0.53    -0.67 3.00e-02
WORKAMOUNT                 92 459 2.30e+00 7.00e-01 2.00e+00 2.37e+00 1.48e+00 1.00e+00 3.00e+00 2.00e+00 -0.49    -0.90 3.00e-02
PARALLEL                   93 464 2.29e+00 7.10e-01 2.00e+00 2.37e+00 1.48e+00 1.00e+00 3.00e+00 2.00e+00 -0.48    -0.92 3.00e-02
WORKLOAD                   94 467 2.22e+00 7.40e-01 2.00e+00 2.28e+00 1.48e+00 1.00e+00 3.00e+00 2.00e+00 -0.38    -1.09 3.00e-02
MEASURES                   95 479 5.30e-01 5.00e-01 1.00e+00 5.30e-01 0.00e+00 0.00e+00 1.00e+00 1.00e+00 -0.10    -1.99 2.00e-02
MEASURES2                  96 250 1.97e+00 6.30e-01 2.00e+00 1.97e+00 0.00e+00 0.00e+00 3.00e+00 3.00e+00 -0.27     0.41 4.00e-02
Age                        97 478 3.22e+01 1.16e+01 3.00e+01 3.08e+01 1.33e+01 1.80e+01 6.70e+01 4.90e+01  0.97     0.49 5.30e-01
ExperienceHealthcare       98 469 5.86e+00 6.09e+00 5.00e+00 4.81e+00 7.41e+00 0.00e+00 2.10e+01 2.10e+01  1.20     0.63 2.80e-01
interviewtime              99 479 8.91e+02 6.56e+02 7.34e+02 7.81e+02 4.27e+02 1.96e+02 5.80e+03 5.60e+03  2.90    13.29 3.00e+01
WELCTime                  100 479 3.83e+01 1.36e+02 1.19e+01 1.49e+01 6.89e+00 3.55e+00 1.40e+03 1.39e+03  7.81    65.56 6.20e+00
OWNEXPERIENCETime         101 479 1.73e+01 7.66e+01 8.99e+00 9.87e+00 4.18e+00 2.80e+00 1.54e+03 1.54e+03 17.28   329.62 3.50e+00
DESCTime                  102 479 6.01e+01 1.36e+02 3.15e+01 3.85e+01 2.31e+01 3.86e+00 2.11e+03 2.11e+03 10.20   130.10 6.21e+00
DESCINFOTime              103 479 1.05e+01 4.44e+01 5.00e+00 5.74e+00 2.86e+00 1.85e+00 8.17e+02 8.15e+02 15.16   251.65 2.03e+00
IMGTime                   104 479 2.73e+01 9.78e+01 1.54e+01 1.60e+01 1.01e+01 3.20e+00 1.99e+03 1.99e+03 17.24   336.98 4.47e+00
PEOUTime                  105 479 3.41e+01 6.53e+01 2.42e+01 2.51e+01 1.32e+01 4.42e+00 1.08e+03 1.08e+03 10.98   151.07 2.98e+00
VISTime                   106 479 2.22e+01 4.47e+01 1.37e+01 1.48e+01 8.33e+00 3.23e+00 5.91e+02 5.87e+02  8.57    87.47 2.04e+00
VOITime                   107 479 2.83e+01 8.58e+01 1.89e+01 1.92e+01 1.20e+01 3.15e+00 1.74e+03 1.73e+03 17.01   327.37 3.92e+00
PUATime                   108 479 3.20e+01 3.59e+01 2.41e+01 2.59e+01 1.35e+01 5.32e+00 4.33e+02 4.28e+02  6.36    54.22 1.64e+00
RESTime                   109 479 2.64e+01 4.88e+01 1.83e+01 1.97e+01 1.27e+01 3.70e+00 7.74e+02 7.71e+02 10.52   135.50 2.23e+00
SQRTime                   110 479 2.81e+01 5.78e+01 2.00e+01 1.99e+01 1.34e+01 3.21e+00 1.07e+03 1.07e+03 13.22   223.26 2.64e+00
SRTime                    111 479 2.74e+01 4.38e+01 1.71e+01 1.92e+01 1.15e+01 3.13e+00 4.36e+02 4.33e+02  5.92    41.39 2.00e+00
LSTime                    112 479 4.53e+01 8.29e+01 2.73e+01 3.11e+01 1.99e+01 4.85e+00 1.11e+03 1.10e+03  8.18    84.58 3.79e+00
PPCTime                   113 479 3.41e+01 5.76e+01 2.34e+01 2.57e+01 1.72e+01 4.24e+00 9.39e+02 9.35e+02 10.55   143.37 2.63e+00
PSTime                    114 479 5.04e+01 8.66e+01 3.19e+01 3.75e+01 2.17e+01 6.29e+00 1.34e+03 1.33e+03  9.81   121.85 3.96e+00
PUTime                    115 479 3.60e+01 4.40e+01 2.56e+01 2.87e+01 1.68e+01 5.59e+00 6.44e+02 6.39e+02  7.70    86.61 2.01e+00
TKRTime                   116 479 3.31e+01 7.70e+01 1.97e+01 2.17e+01 1.56e+01 3.09e+00 1.17e+03 1.17e+03 10.10   123.29 3.52e+00
WEITime                   117 479 3.91e+01 4.71e+01 2.53e+01 3.11e+01 1.88e+01 5.78e+00 5.72e+02 5.66e+02  5.85    48.53 2.15e+00
PERCEPTIONTime            118 479 3.51e+01 6.05e+01 2.54e+01 2.62e+01 1.89e+01 3.31e+00 8.70e+02 8.66e+02  9.11   103.06 2.76e+00
WORKPACETime              119 479 1.03e+01 1.48e+01 7.81e+00 8.31e+00 3.37e+00 1.55e+00 2.82e+02 2.81e+02 13.68   238.75 6.80e-01
AUTONOMYTime              120 479 1.26e+01 2.00e+01 9.18e+00 9.73e+00 4.21e+00 2.54e+00 3.16e+02 3.13e+02 10.47   135.39 9.10e-01
WORKAMOUNTTime            121 479 9.42e+00 2.67e+01 6.58e+00 6.99e+00 3.48e+00 1.78e+00 5.54e+02 5.52e+02 18.22   361.89 1.22e+00
PARALLELTime              122 479 8.23e+00 7.40e+00 6.47e+00 6.80e+00 3.68e+00 1.35e+00 5.68e+01 5.55e+01  3.39    14.68 3.40e-01
WORKLOADTime              123 479 8.94e+00 2.86e+01 6.10e+00 6.23e+00 3.41e+00 1.18e+00 5.96e+02 5.95e+02 18.34   368.10 1.31e+00
MEASURESTime              124 479 1.08e+01 2.36e+01 7.76e+00 8.25e+00 3.05e+00 2.35e+00 4.37e+02 4.34e+02 14.85   245.81 1.08e+00
MEASURES2Time             125 252 9.56e+00 1.12e+01 6.52e+00 7.14e+00 3.31e+00 2.06e+00 9.88e+01 9.68e+01  4.69    27.75 7.10e-01
DIGICHALSPECTime          126 479 4.48e+01 5.71e+01 3.04e+01 3.44e+01 2.12e+01 3.09e+00 7.18e+02 7.15e+02  5.77    50.84 2.61e+00
DIGIBENSPECTime           127 479 3.30e+01 4.19e+01 2.11e+01 2.52e+01 1.58e+01 1.39e+00 4.62e+02 4.61e+02  5.02    37.20 1.92e+00
DIGICHALGENTime           128 479 3.27e+01 6.00e+01 1.91e+01 2.36e+01 1.47e+01 1.15e+00 9.30e+02 9.28e+02  9.89   126.14 2.74e+00
DIGIBENGENTime            129 479 3.00e+01 5.27e+01 1.84e+01 2.14e+01 1.33e+01 1.21e+00 7.26e+02 7.24e+02  8.49    91.50 2.41e+00
ResidenceTime             130 479 7.72e+00 8.80e+00 6.07e+00 6.34e+00 1.75e+00 2.96e+00 1.07e+02 1.04e+02  7.89    71.41 4.00e-01
AgeTime                   131 479 7.27e+00 1.28e+01 5.55e+00 5.81e+00 1.56e+00 3.25e+00 2.44e+02 2.41e+02 14.73   250.19 5.90e-01
EducationTime             132 479 1.37e+01 2.88e+01 8.71e+00 9.66e+00 4.40e+00 3.15e+00 4.49e+02 4.46e+02 10.56   132.29 1.31e+00
ExperienceHealthcareTime  133 479 1.22e+01 1.44e+01 9.47e+00 1.01e+01 4.39e+00 2.89e+00 2.64e+02 2.61e+02 11.71   190.89 6.60e-01
GenderTime                134 479 5.85e+00 6.01e+00 4.76e+00 4.94e+00 1.36e+00 2.19e+00 8.60e+01 8.38e+01  8.75    92.49 2.70e-01
EmploymentTime            135 479 1.32e+01 2.58e+01 9.40e+00 1.01e+01 4.92e+00 1.95e+00 4.97e+02 4.95e+02 14.99   264.13 1.18e+00
na_ratio                  136 479 0.00e+00 0.00e+00 0.00e+00 0.00e+00 0.00e+00 0.00e+00 0.00e+00 0.00e+00   NaN      NaN 0.00e+00
# Descriptive Statistics

Variable                           |                        Summary
-------------------------------------------------------------------
Mean id (SD)                       |             1629.008 (814.683)
Mean lastpage (SD)                 |                 37.000 (0.000)
Mean seed (SD)                     | 1046877561.033 (613017344.813)
Mean OWNEXPERIENCE (SD)            |                  1.000 (0.000)
Mean IMG.IMG1 (SD)                 |                  4.618 (1.752)
Mean IMG.IMG2 (SD)                 |                  4.787 (1.686)
Mean IMG.IMG3 (SD)                 |                  4.683 (1.808)
Mean PEOU.PEOU1 (SD)               |                  5.866 (1.107)
Mean PEOU.PEOU2 (SD)               |                  5.785 (1.152)
Mean PEOU.PEOU3 (SD)               |                  5.593 (1.284)
Mean PEOU.PEOU4 (SD)               |                  5.551 (1.263)
Mean PEOU.PEOU5 (SD)               |                  5.102 (1.392)
Mean PEOU.PEOU6 (SD)               |                  5.428 (1.283)
Mean VIS.VIS1 (SD)                 |                  5.276 (1.458)
Mean VIS.VIS2 (SD)                 |                  5.242 (1.535)
Mean VIS.VIS3 (SD)                 |                  5.420 (1.422)
Mean VOI.VOI1 (SD)                 |                  3.992 (2.021)
Mean VOI.VOI2 (SD)                 |                  3.752 (2.013)
Mean VOI.VOI3 (SD)                 |                  4.127 (1.862)
Mean VOI.VOI4 (SD)                 |                  5.704 (1.369)
Mean PUA.PUA1 (SD)                 |                  5.539 (1.336)
Mean PUA.PUA2 (SD)                 |                  5.505 (1.340)
Mean PUA.PUA3 (SD)                 |                  5.537 (1.347)
Mean PUA.PUA4 (SD)                 |                  5.733 (1.281)
Mean PUA.PUA5 (SD)                 |                  5.562 (1.311)
Mean PUA.PUA6 (SD)                 |                  4.806 (1.722)
Mean PUA.PUA7 (SD)                 |                  5.566 (1.306)
Mean PUA.PUA8 (SD)                 |                  5.656 (1.244)
Mean RES.RES1 (SD)                 |                  5.420 (1.360)
Mean RES.RES2 (SD)                 |                  5.453 (1.245)
Mean RES.RES3 (SD)                 |                  5.612 (1.194)
Mean RES.RES4 (SD)                 |                  4.123 (1.867)
Mean SQR.SQR1 (SD)                 |                  5.102 (1.535)
Mean SQR.SQR2 (SD)                 |                  4.877 (1.583)
Mean SQR.SQR3 (SD)                 |                  4.639 (1.696)
Mean SQR.SQR4 (SD)                 |                  5.138 (1.493)
Mean SR.SR1 (SD)                   |                  4.065 (1.860)
Mean SR.SR2 (SD)                   |                  3.933 (1.896)
Mean SR.SR3 (SD)                   |                  4.154 (1.858)
Mean SR.SR4 (SD)                   |                  4.161 (1.847)
Mean LS.LS1 (SD)                   |                  5.601 (1.230)
Mean LS.LS2 (SD)                   |                  5.259 (1.352)
Mean LS.LS3 (SD)                   |                  5.177 (1.375)
Mean LS.LS4 (SD)                   |                  5.326 (1.350)
Mean LS.LS5 (SD)                   |                  5.359 (1.354)
Mean LS.LS6 (SD)                   |                  5.374 (1.362)
Mean LS.LS7 (SD)                   |                  5.228 (1.295)
Mean LS.LS8 (SD)                   |                  5.307 (1.344)
Mean PPC.PPC1 (SD)                 |                  5.347 (1.296)
Mean PPC.PPC2 (SD)                 |                  5.196 (1.398)
Mean PPC.PPC3 (SD)                 |                  5.392 (1.269)
Mean PPC.PPC4 (SD)                 |                  5.426 (1.243)
Mean PPC.PPC5 (SD)                 |                  5.113 (1.429)
Mean PPC.PPC6 (SD)                 |                  5.280 (1.323)
Mean PS.PS1 (SD)                   |                  5.405 (1.328)
Mean PS.PS2 (SD)                   |                  5.457 (1.293)
Mean PS.PS3 (SD)                   |                  5.491 (1.308)
Mean PS.PS4 (SD)                   |                  5.574 (1.267)
Mean PS.PS5 (SD)                   |                  5.459 (1.312)
Mean PS.PS6 (SD)                   |                  5.457 (1.268)
Mean PS.PS7 (SD)                   |                  5.559 (1.198)
Mean PS.PS8 (SD)                   |                  5.559 (1.222)
Mean PS.PS9 (SD)                   |                  5.605 (1.263)
Mean PS.PS10 (SD)                  |                  5.447 (1.296)
Mean PS.PS11 (SD)                  |                  5.457 (1.326)
Mean PUI.PUI1 (SD)                 |                  5.497 (1.332)
Mean PUI.PUI2 (SD)                 |                  5.413 (1.352)
Mean PUI.PUI3 (SD)                 |                  5.509 (1.322)
Mean PUI.PUI4 (SD)                 |                  5.568 (1.327)
Mean PUI.PUI5 (SD)                 |                  5.474 (1.359)
Mean PUI.PUI6 (SD)                 |                  4.747 (1.704)
Mean PUI.PUI7 (SD)                 |                  5.438 (1.332)
Mean PUI.PUI8 (SD)                 |                  5.489 (1.375)
Mean TKR.TKR1 (SD)                 |                  4.766 (1.587)
Mean TKR.TKR2 (SD)                 |                  4.983 (1.499)
Mean TKR.TKR3 (SD)                 |                  4.908 (1.517)
Mean TKR.TKR4 (SD)                 |                  4.699 (1.611)
Mean WEI.WEI1 (SD)                 |                  5.367 (1.306)
Mean WEI.WEI2 (SD)                 |                  5.447 (1.328)
Mean WEI.WEI3 (SD)                 |                  5.248 (1.366)
Mean WEI.WEI4 (SD)                 |                  5.526 (1.260)
Mean WEI.WEI5 (SD)                 |                  5.188 (1.437)
Mean WEI.WEI6 (SD)                 |                  5.309 (1.329)
Mean WEI.WEI7 (SD)                 |                  5.154 (1.444)
Mean WEI.WEI8 (SD)                 |                  5.303 (1.333)
Mean PERCEPTION.PROJPOS (SD)       |                  3.749 (1.779)
Mean PERCEPTION.PROJNEG (SD)       |                  2.805 (1.767)
Mean PERCEPTION.DTPOS (SD)         |                  3.805 (1.701)
Mean PERCEPTION.DTNEG (SD)         |                  2.868 (1.726)
Mean WORKPACE.SQ01 (SD)            |                  5.233 (1.373)
Mean AUTONOMY (SD)                 |                  2.457 (0.584)
Mean WORKAMOUNT (SD)               |                  2.301 (0.703)
Mean PARALLEL (SD)                 |                  2.293 (0.708)
Mean WORKLOAD (SD)                 |                  2.223 (0.737)
Mean MEASURES (SD)                 |                  0.526 (0.500)
Mean MEASURES2 (SD)                |                  1.968 (0.627)
Mean Age (SD)                      |                32.197 (11.594)
Mean ExperienceHealthcare (SD)     |                  5.857 (6.088)
Mean interviewtime (SD)            |              890.722 (656.041)
Mean WELCTime (SD)                 |               38.274 (135.591)
Mean OWNEXPERIENCETime (SD)        |                17.260 (76.617)
Mean DESCTime (SD)                 |               60.125 (135.861)
Mean DESCINFOTime (SD)             |                10.466 (44.360)
Mean IMGTime (SD)                  |                27.268 (97.752)
Mean PEOUTime (SD)                 |                34.151 (65.287)
Mean VISTime (SD)                  |                22.157 (44.675)
Mean VOITime (SD)                  |                28.298 (85.800)
Mean PUATime (SD)                  |                31.990 (35.932)
Mean RESTime (SD)                  |                26.385 (48.753)
Mean SQRTime (SD)                  |                28.145 (57.828)
Mean SRTime (SD)                   |                27.377 (43.781)
Mean LSTime (SD)                   |                45.311 (82.884)
Mean PPCTime (SD)                  |                34.094 (57.591)
Mean PSTime (SD)                   |                50.430 (86.622)
Mean PUTime (SD)                   |                36.006 (44.007)
Mean TKRTime (SD)                  |                33.131 (76.995)
Mean WEITime (SD)                  |                39.093 (47.094)
Mean PERCEPTIONTime (SD)           |                35.149 (60.508)
Mean WORKPACETime (SD)             |                10.292 (14.791)
Mean AUTONOMYTime (SD)             |                12.545 (20.023)
Mean WORKAMOUNTTime (SD)           |                 9.417 (26.681)
Mean PARALLELTime (SD)             |                  8.232 (7.399)
Mean WORKLOADTime (SD)             |                 8.940 (28.612)
Mean MEASURESTime (SD)             |                10.779 (23.556)
Mean MEASURES2Time (SD)            |                 9.565 (11.236)
Mean DIGICHALSPECTime (SD)         |                44.842 (57.094)
Mean DIGIBENSPECTime (SD)          |                32.970 (41.942)
Mean DIGICHALGENTime (SD)          |                32.738 (59.999)
Mean DIGIBENGENTime (SD)           |                29.967 (52.735)
Mean ResidenceTime (SD)            |                  7.715 (8.803)
Mean AgeTime (SD)                  |                 7.265 (12.828)
Mean EducationTime (SD)            |                13.677 (28.753)
Mean ExperienceHealthcareTime (SD) |                12.173 (14.447)
Mean GenderTime (SD)               |                  5.848 (6.006)
Mean EmploymentTime (SD)           |                13.183 (25.786)
Mean na_ratio (SD)                 |                  0.000 (0.000)
# Correlation Matrix (pearson-method)

Parameter1               |               Parameter2 |     r |         95% CI |     t |  df |         p
------------------------------------------------------------------------------------------------------
IMG.IMG1                 |                 IMG.IMG2 |  0.73 | [ 0.68,  0.77] | 23.07 | 477 | < .001***
IMG.IMG1                 |                 IMG.IMG3 |  0.69 | [ 0.63,  0.73] | 20.54 | 477 | < .001***
IMG.IMG1                 |               PEOU.PEOU1 |  0.20 | [ 0.12,  0.29] |  4.56 | 477 | 0.037*   
IMG.IMG1                 |               PEOU.PEOU3 |  0.20 | [ 0.12,  0.29] |  4.56 | 477 | 0.038*   
IMG.IMG1                 |               PEOU.PEOU5 |  0.28 | [ 0.19,  0.36] |  6.31 | 477 | < .001***
IMG.IMG1                 |               PEOU.PEOU6 |  0.22 | [ 0.14,  0.31] |  4.99 | 477 | 0.005**  
IMG.IMG1                 |                 VIS.VIS1 |  0.31 | [ 0.23,  0.39] |  7.08 | 477 | < .001***
IMG.IMG1                 |                 VIS.VIS2 |  0.26 | [ 0.17,  0.34] |  5.79 | 477 | < .001***
IMG.IMG1                 |                 VIS.VIS3 |  0.24 | [ 0.16,  0.32] |  5.44 | 477 | < .001***
IMG.IMG1                 |                 VOI.VOI1 |  0.44 | [ 0.36,  0.51] | 10.57 | 477 | < .001***
IMG.IMG1                 |                 VOI.VOI2 |  0.49 | [ 0.41,  0.55] | 12.13 | 477 | < .001***
IMG.IMG1                 |                 VOI.VOI3 |  0.42 | [ 0.34,  0.49] | 10.13 | 477 | < .001***
IMG.IMG1                 |                 PUA.PUA1 |  0.28 | [ 0.20,  0.36] |  6.42 | 477 | < .001***
IMG.IMG1                 |                 PUA.PUA2 |  0.21 | [ 0.12,  0.29] |  4.65 | 477 | 0.025*   
IMG.IMG1                 |                 PUA.PUA3 |  0.24 | [ 0.15,  0.32] |  5.35 | 477 | < .001***
IMG.IMG1                 |                 PUA.PUA6 |  0.51 | [ 0.44,  0.57] | 12.95 | 477 | < .001***
IMG.IMG1                 |                 PUA.PUA7 |  0.28 | [ 0.19,  0.36] |  6.26 | 477 | < .001***
IMG.IMG1                 |                 PUA.PUA8 |  0.21 | [ 0.12,  0.29] |  4.65 | 477 | 0.025*   
IMG.IMG1                 |                 RES.RES2 |  0.20 | [ 0.12,  0.29] |  4.53 | 477 | 0.042*   
IMG.IMG1                 |                 RES.RES4 |  0.33 | [ 0.25,  0.41] |  7.76 | 477 | < .001***
IMG.IMG1                 |                 SQR.SQR1 |  0.31 | [ 0.23,  0.39] |  7.11 | 477 | < .001***
IMG.IMG1                 |                 SQR.SQR2 |  0.38 | [ 0.30,  0.45] |  8.99 | 477 | < .001***
IMG.IMG1                 |                 SQR.SQR3 |  0.44 | [ 0.36,  0.51] | 10.70 | 477 | < .001***
IMG.IMG1                 |                   SR.SR1 |  0.41 | [ 0.33,  0.48] |  9.77 | 477 | < .001***
IMG.IMG1                 |                   SR.SR2 |  0.39 | [ 0.31,  0.46] |  9.19 | 477 | < .001***
IMG.IMG1                 |                   SR.SR3 |  0.36 | [ 0.28,  0.44] |  8.52 | 477 | < .001***
IMG.IMG1                 |                   SR.SR4 |  0.40 | [ 0.32,  0.47] |  9.44 | 477 | < .001***
IMG.IMG1                 |                   LS.LS1 |  0.26 | [ 0.18,  0.35] |  5.98 | 477 | < .001***
IMG.IMG1                 |                   LS.LS2 |  0.25 | [ 0.17,  0.34] |  5.75 | 477 | < .001***
IMG.IMG1                 |                   LS.LS3 |  0.36 | [ 0.28,  0.43] |  8.40 | 477 | < .001***
IMG.IMG1                 |                   LS.LS4 |  0.34 | [ 0.26,  0.41] |  7.83 | 477 | < .001***
IMG.IMG1                 |                   LS.LS5 |  0.28 | [ 0.19,  0.36] |  6.35 | 477 | < .001***
IMG.IMG1                 |                   LS.LS6 |  0.34 | [ 0.26,  0.42] |  7.84 | 477 | < .001***
IMG.IMG1                 |                   LS.LS7 |  0.41 | [ 0.33,  0.48] |  9.87 | 477 | < .001***
IMG.IMG1                 |                   LS.LS8 |  0.33 | [ 0.25,  0.41] |  7.58 | 477 | < .001***
IMG.IMG1                 |                 PPC.PPC1 |  0.25 | [ 0.16,  0.33] |  5.55 | 477 | < .001***
IMG.IMG1                 |                 PPC.PPC2 |  0.26 | [ 0.18,  0.35] |  5.98 | 477 | < .001***
IMG.IMG1                 |                 PPC.PPC3 |  0.28 | [ 0.20,  0.36] |  6.44 | 477 | < .001***
IMG.IMG1                 |                 PPC.PPC4 |  0.29 | [ 0.20,  0.37] |  6.50 | 477 | < .001***
IMG.IMG1                 |                 PPC.PPC5 |  0.42 | [ 0.34,  0.49] |  9.96 | 477 | < .001***
IMG.IMG1                 |                 PPC.PPC6 |  0.32 | [ 0.24,  0.40] |  7.32 | 477 | < .001***
IMG.IMG1                 |                   PS.PS1 |  0.27 | [ 0.19,  0.35] |  6.16 | 477 | < .001***
IMG.IMG1                 |                   PS.PS2 |  0.26 | [ 0.18,  0.34] |  5.95 | 477 | < .001***
IMG.IMG1                 |                   PS.PS3 |  0.23 | [ 0.14,  0.31] |  5.14 | 477 | 0.002**  
IMG.IMG1                 |                   PS.PS5 |  0.25 | [ 0.17,  0.33] |  5.69 | 477 | < .001***
IMG.IMG1                 |                   PS.PS6 |  0.22 | [ 0.14,  0.31] |  4.99 | 477 | 0.005**  
IMG.IMG1                 |                   PS.PS7 |  0.22 | [ 0.14,  0.31] |  5.04 | 477 | 0.004**  
IMG.IMG1                 |                  PS.PS10 |  0.30 | [ 0.21,  0.38] |  6.76 | 477 | < .001***
IMG.IMG1                 |                  PS.PS11 |  0.27 | [ 0.19,  0.36] |  6.23 | 477 | < .001***
IMG.IMG1                 |                 PUI.PUI1 |  0.29 | [ 0.21,  0.37] |  6.63 | 477 | < .001***
IMG.IMG1                 |                 PUI.PUI2 |  0.28 | [ 0.20,  0.36] |  6.38 | 477 | < .001***
IMG.IMG1                 |                 PUI.PUI3 |  0.25 | [ 0.17,  0.34] |  5.71 | 477 | < .001***
IMG.IMG1                 |                 PUI.PUI4 |  0.22 | [ 0.13,  0.30] |  4.85 | 477 | 0.010**  
IMG.IMG1                 |                 PUI.PUI5 |  0.25 | [ 0.16,  0.33] |  5.60 | 477 | < .001***
IMG.IMG1                 |                 PUI.PUI6 |  0.49 | [ 0.42,  0.56] | 12.33 | 477 | < .001***
IMG.IMG1                 |                 PUI.PUI7 |  0.27 | [ 0.18,  0.35] |  6.06 | 477 | < .001***
IMG.IMG1                 |                 TKR.TKR1 |  0.40 | [ 0.33,  0.48] |  9.67 | 477 | < .001***
IMG.IMG1                 |                 TKR.TKR2 |  0.42 | [ 0.34,  0.49] |  9.99 | 477 | < .001***
IMG.IMG1                 |                 TKR.TKR3 |  0.39 | [ 0.31,  0.46] |  9.22 | 477 | < .001***
IMG.IMG1                 |                 TKR.TKR4 |  0.43 | [ 0.36,  0.50] | 10.49 | 477 | < .001***
IMG.IMG1                 |                 WEI.WEI1 |  0.26 | [ 0.18,  0.34] |  5.94 | 477 | < .001***
IMG.IMG1                 |                 WEI.WEI2 |  0.23 | [ 0.14,  0.31] |  5.12 | 477 | 0.003**  
IMG.IMG1                 |                 WEI.WEI3 |  0.33 | [ 0.25,  0.41] |  7.64 | 477 | < .001***
IMG.IMG1                 |                 WEI.WEI4 |  0.28 | [ 0.20,  0.36] |  6.43 | 477 | < .001***
IMG.IMG1                 |                 WEI.WEI5 |  0.44 | [ 0.37,  0.51] | 10.80 | 477 | < .001***
IMG.IMG1                 |                 WEI.WEI6 |  0.29 | [ 0.21,  0.37] |  6.64 | 477 | < .001***
IMG.IMG1                 |                 WEI.WEI7 |  0.45 | [ 0.37,  0.52] | 10.91 | 477 | < .001***
IMG.IMG1                 |                 WEI.WEI8 |  0.34 | [ 0.26,  0.42] |  7.94 | 477 | < .001***
IMG.IMG1                 |            WORKPACE.SQ01 |  0.28 | [ 0.19,  0.36] |  6.35 | 475 | < .001***
IMG.IMG1                 |                 MEASURES |  0.31 | [ 0.23,  0.39] |  7.09 | 477 | < .001***
IMG.IMG1                 |                MEASURES2 |  0.29 | [ 0.17,  0.40] |  4.75 | 248 | 0.020*   
IMG.IMG2                 |                 IMG.IMG3 |  0.69 | [ 0.64,  0.74] | 20.89 | 477 | < .001***
IMG.IMG2                 |               PEOU.PEOU1 |  0.31 | [ 0.23,  0.39] |  7.09 | 477 | < .001***
IMG.IMG2                 |               PEOU.PEOU3 |  0.28 | [ 0.20,  0.36] |  6.37 | 477 | < .001***
IMG.IMG2                 |               PEOU.PEOU5 |  0.24 | [ 0.15,  0.32] |  5.38 | 477 | < .001***
IMG.IMG2                 |               PEOU.PEOU6 |  0.25 | [ 0.16,  0.33] |  5.57 | 477 | < .001***
IMG.IMG2                 |                 VIS.VIS1 |  0.32 | [ 0.24,  0.40] |  7.34 | 477 | < .001***
IMG.IMG2                 |                 VIS.VIS2 |  0.26 | [ 0.17,  0.34] |  5.81 | 477 | < .001***
IMG.IMG2                 |                 VIS.VIS3 |  0.25 | [ 0.17,  0.34] |  5.75 | 477 | < .001***
IMG.IMG2                 |                 VOI.VOI1 |  0.36 | [ 0.28,  0.44] |  8.51 | 477 | < .001***
IMG.IMG2                 |                 VOI.VOI2 |  0.42 | [ 0.34,  0.49] | 10.04 | 477 | < .001***
IMG.IMG2                 |                 VOI.VOI3 |  0.36 | [ 0.28,  0.43] |  8.37 | 477 | < .001***
IMG.IMG2                 |                 PUA.PUA1 |  0.33 | [ 0.24,  0.40] |  7.53 | 477 | < .001***
IMG.IMG2                 |                 PUA.PUA2 |  0.25 | [ 0.16,  0.33] |  5.57 | 477 | < .001***
IMG.IMG2                 |                 PUA.PUA3 |  0.28 | [ 0.19,  0.36] |  6.25 | 477 | < .001***
IMG.IMG2                 |                 PUA.PUA4 |  0.21 | [ 0.12,  0.29] |  4.60 | 477 | 0.031*   
IMG.IMG2                 |                 PUA.PUA5 |  0.25 | [ 0.17,  0.33] |  5.69 | 477 | < .001***
IMG.IMG2                 |                 PUA.PUA6 |  0.52 | [ 0.46,  0.59] | 13.42 | 477 | < .001***
IMG.IMG2                 |                 PUA.PUA7 |  0.29 | [ 0.21,  0.37] |  6.61 | 477 | < .001***
IMG.IMG2                 |                 PUA.PUA8 |  0.21 | [ 0.13,  0.30] |  4.77 | 477 | 0.014*   
IMG.IMG2                 |                 RES.RES2 |  0.23 | [ 0.15,  0.32] |  5.24 | 477 | 0.001**  
IMG.IMG2                 |                 RES.RES4 |  0.31 | [ 0.22,  0.38] |  7.01 | 477 | < .001***
IMG.IMG2                 |                 SQR.SQR1 |  0.30 | [ 0.22,  0.38] |  6.96 | 477 | < .001***
IMG.IMG2                 |                 SQR.SQR2 |  0.34 | [ 0.26,  0.42] |  8.02 | 477 | < .001***
IMG.IMG2                 |                 SQR.SQR3 |  0.41 | [ 0.33,  0.48] |  9.75 | 477 | < .001***
IMG.IMG2                 |                   SR.SR1 |  0.41 | [ 0.33,  0.48] |  9.69 | 477 | < .001***
IMG.IMG2                 |                   SR.SR2 |  0.38 | [ 0.30,  0.45] |  8.86 | 477 | < .001***
IMG.IMG2                 |                   SR.SR3 |  0.37 | [ 0.28,  0.44] |  8.57 | 477 | < .001***
IMG.IMG2                 |                   SR.SR4 |  0.35 | [ 0.27,  0.43] |  8.13 | 477 | < .001***
IMG.IMG2                 |                   LS.LS1 |  0.27 | [ 0.19,  0.35] |  6.17 | 477 | < .001***
IMG.IMG2                 |                   LS.LS2 |  0.32 | [ 0.24,  0.40] |  7.35 | 477 | < .001***
IMG.IMG2                 |                   LS.LS3 |  0.33 | [ 0.24,  0.40] |  7.55 | 477 | < .001***
IMG.IMG2                 |                   LS.LS4 |  0.34 | [ 0.26,  0.41] |  7.83 | 477 | < .001***
IMG.IMG2                 |                   LS.LS5 |  0.33 | [ 0.24,  0.40] |  7.51 | 477 | < .001***
IMG.IMG2                 |                   LS.LS6 |  0.38 | [ 0.30,  0.45] |  8.85 | 477 | < .001***
IMG.IMG2                 |                   LS.LS7 |  0.37 | [ 0.29,  0.45] |  8.72 | 477 | < .001***
IMG.IMG2                 |                   LS.LS8 |  0.34 | [ 0.26,  0.42] |  7.97 | 477 | < .001***
IMG.IMG2                 |                 PPC.PPC1 |  0.33 | [ 0.25,  0.41] |  7.66 | 477 | < .001***
IMG.IMG2                 |                 PPC.PPC2 |  0.27 | [ 0.19,  0.35] |  6.21 | 477 | < .001***
IMG.IMG2                 |                 PPC.PPC3 |  0.33 | [ 0.25,  0.41] |  7.72 | 477 | < .001***
IMG.IMG2                 |                 PPC.PPC4 |  0.33 | [ 0.24,  0.40] |  7.53 | 477 | < .001***
IMG.IMG2                 |                 PPC.PPC5 |  0.39 | [ 0.31,  0.46] |  9.14 | 477 | < .001***
IMG.IMG2                 |                 PPC.PPC6 |  0.38 | [ 0.30,  0.46] |  9.04 | 477 | < .001***
IMG.IMG2                 |                   PS.PS1 |  0.25 | [ 0.16,  0.33] |  5.63 | 477 | < .001***
IMG.IMG2                 |                   PS.PS2 |  0.28 | [ 0.20,  0.36] |  6.42 | 477 | < .001***
IMG.IMG2                 |                   PS.PS3 |  0.27 | [ 0.18,  0.35] |  6.11 | 477 | < .001***
IMG.IMG2                 |                   PS.PS4 |  0.23 | [ 0.14,  0.31] |  5.11 | 477 | 0.003**  
IMG.IMG2                 |                   PS.PS5 |  0.25 | [ 0.17,  0.34] |  5.74 | 477 | < .001***
IMG.IMG2                 |                   PS.PS6 |  0.29 | [ 0.20,  0.37] |  6.53 | 477 | < .001***
IMG.IMG2                 |                   PS.PS7 |  0.23 | [ 0.14,  0.31] |  5.09 | 477 | 0.003**  
IMG.IMG2                 |                   PS.PS9 |  0.22 | [ 0.13,  0.31] |  4.97 | 477 | 0.006**  
IMG.IMG2                 |                  PS.PS10 |  0.32 | [ 0.24,  0.40] |  7.34 | 477 | < .001***
IMG.IMG2                 |                  PS.PS11 |  0.30 | [ 0.22,  0.38] |  6.92 | 477 | < .001***
IMG.IMG2                 |                 PUI.PUI1 |  0.33 | [ 0.25,  0.41] |  7.70 | 477 | < .001***
IMG.IMG2                 |                 PUI.PUI2 |  0.32 | [ 0.24,  0.40] |  7.36 | 477 | < .001***
IMG.IMG2                 |                 PUI.PUI3 |  0.26 | [ 0.18,  0.35] |  5.97 | 477 | < .001***
IMG.IMG2                 |                 PUI.PUI4 |  0.24 | [ 0.15,  0.32] |  5.41 | 477 | < .001***
IMG.IMG2                 |                 PUI.PUI5 |  0.29 | [ 0.20,  0.37] |  6.54 | 477 | < .001***
IMG.IMG2                 |                 PUI.PUI6 |  0.50 | [ 0.43,  0.57] | 12.75 | 477 | < .001***
IMG.IMG2                 |                 PUI.PUI7 |  0.29 | [ 0.21,  0.37] |  6.61 | 477 | < .001***
IMG.IMG2                 |                 PUI.PUI8 |  0.21 | [ 0.12,  0.30] |  4.72 | 477 | 0.018*   
IMG.IMG2                 |                 TKR.TKR1 |  0.42 | [ 0.35,  0.50] | 10.25 | 477 | < .001***
IMG.IMG2                 |                 TKR.TKR2 |  0.36 | [ 0.27,  0.43] |  8.31 | 477 | < .001***
IMG.IMG2                 |                 TKR.TKR3 |  0.34 | [ 0.26,  0.42] |  7.90 | 477 | < .001***
IMG.IMG2                 |                 TKR.TKR4 |  0.40 | [ 0.32,  0.47] |  9.42 | 477 | < .001***
IMG.IMG2                 |                 WEI.WEI1 |  0.31 | [ 0.22,  0.39] |  7.05 | 477 | < .001***
IMG.IMG2                 |                 WEI.WEI2 |  0.23 | [ 0.15,  0.32] |  5.26 | 477 | 0.001**  
IMG.IMG2                 |                 WEI.WEI3 |  0.37 | [ 0.29,  0.45] |  8.75 | 477 | < .001***
IMG.IMG2                 |                 WEI.WEI4 |  0.31 | [ 0.22,  0.39] |  7.07 | 477 | < .001***
IMG.IMG2                 |                 WEI.WEI5 |  0.42 | [ 0.34,  0.49] | 10.10 | 477 | < .001***
IMG.IMG2                 |                 WEI.WEI6 |  0.28 | [ 0.19,  0.36] |  6.36 | 477 | < .001***
IMG.IMG2                 |                 WEI.WEI7 |  0.44 | [ 0.36,  0.51] | 10.70 | 477 | < .001***
IMG.IMG2                 |                 WEI.WEI8 |  0.34 | [ 0.26,  0.41] |  7.84 | 477 | < .001***
IMG.IMG2                 |            WORKPACE.SQ01 |  0.26 | [ 0.17,  0.34] |  5.88 | 475 | < .001***
IMG.IMG2                 |                 MEASURES |  0.27 | [ 0.19,  0.35] |  6.18 | 477 | < .001***
IMG.IMG3                 |               PEOU.PEOU1 |  0.27 | [ 0.19,  0.35] |  6.16 | 477 | < .001***
IMG.IMG3                 |               PEOU.PEOU3 |  0.26 | [ 0.18,  0.34] |  5.90 | 477 | < .001***
IMG.IMG3                 |               PEOU.PEOU4 |  0.25 | [ 0.17,  0.34] |  5.73 | 477 | < .001***
IMG.IMG3                 |               PEOU.PEOU5 |  0.25 | [ 0.17,  0.34] |  5.74 | 477 | < .001***
IMG.IMG3                 |               PEOU.PEOU6 |  0.27 | [ 0.19,  0.35] |  6.18 | 477 | < .001***
IMG.IMG3                 |                 VIS.VIS1 |  0.31 | [ 0.22,  0.39] |  7.05 | 477 | < .001***
IMG.IMG3                 |                 VIS.VIS2 |  0.30 | [ 0.22,  0.38] |  6.89 | 477 | < .001***
IMG.IMG3                 |                 VIS.VIS3 |  0.26 | [ 0.17,  0.34] |  5.77 | 477 | < .001***
IMG.IMG3                 |                 VOI.VOI1 |  0.42 | [ 0.34,  0.49] | 10.05 | 477 | < .001***
IMG.IMG3                 |                 VOI.VOI2 |  0.45 | [ 0.38,  0.52] | 11.03 | 477 | < .001***
IMG.IMG3                 |                 VOI.VOI3 |  0.37 | [ 0.29,  0.45] |  8.82 | 477 | < .001***
IMG.IMG3                 |                 PUA.PUA1 |  0.28 | [ 0.19,  0.36] |  6.34 | 477 | < .001***
IMG.IMG3                 |                 PUA.PUA2 |  0.27 | [ 0.19,  0.36] |  6.24 | 477 | < .001***
IMG.IMG3                 |                 PUA.PUA3 |  0.25 | [ 0.16,  0.33] |  5.65 | 477 | < .001***
IMG.IMG3                 |                 PUA.PUA5 |  0.29 | [ 0.21,  0.37] |  6.66 | 477 | < .001***
IMG.IMG3                 |                 PUA.PUA6 |  0.56 | [ 0.49,  0.61] | 14.59 | 477 | < .001***
IMG.IMG3                 |                 PUA.PUA7 |  0.32 | [ 0.24,  0.40] |  7.33 | 477 | < .001***
IMG.IMG3                 |                 PUA.PUA8 |  0.20 | [ 0.12,  0.29] |  4.56 | 477 | 0.038*   
IMG.IMG3                 |                 RES.RES2 |  0.28 | [ 0.20,  0.36] |  6.39 | 477 | < .001***
IMG.IMG3                 |                 RES.RES4 |  0.34 | [ 0.26,  0.42] |  8.00 | 477 | < .001***
IMG.IMG3                 |                 SQR.SQR1 |  0.35 | [ 0.27,  0.43] |  8.21 | 477 | < .001***
IMG.IMG3                 |                 SQR.SQR2 |  0.40 | [ 0.32,  0.47] |  9.47 | 477 | < .001***
IMG.IMG3                 |                 SQR.SQR3 |  0.49 | [ 0.42,  0.56] | 12.42 | 477 | < .001***
IMG.IMG3                 |                   SR.SR1 |  0.41 | [ 0.33,  0.48] |  9.77 | 477 | < .001***
IMG.IMG3                 |                   SR.SR2 |  0.39 | [ 0.31,  0.46] |  9.17 | 477 | < .001***
IMG.IMG3                 |                   SR.SR3 |  0.40 | [ 0.32,  0.47] |  9.48 | 477 | < .001***
IMG.IMG3                 |                   SR.SR4 |  0.36 | [ 0.28,  0.44] |  8.53 | 477 | < .001***
IMG.IMG3                 |                   LS.LS1 |  0.25 | [ 0.17,  0.34] |  5.72 | 477 | < .001***
IMG.IMG3                 |                   LS.LS2 |  0.27 | [ 0.18,  0.35] |  6.10 | 477 | < .001***
IMG.IMG3                 |                   LS.LS3 |  0.33 | [ 0.25,  0.41] |  7.74 | 477 | < .001***
IMG.IMG3                 |                   LS.LS4 |  0.31 | [ 0.23,  0.39] |  7.14 | 477 | < .001***
IMG.IMG3                 |                   LS.LS5 |  0.33 | [ 0.25,  0.41] |  7.58 | 477 | < .001***
IMG.IMG3                 |                   LS.LS6 |  0.36 | [ 0.28,  0.44] |  8.43 | 477 | < .001***
IMG.IMG3                 |                   LS.LS7 |  0.40 | [ 0.32,  0.47] |  9.55 | 477 | < .001***
IMG.IMG3                 |                   LS.LS8 |  0.31 | [ 0.23,  0.39] |  7.09 | 477 | < .001***
IMG.IMG3                 |                 PPC.PPC1 |  0.26 | [ 0.18,  0.35] |  5.98 | 477 | < .001***
IMG.IMG3                 |                 PPC.PPC2 |  0.29 | [ 0.21,  0.37] |  6.65 | 477 | < .001***
IMG.IMG3                 |                 PPC.PPC3 |  0.29 | [ 0.20,  0.37] |  6.59 | 477 | < .001***
IMG.IMG3                 |                 PPC.PPC4 |  0.31 | [ 0.22,  0.39] |  7.07 | 477 | < .001***
IMG.IMG3                 |                 PPC.PPC5 |  0.42 | [ 0.35,  0.49] | 10.22 | 477 | < .001***
IMG.IMG3                 |                 PPC.PPC6 |  0.36 | [ 0.28,  0.44] |  8.48 | 477 | < .001***
IMG.IMG3                 |                   PS.PS1 |  0.24 | [ 0.16,  0.33] |  5.46 | 477 | < .001***
IMG.IMG3                 |                   PS.PS2 |  0.28 | [ 0.20,  0.36] |  6.45 | 477 | < .001***
IMG.IMG3                 |                   PS.PS3 |  0.24 | [ 0.15,  0.32] |  5.34 | 477 | < .001***
IMG.IMG3                 |                   PS.PS4 |  0.21 | [ 0.13,  0.30] |  4.76 | 477 | 0.015*   
IMG.IMG3                 |                   PS.PS5 |  0.26 | [ 0.17,  0.34] |  5.82 | 477 | < .001***
IMG.IMG3                 |                   PS.PS6 |  0.27 | [ 0.18,  0.35] |  6.05 | 477 | < .001***
IMG.IMG3                 |                   PS.PS7 |  0.25 | [ 0.16,  0.33] |  5.65 | 477 | < .001***
IMG.IMG3                 |                   PS.PS9 |  0.23 | [ 0.15,  0.31] |  5.21 | 477 | 0.002**  
IMG.IMG3                 |                  PS.PS10 |  0.31 | [ 0.23,  0.39] |  7.23 | 477 | < .001***
IMG.IMG3                 |                  PS.PS11 |  0.25 | [ 0.17,  0.34] |  5.74 | 477 | < .001***
IMG.IMG3                 |                 PUI.PUI1 |  0.32 | [ 0.24,  0.40] |  7.43 | 477 | < .001***
IMG.IMG3                 |                 PUI.PUI2 |  0.29 | [ 0.20,  0.37] |  6.60 | 477 | < .001***
IMG.IMG3                 |                 PUI.PUI3 |  0.27 | [ 0.18,  0.35] |  6.12 | 477 | < .001***
IMG.IMG3                 |                 PUI.PUI4 |  0.22 | [ 0.13,  0.30] |  4.89 | 477 | 0.008**  
IMG.IMG3                 |                 PUI.PUI5 |  0.26 | [ 0.18,  0.34] |  5.94 | 477 | < .001***
IMG.IMG3                 |                 PUI.PUI6 |  0.53 | [ 0.46,  0.59] | 13.53 | 477 | < .001***
IMG.IMG3                 |                 PUI.PUI7 |  0.29 | [ 0.20,  0.37] |  6.55 | 477 | < .001***
IMG.IMG3                 |                 TKR.TKR1 |  0.43 | [ 0.36,  0.50] | 10.49 | 477 | < .001***
IMG.IMG3                 |                 TKR.TKR2 |  0.39 | [ 0.31,  0.46] |  9.26 | 477 | < .001***
IMG.IMG3                 |                 TKR.TKR3 |  0.36 | [ 0.28,  0.44] |  8.56 | 477 | < .001***
IMG.IMG3                 |                 TKR.TKR4 |  0.47 | [ 0.40,  0.54] | 11.63 | 477 | < .001***
IMG.IMG3                 |                 WEI.WEI1 |  0.30 | [ 0.22,  0.38] |  6.90 | 477 | < .001***
IMG.IMG3                 |                 WEI.WEI2 |  0.27 | [ 0.19,  0.35] |  6.19 | 477 | < .001***
IMG.IMG3                 |                 WEI.WEI3 |  0.36 | [ 0.28,  0.43] |  8.40 | 477 | < .001***
IMG.IMG3                 |                 WEI.WEI4 |  0.33 | [ 0.25,  0.41] |  7.62 | 477 | < .001***
IMG.IMG3                 |                 WEI.WEI5 |  0.41 | [ 0.33,  0.48] |  9.78 | 477 | < .001***
IMG.IMG3                 |                 WEI.WEI6 |  0.31 | [ 0.22,  0.39] |  7.03 | 477 | < .001***
IMG.IMG3                 |                 WEI.WEI7 |  0.43 | [ 0.35,  0.50] | 10.40 | 477 | < .001***
IMG.IMG3                 |                 WEI.WEI8 |  0.38 | [ 0.30,  0.45] |  8.91 | 477 | < .001***
IMG.IMG3                 |            WORKPACE.SQ01 |  0.28 | [ 0.20,  0.36] |  6.37 | 475 | < .001***
IMG.IMG3                 |                 MEASURES |  0.23 | [ 0.15,  0.32] |  5.25 | 477 | 0.001**  
IMG.IMG3                 |                MEASURES2 |  0.30 | [ 0.18,  0.40] |  4.87 | 248 | 0.012*   
IMG.IMG3                 |                  WEITime | -0.23 | [-0.31, -0.14] | -5.05 | 477 | 0.004**  
PEOU.PEOU1               |               PEOU.PEOU2 |  0.57 | [ 0.51,  0.63] | 15.33 | 477 | < .001***
PEOU.PEOU1               |               PEOU.PEOU3 |  0.59 | [ 0.53,  0.64] | 15.92 | 477 | < .001***
PEOU.PEOU1               |               PEOU.PEOU4 |  0.53 | [ 0.46,  0.59] | 13.55 | 477 | < .001***
PEOU.PEOU1               |               PEOU.PEOU5 |  0.43 | [ 0.35,  0.50] | 10.36 | 477 | < .001***
PEOU.PEOU1               |               PEOU.PEOU6 |  0.53 | [ 0.46,  0.59] | 13.52 | 477 | < .001***
PEOU.PEOU1               |                 VIS.VIS1 |  0.35 | [ 0.27,  0.43] |  8.15 | 477 | < .001***
PEOU.PEOU1               |                 VIS.VIS2 |  0.30 | [ 0.22,  0.38] |  6.99 | 477 | < .001***
PEOU.PEOU1               |                 VIS.VIS3 |  0.37 | [ 0.29,  0.44] |  8.64 | 477 | < .001***
PEOU.PEOU1               |                 VOI.VOI4 |  0.34 | [ 0.25,  0.41] |  7.78 | 477 | < .001***
PEOU.PEOU1               |                 PUA.PUA1 |  0.48 | [ 0.40,  0.54] | 11.83 | 477 | < .001***
PEOU.PEOU1               |                 PUA.PUA2 |  0.42 | [ 0.34,  0.49] | 10.14 | 477 | < .001***
PEOU.PEOU1               |                 PUA.PUA3 |  0.52 | [ 0.45,  0.58] | 13.19 | 477 | < .001***
PEOU.PEOU1               |                 PUA.PUA4 |  0.53 | [ 0.46,  0.59] | 13.59 | 477 | < .001***
PEOU.PEOU1               |                 PUA.PUA5 |  0.51 | [ 0.44,  0.57] | 12.86 | 477 | < .001***
PEOU.PEOU1               |                 PUA.PUA6 |  0.34 | [ 0.26,  0.41] |  7.84 | 477 | < .001***
PEOU.PEOU1               |                 PUA.PUA7 |  0.43 | [ 0.36,  0.50] | 10.53 | 477 | < .001***
PEOU.PEOU1               |                 PUA.PUA8 |  0.55 | [ 0.48,  0.61] | 14.21 | 477 | < .001***
PEOU.PEOU1               |                 RES.RES1 |  0.38 | [ 0.30,  0.45] |  8.91 | 477 | < .001***
PEOU.PEOU1               |                 RES.RES2 |  0.44 | [ 0.36,  0.51] | 10.67 | 477 | < .001***
PEOU.PEOU1               |                 RES.RES3 |  0.51 | [ 0.44,  0.58] | 13.05 | 477 | < .001***
PEOU.PEOU1               |                 SQR.SQR1 |  0.26 | [ 0.17,  0.34] |  5.80 | 477 | < .001***
PEOU.PEOU1               |                 SQR.SQR2 |  0.23 | [ 0.15,  0.32] |  5.26 | 477 | 0.001**  
PEOU.PEOU1               |                   LS.LS1 |  0.47 | [ 0.40,  0.54] | 11.57 | 477 | < .001***
PEOU.PEOU1               |                   LS.LS2 |  0.40 | [ 0.32,  0.47] |  9.51 | 477 | < .001***
PEOU.PEOU1               |                   LS.LS3 |  0.31 | [ 0.23,  0.39] |  7.19 | 477 | < .001***
PEOU.PEOU1               |                   LS.LS4 |  0.44 | [ 0.37,  0.51] | 10.77 | 477 | < .001***
PEOU.PEOU1               |                   LS.LS5 |  0.44 | [ 0.37,  0.51] | 10.82 | 477 | < .001***
PEOU.PEOU1               |                   LS.LS6 |  0.45 | [ 0.37,  0.52] | 10.95 | 477 | < .001***
PEOU.PEOU1               |                   LS.LS7 |  0.37 | [ 0.29,  0.44] |  8.62 | 477 | < .001***
PEOU.PEOU1               |                   LS.LS8 |  0.41 | [ 0.33,  0.48] |  9.70 | 477 | < .001***
PEOU.PEOU1               |                 PPC.PPC1 |  0.46 | [ 0.38,  0.53] | 11.22 | 477 | < .001***
PEOU.PEOU1               |                 PPC.PPC2 |  0.43 | [ 0.35,  0.50] | 10.39 | 477 | < .001***
PEOU.PEOU1               |                 PPC.PPC3 |  0.40 | [ 0.32,  0.47] |  9.47 | 477 | < .001***
PEOU.PEOU1               |                 PPC.PPC4 |  0.44 | [ 0.36,  0.51] | 10.69 | 477 | < .001***
PEOU.PEOU1               |                 PPC.PPC5 |  0.38 | [ 0.30,  0.45] |  8.97 | 477 | < .001***
PEOU.PEOU1               |                 PPC.PPC6 |  0.44 | [ 0.36,  0.51] | 10.66 | 477 | < .001***
PEOU.PEOU1               |                   PS.PS1 |  0.51 | [ 0.44,  0.58] | 13.02 | 477 | < .001***
PEOU.PEOU1               |                   PS.PS2 |  0.51 | [ 0.44,  0.58] | 13.07 | 477 | < .001***
PEOU.PEOU1               |                   PS.PS3 |  0.53 | [ 0.47,  0.59] | 13.74 | 477 | < .001***
PEOU.PEOU1               |                   PS.PS4 |  0.47 | [ 0.40,  0.54] | 11.71 | 477 | < .001***
PEOU.PEOU1               |                   PS.PS5 |  0.45 | [ 0.38,  0.52] | 11.14 | 477 | < .001***
PEOU.PEOU1               |                   PS.PS6 |  0.50 | [ 0.43,  0.57] | 12.70 | 477 | < .001***
PEOU.PEOU1               |                   PS.PS7 |  0.45 | [ 0.38,  0.52] | 11.08 | 477 | < .001***
PEOU.PEOU1               |                   PS.PS8 |  0.48 | [ 0.41,  0.54] | 11.87 | 477 | < .001***
PEOU.PEOU1               |                   PS.PS9 |  0.51 | [ 0.44,  0.57] | 12.95 | 477 | < .001***
PEOU.PEOU1               |                  PS.PS10 |  0.46 | [ 0.39,  0.53] | 11.33 | 477 | < .001***
PEOU.PEOU1               |                  PS.PS11 |  0.56 | [ 0.49,  0.62] | 14.73 | 477 | < .001***
PEOU.PEOU1               |                 PUI.PUI1 |  0.50 | [ 0.43,  0.56] | 12.49 | 477 | < .001***
PEOU.PEOU1               |                 PUI.PUI2 |  0.51 | [ 0.44,  0.57] | 12.93 | 477 | < .001***
PEOU.PEOU1               |                 PUI.PUI3 |  0.49 | [ 0.42,  0.56] | 12.41 | 477 | < .001***
PEOU.PEOU1               |                 PUI.PUI4 |  0.50 | [ 0.43,  0.57] | 12.77 | 477 | < .001***
PEOU.PEOU1               |                 PUI.PUI5 |  0.52 | [ 0.45,  0.58] | 13.17 | 477 | < .001***
PEOU.PEOU1               |                 PUI.PUI6 |  0.31 | [ 0.23,  0.39] |  7.22 | 477 | < .001***
PEOU.PEOU1               |                 PUI.PUI7 |  0.52 | [ 0.46,  0.59] | 13.43 | 477 | < .001***
PEOU.PEOU1               |                 PUI.PUI8 |  0.51 | [ 0.44,  0.57] | 12.87 | 477 | < .001***
PEOU.PEOU1               |                 TKR.TKR1 |  0.27 | [ 0.18,  0.35] |  6.02 | 477 | < .001***
PEOU.PEOU1               |                 TKR.TKR2 |  0.25 | [ 0.17,  0.33] |  5.66 | 477 | < .001***
PEOU.PEOU1               |                 TKR.TKR3 |  0.31 | [ 0.23,  0.39] |  7.23 | 477 | < .001***
PEOU.PEOU1               |                 TKR.TKR4 |  0.25 | [ 0.16,  0.33] |  5.63 | 477 | < .001***
PEOU.PEOU1               |                 WEI.WEI1 |  0.41 | [ 0.33,  0.48] |  9.83 | 477 | < .001***
PEOU.PEOU1               |                 WEI.WEI2 |  0.48 | [ 0.41,  0.55] | 12.07 | 477 | < .001***
PEOU.PEOU1               |                 WEI.WEI3 |  0.44 | [ 0.37,  0.51] | 10.79 | 477 | < .001***
PEOU.PEOU1               |                 WEI.WEI4 |  0.42 | [ 0.34,  0.49] | 10.09 | 477 | < .001***
PEOU.PEOU1               |                 WEI.WEI5 |  0.43 | [ 0.35,  0.50] | 10.41 | 477 | < .001***
PEOU.PEOU1               |                 WEI.WEI6 |  0.39 | [ 0.31,  0.46] |  9.15 | 477 | < .001***
PEOU.PEOU1               |                 WEI.WEI7 |  0.43 | [ 0.36,  0.50] | 10.46 | 477 | < .001***
PEOU.PEOU1               |                 WEI.WEI8 |  0.42 | [ 0.35,  0.49] | 10.16 | 477 | < .001***
PEOU.PEOU1               |       PERCEPTION.PROJPOS |  0.22 | [ 0.13,  0.30] |  4.88 | 476 | 0.009**  
PEOU.PEOU1               |         PERCEPTION.DTPOS |  0.20 | [ 0.11,  0.29] |  4.51 | 475 | 0.048*   
PEOU.PEOU1               |            WORKPACE.SQ01 |  0.22 | [ 0.13,  0.30] |  4.91 | 475 | 0.008**  
PEOU.PEOU1               |                 AUTONOMY |  0.23 | [ 0.14,  0.31] |  5.10 | 475 | 0.003**  
PEOU.PEOU2               |               PEOU.PEOU3 |  0.61 | [ 0.55,  0.66] | 16.86 | 477 | < .001***
PEOU.PEOU2               |               PEOU.PEOU4 |  0.63 | [ 0.57,  0.68] | 17.55 | 477 | < .001***
PEOU.PEOU2               |               PEOU.PEOU5 |  0.44 | [ 0.36,  0.51] | 10.59 | 477 | < .001***
PEOU.PEOU2               |               PEOU.PEOU6 |  0.54 | [ 0.47,  0.60] | 14.03 | 477 | < .001***
PEOU.PEOU2               |                 VIS.VIS1 |  0.35 | [ 0.27,  0.42] |  8.11 | 477 | < .001***
PEOU.PEOU2               |                 VIS.VIS2 |  0.30 | [ 0.21,  0.38] |  6.79 | 477 | < .001***
PEOU.PEOU2               |                 VIS.VIS3 |  0.32 | [ 0.24,  0.40] |  7.49 | 477 | < .001***
PEOU.PEOU2               |                 VOI.VOI4 |  0.40 | [ 0.32,  0.47] |  9.60 | 477 | < .001***
PEOU.PEOU2               |                 PUA.PUA1 |  0.45 | [ 0.38,  0.52] | 11.14 | 477 | < .001***
PEOU.PEOU2               |                 PUA.PUA2 |  0.44 | [ 0.37,  0.51] | 10.84 | 477 | < .001***
PEOU.PEOU2               |                 PUA.PUA3 |  0.44 | [ 0.36,  0.51] | 10.57 | 477 | < .001***
PEOU.PEOU2               |                 PUA.PUA4 |  0.52 | [ 0.45,  0.58] | 13.28 | 477 | < .001***
PEOU.PEOU2               |                 PUA.PUA5 |  0.46 | [ 0.39,  0.53] | 11.30 | 477 | < .001***
PEOU.PEOU2               |                 PUA.PUA6 |  0.29 | [ 0.20,  0.37] |  6.59 | 477 | < .001***
PEOU.PEOU2               |                 PUA.PUA7 |  0.43 | [ 0.36,  0.50] | 10.52 | 477 | < .001***
PEOU.PEOU2               |                 PUA.PUA8 |  0.47 | [ 0.39,  0.53] | 11.51 | 477 | < .001***
PEOU.PEOU2               |                 RES.RES1 |  0.38 | [ 0.30,  0.45] |  8.84 | 477 | < .001***
PEOU.PEOU2               |                 RES.RES2 |  0.40 | [ 0.32,  0.47] |  9.42 | 477 | < .001***
PEOU.PEOU2               |                 RES.RES3 |  0.44 | [ 0.37,  0.51] | 10.82 | 477 | < .001***
PEOU.PEOU2               |                 SQR.SQR1 |  0.23 | [ 0.15,  0.32] |  5.25 | 477 | 0.001**  
PEOU.PEOU2               |                 SQR.SQR2 |  0.21 | [ 0.12,  0.29] |  4.70 | 477 | 0.020*   
PEOU.PEOU2               |                   LS.LS1 |  0.47 | [ 0.40,  0.54] | 11.65 | 477 | < .001***
PEOU.PEOU2               |                   LS.LS2 |  0.29 | [ 0.21,  0.37] |  6.61 | 477 | < .001***
PEOU.PEOU2               |                   LS.LS3 |  0.30 | [ 0.21,  0.38] |  6.84 | 477 | < .001***
PEOU.PEOU2               |                   LS.LS4 |  0.36 | [ 0.28,  0.43] |  8.38 | 477 | < .001***
PEOU.PEOU2               |                   LS.LS5 |  0.38 | [ 0.30,  0.45] |  8.99 | 477 | < .001***
PEOU.PEOU2               |                   LS.LS6 |  0.43 | [ 0.36,  0.50] | 10.48 | 477 | < .001***
PEOU.PEOU2               |                   LS.LS7 |  0.33 | [ 0.25,  0.41] |  7.60 | 477 | < .001***
PEOU.PEOU2               |                   LS.LS8 |  0.35 | [ 0.27,  0.42] |  8.10 | 477 | < .001***
PEOU.PEOU2               |                 PPC.PPC1 |  0.44 | [ 0.37,  0.51] | 10.73 | 477 | < .001***
PEOU.PEOU2               |                 PPC.PPC2 |  0.35 | [ 0.26,  0.42] |  8.05 | 477 | < .001***
PEOU.PEOU2               |                 PPC.PPC3 |  0.36 | [ 0.28,  0.44] |  8.42 | 477 | < .001***
PEOU.PEOU2               |                 PPC.PPC4 |  0.43 | [ 0.35,  0.50] | 10.37 | 477 | < .001***
PEOU.PEOU2               |                 PPC.PPC5 |  0.35 | [ 0.27,  0.42] |  8.10 | 477 | < .001***
PEOU.PEOU2               |                 PPC.PPC6 |  0.37 | [ 0.29,  0.45] |  8.82 | 477 | < .001***
PEOU.PEOU2               |                   PS.PS1 |  0.40 | [ 0.32,  0.47] |  9.53 | 477 | < .001***
PEOU.PEOU2               |                   PS.PS2 |  0.45 | [ 0.37,  0.52] | 10.99 | 477 | < .001***
PEOU.PEOU2               |                   PS.PS3 |  0.43 | [ 0.35,  0.50] | 10.35 | 477 | < .001***
PEOU.PEOU2               |                   PS.PS4 |  0.45 | [ 0.37,  0.51] | 10.88 | 477 | < .001***
PEOU.PEOU2               |                   PS.PS5 |  0.44 | [ 0.36,  0.51] | 10.59 | 477 | < .001***
PEOU.PEOU2               |                   PS.PS6 |  0.47 | [ 0.40,  0.54] | 11.62 | 477 | < .001***
PEOU.PEOU2               |                   PS.PS7 |  0.40 | [ 0.33,  0.48] |  9.65 | 477 | < .001***
PEOU.PEOU2               |                   PS.PS8 |  0.46 | [ 0.39,  0.53] | 11.31 | 477 | < .001***
PEOU.PEOU2               |                   PS.PS9 |  0.49 | [ 0.42,  0.55] | 12.25 | 477 | < .001***
PEOU.PEOU2               |                  PS.PS10 |  0.41 | [ 0.33,  0.48] |  9.83 | 477 | < .001***
PEOU.PEOU2               |                  PS.PS11 |  0.42 | [ 0.34,  0.49] | 10.04 | 477 | < .001***
PEOU.PEOU2               |                 PUI.PUI1 |  0.50 | [ 0.43,  0.56] | 12.58 | 477 | < .001***
PEOU.PEOU2               |                 PUI.PUI2 |  0.49 | [ 0.42,  0.56] | 12.35 | 477 | < .001***
PEOU.PEOU2               |                 PUI.PUI3 |  0.46 | [ 0.39,  0.53] | 11.29 | 477 | < .001***
PEOU.PEOU2               |                 PUI.PUI4 |  0.49 | [ 0.42,  0.56] | 12.38 | 477 | < .001***
PEOU.PEOU2               |                 PUI.PUI5 |  0.45 | [ 0.38,  0.52] | 11.00 | 477 | < .001***
PEOU.PEOU2               |                 PUI.PUI6 |  0.27 | [ 0.19,  0.36] |  6.24 | 477 | < .001***
PEOU.PEOU2               |                 PUI.PUI7 |  0.44 | [ 0.37,  0.51] | 10.76 | 477 | < .001***
PEOU.PEOU2               |                 PUI.PUI8 |  0.49 | [ 0.42,  0.56] | 12.28 | 477 | < .001***
PEOU.PEOU2               |                 TKR.TKR3 |  0.28 | [ 0.20,  0.36] |  6.48 | 477 | < .001***
PEOU.PEOU2               |                 WEI.WEI1 |  0.39 | [ 0.32,  0.47] |  9.38 | 477 | < .001***
PEOU.PEOU2               |                 WEI.WEI2 |  0.45 | [ 0.37,  0.52] | 10.96 | 477 | < .001***
PEOU.PEOU2               |                 WEI.WEI3 |  0.39 | [ 0.31,  0.46] |  9.26 | 477 | < .001***
PEOU.PEOU2               |                 WEI.WEI4 |  0.42 | [ 0.34,  0.49] | 10.01 | 477 | < .001***
PEOU.PEOU2               |                 WEI.WEI5 |  0.37 | [ 0.29,  0.44] |  8.68 | 477 | < .001***
PEOU.PEOU2               |                 WEI.WEI6 |  0.38 | [ 0.31,  0.46] |  9.11 | 477 | < .001***
PEOU.PEOU2               |                 WEI.WEI7 |  0.41 | [ 0.33,  0.48] |  9.77 | 477 | < .001***
PEOU.PEOU2               |                 WEI.WEI8 |  0.41 | [ 0.34,  0.49] |  9.94 | 477 | < .001***
PEOU.PEOU2               |       PERCEPTION.PROJPOS |  0.25 | [ 0.16,  0.33] |  5.63 | 476 | < .001***
PEOU.PEOU2               |         PERCEPTION.DTPOS |  0.26 | [ 0.17,  0.34] |  5.76 | 475 | < .001***
PEOU.PEOU2               |            WORKPACE.SQ01 |  0.25 | [ 0.17,  0.34] |  5.74 | 475 | < .001***
PEOU.PEOU2               |                 AUTONOMY |  0.26 | [ 0.18,  0.35] |  5.99 | 475 | < .001***
PEOU.PEOU3               |               PEOU.PEOU4 |  0.62 | [ 0.56,  0.67] | 17.14 | 477 | < .001***
PEOU.PEOU3               |               PEOU.PEOU5 |  0.51 | [ 0.44,  0.57] | 13.01 | 477 | < .001***
PEOU.PEOU3               |               PEOU.PEOU6 |  0.59 | [ 0.53,  0.65] | 16.11 | 477 | < .001***
PEOU.PEOU3               |                 VIS.VIS1 |  0.34 | [ 0.26,  0.41] |  7.83 | 477 | < .001***
PEOU.PEOU3               |                 VIS.VIS2 |  0.35 | [ 0.27,  0.43] |  8.29 | 477 | < .001***
PEOU.PEOU3               |                 VIS.VIS3 |  0.36 | [ 0.28,  0.44] |  8.45 | 477 | < .001***
PEOU.PEOU3               |                 VOI.VOI4 |  0.31 | [ 0.23,  0.39] |  7.24 | 477 | < .001***
PEOU.PEOU3               |                 PUA.PUA1 |  0.48 | [ 0.40,  0.54] | 11.86 | 477 | < .001***
PEOU.PEOU3               |                 PUA.PUA2 |  0.43 | [ 0.35,  0.50] | 10.30 | 477 | < .001***
PEOU.PEOU3               |                 PUA.PUA3 |  0.47 | [ 0.40,  0.54] | 11.60 | 477 | < .001***
PEOU.PEOU3               |                 PUA.PUA4 |  0.49 | [ 0.42,  0.56] | 12.40 | 477 | < .001***
PEOU.PEOU3               |                 PUA.PUA5 |  0.48 | [ 0.41,  0.54] | 11.88 | 477 | < .001***
PEOU.PEOU3               |                 PUA.PUA6 |  0.36 | [ 0.28,  0.43] |  8.35 | 477 | < .001***
PEOU.PEOU3               |                 PUA.PUA7 |  0.47 | [ 0.40,  0.54] | 11.57 | 477 | < .001***
PEOU.PEOU3               |                 PUA.PUA8 |  0.52 | [ 0.45,  0.58] | 13.38 | 477 | < .001***
PEOU.PEOU3               |                 RES.RES1 |  0.36 | [ 0.28,  0.44] |  8.50 | 477 | < .001***
PEOU.PEOU3               |                 RES.RES2 |  0.39 | [ 0.31,  0.47] |  9.30 | 477 | < .001***
PEOU.PEOU3               |                 RES.RES3 |  0.38 | [ 0.30,  0.45] |  8.97 | 477 | < .001***
PEOU.PEOU3               |                 SQR.SQR1 |  0.29 | [ 0.21,  0.37] |  6.67 | 477 | < .001***
PEOU.PEOU3               |                 SQR.SQR2 |  0.26 | [ 0.18,  0.35] |  5.97 | 477 | < .001***
PEOU.PEOU3               |                 SQR.SQR4 |  0.21 | [ 0.12,  0.29] |  4.58 | 477 | 0.035*   
PEOU.PEOU3               |                   LS.LS1 |  0.48 | [ 0.40,  0.54] | 11.82 | 477 | < .001***
PEOU.PEOU3               |                   LS.LS2 |  0.34 | [ 0.25,  0.41] |  7.81 | 477 | < .001***
PEOU.PEOU3               |                   LS.LS3 |  0.28 | [ 0.20,  0.36] |  6.47 | 477 | < .001***
PEOU.PEOU3               |                   LS.LS4 |  0.38 | [ 0.30,  0.46] |  9.03 | 477 | < .001***
PEOU.PEOU3               |                   LS.LS5 |  0.41 | [ 0.33,  0.48] |  9.73 | 477 | < .001***
PEOU.PEOU3               |                   LS.LS6 |  0.45 | [ 0.38,  0.52] | 11.11 | 477 | < .001***
PEOU.PEOU3               |                   LS.LS7 |  0.34 | [ 0.26,  0.41] |  7.83 | 477 | < .001***
PEOU.PEOU3               |                   LS.LS8 |  0.39 | [ 0.31,  0.46] |  9.15 | 477 | < .001***
PEOU.PEOU3               |                 PPC.PPC1 |  0.51 | [ 0.44,  0.57] | 13.00 | 477 | < .001***
PEOU.PEOU3               |                 PPC.PPC2 |  0.42 | [ 0.34,  0.49] |  9.98 | 477 | < .001***
PEOU.PEOU3               |                 PPC.PPC3 |  0.42 | [ 0.34,  0.49] | 10.05 | 477 | < .001***
PEOU.PEOU3               |                 PPC.PPC4 |  0.43 | [ 0.36,  0.50] | 10.48 | 477 | < .001***
PEOU.PEOU3               |                 PPC.PPC5 |  0.36 | [ 0.28,  0.43] |  8.35 | 477 | < .001***
PEOU.PEOU3               |                 PPC.PPC6 |  0.39 | [ 0.31,  0.46] |  9.28 | 477 | < .001***
PEOU.PEOU3               |                   PS.PS1 |  0.49 | [ 0.41,  0.55] | 12.14 | 477 | < .001***
PEOU.PEOU3               |                   PS.PS2 |  0.48 | [ 0.41,  0.55] | 12.09 | 477 | < .001***
PEOU.PEOU3               |                   PS.PS3 |  0.47 | [ 0.40,  0.54] | 11.77 | 477 | < .001***
PEOU.PEOU3               |                   PS.PS4 |  0.46 | [ 0.38,  0.52] | 11.21 | 477 | < .001***
PEOU.PEOU3               |                   PS.PS5 |  0.41 | [ 0.34,  0.48] |  9.91 | 477 | < .001***
PEOU.PEOU3               |                   PS.PS6 |  0.46 | [ 0.39,  0.53] | 11.32 | 477 | < .001***
PEOU.PEOU3               |                   PS.PS7 |  0.47 | [ 0.39,  0.53] | 11.53 | 477 | < .001***
PEOU.PEOU3               |                   PS.PS8 |  0.44 | [ 0.36,  0.51] | 10.67 | 477 | < .001***
PEOU.PEOU3               |                   PS.PS9 |  0.45 | [ 0.37,  0.51] | 10.86 | 477 | < .001***
PEOU.PEOU3               |                  PS.PS10 |  0.50 | [ 0.43,  0.57] | 12.72 | 477 | < .001***
PEOU.PEOU3               |                  PS.PS11 |  0.48 | [ 0.41,  0.55] | 12.09 | 477 | < .001***
PEOU.PEOU3               |                 PUI.PUI1 |  0.50 | [ 0.42,  0.56] | 12.46 | 477 | < .001***
PEOU.PEOU3               |                 PUI.PUI2 |  0.46 | [ 0.39,  0.53] | 11.35 | 477 | < .001***
PEOU.PEOU3               |                 PUI.PUI3 |  0.46 | [ 0.38,  0.53] | 11.24 | 477 | < .001***
PEOU.PEOU3               |                 PUI.PUI4 |  0.49 | [ 0.42,  0.56] | 12.31 | 477 | < .001***
PEOU.PEOU3               |                 PUI.PUI5 |  0.48 | [ 0.41,  0.55] | 11.91 | 477 | < .001***
PEOU.PEOU3               |                 PUI.PUI6 |  0.27 | [ 0.19,  0.35] |  6.13 | 477 | < .001***
PEOU.PEOU3               |                 PUI.PUI7 |  0.46 | [ 0.38,  0.53] | 11.26 | 477 | < .001***
PEOU.PEOU3               |                 PUI.PUI8 |  0.42 | [ 0.35,  0.49] | 10.17 | 477 | < .001***
PEOU.PEOU3               |                 TKR.TKR1 |  0.25 | [ 0.17,  0.33] |  5.69 | 477 | < .001***
PEOU.PEOU3               |                 TKR.TKR2 |  0.27 | [ 0.18,  0.35] |  6.03 | 477 | < .001***
PEOU.PEOU3               |                 TKR.TKR3 |  0.32 | [ 0.24,  0.40] |  7.36 | 477 | < .001***
PEOU.PEOU3               |                 TKR.TKR4 |  0.29 | [ 0.20,  0.37] |  6.54 | 477 | < .001***
PEOU.PEOU3               |                 WEI.WEI1 |  0.41 | [ 0.33,  0.48] |  9.86 | 477 | < .001***
PEOU.PEOU3               |                 WEI.WEI2 |  0.46 | [ 0.39,  0.53] | 11.29 | 477 | < .001***
PEOU.PEOU3               |                 WEI.WEI3 |  0.42 | [ 0.35,  0.49] | 10.20 | 477 | < .001***
PEOU.PEOU3               |                 WEI.WEI4 |  0.40 | [ 0.32,  0.47] |  9.47 | 477 | < .001***
PEOU.PEOU3               |                 WEI.WEI5 |  0.40 | [ 0.32,  0.47] |  9.53 | 477 | < .001***
PEOU.PEOU3               |                 WEI.WEI6 |  0.42 | [ 0.35,  0.49] | 10.17 | 477 | < .001***
PEOU.PEOU3               |                 WEI.WEI7 |  0.46 | [ 0.39,  0.53] | 11.41 | 477 | < .001***
PEOU.PEOU3               |                 WEI.WEI8 |  0.40 | [ 0.33,  0.48] |  9.67 | 477 | < .001***
PEOU.PEOU3               |       PERCEPTION.PROJPOS |  0.22 | [ 0.13,  0.30] |  4.84 | 476 | 0.010*   
PEOU.PEOU3               |         PERCEPTION.DTPOS |  0.20 | [ 0.12,  0.29] |  4.53 | 475 | 0.042*   
PEOU.PEOU3               |            WORKPACE.SQ01 |  0.24 | [ 0.16,  0.33] |  5.45 | 475 | < .001***
PEOU.PEOU4               |               PEOU.PEOU5 |  0.55 | [ 0.48,  0.61] | 14.38 | 477 | < .001***
PEOU.PEOU4               |               PEOU.PEOU6 |  0.59 | [ 0.53,  0.64] | 15.85 | 477 | < .001***
PEOU.PEOU4               |                 VIS.VIS1 |  0.32 | [ 0.24,  0.40] |  7.48 | 477 | < .001***
PEOU.PEOU4               |                 VIS.VIS2 |  0.32 | [ 0.23,  0.39] |  7.25 | 477 | < .001***
PEOU.PEOU4               |                 VIS.VIS3 |  0.30 | [ 0.22,  0.38] |  6.92 | 477 | < .001***
PEOU.PEOU4               |                 VOI.VOI4 |  0.33 | [ 0.25,  0.41] |  7.65 | 477 | < .001***
PEOU.PEOU4               |                 PUA.PUA1 |  0.40 | [ 0.32,  0.47] |  9.57 | 477 | < .001***
PEOU.PEOU4               |                 PUA.PUA2 |  0.42 | [ 0.34,  0.49] | 10.11 | 477 | < .001***
PEOU.PEOU4               |                 PUA.PUA3 |  0.44 | [ 0.36,  0.51] | 10.69 | 477 | < .001***
PEOU.PEOU4               |                 PUA.PUA4 |  0.44 | [ 0.37,  0.51] | 10.83 | 477 | < .001***
PEOU.PEOU4               |                 PUA.PUA5 |  0.41 | [ 0.33,  0.48] |  9.71 | 477 | < .001***
PEOU.PEOU4               |                 PUA.PUA6 |  0.34 | [ 0.26,  0.42] |  7.92 | 477 | < .001***
PEOU.PEOU4               |                 PUA.PUA7 |  0.41 | [ 0.33,  0.48] |  9.72 | 477 | < .001***
PEOU.PEOU4               |                 PUA.PUA8 |  0.46 | [ 0.38,  0.52] | 11.16 | 477 | < .001***
PEOU.PEOU4               |                 RES.RES1 |  0.40 | [ 0.32,  0.47] |  9.45 | 477 | < .001***
PEOU.PEOU4               |                 RES.RES2 |  0.40 | [ 0.32,  0.47] |  9.45 | 477 | < .001***
PEOU.PEOU4               |                 RES.RES3 |  0.42 | [ 0.35,  0.49] | 10.18 | 477 | < .001***
PEOU.PEOU4               |                 SQR.SQR1 |  0.25 | [ 0.16,  0.33] |  5.57 | 477 | < .001***
PEOU.PEOU4               |                 SQR.SQR2 |  0.23 | [ 0.14,  0.31] |  5.06 | 477 | 0.004**  
PEOU.PEOU4               |                   LS.LS1 |  0.40 | [ 0.32,  0.47] |  9.39 | 477 | < .001***
PEOU.PEOU4               |                   LS.LS2 |  0.32 | [ 0.23,  0.39] |  7.27 | 477 | < .001***
PEOU.PEOU4               |                   LS.LS3 |  0.30 | [ 0.22,  0.38] |  6.90 | 477 | < .001***
PEOU.PEOU4               |                   LS.LS4 |  0.39 | [ 0.31,  0.46] |  9.29 | 477 | < .001***
PEOU.PEOU4               |                   LS.LS5 |  0.44 | [ 0.36,  0.51] | 10.57 | 477 | < .001***
PEOU.PEOU4               |                   LS.LS6 |  0.39 | [ 0.31,  0.46] |  9.14 | 477 | < .001***
PEOU.PEOU4               |                   LS.LS7 |  0.39 | [ 0.31,  0.46] |  9.18 | 477 | < .001***
PEOU.PEOU4               |                   LS.LS8 |  0.41 | [ 0.33,  0.48] |  9.83 | 477 | < .001***
PEOU.PEOU4               |                 PPC.PPC1 |  0.39 | [ 0.31,  0.47] |  9.30 | 477 | < .001***
PEOU.PEOU4               |                 PPC.PPC2 |  0.40 | [ 0.33,  0.48] |  9.62 | 477 | < .001***
PEOU.PEOU4               |                 PPC.PPC3 |  0.36 | [ 0.28,  0.44] |  8.55 | 477 | < .001***
PEOU.PEOU4               |                 PPC.PPC4 |  0.40 | [ 0.32,  0.47] |  9.39 | 477 | < .001***
PEOU.PEOU4               |                 PPC.PPC5 |  0.36 | [ 0.28,  0.44] |  8.45 | 477 | < .001***
PEOU.PEOU4               |                 PPC.PPC6 |  0.41 | [ 0.33,  0.48] |  9.70 | 477 | < .001***
PEOU.PEOU4               |                   PS.PS1 |  0.40 | [ 0.33,  0.48] |  9.61 | 477 | < .001***
PEOU.PEOU4               |                   PS.PS2 |  0.39 | [ 0.31,  0.46] |  9.25 | 477 | < .001***
PEOU.PEOU4               |                   PS.PS3 |  0.40 | [ 0.32,  0.47] |  9.45 | 477 | < .001***
PEOU.PEOU4               |                   PS.PS4 |  0.39 | [ 0.32,  0.47] |  9.37 | 477 | < .001***
PEOU.PEOU4               |                   PS.PS5 |  0.41 | [ 0.33,  0.48] |  9.74 | 477 | < .001***
PEOU.PEOU4               |                   PS.PS6 |  0.42 | [ 0.34,  0.49] | 10.06 | 477 | < .001***
PEOU.PEOU4               |                   PS.PS7 |  0.40 | [ 0.32,  0.47] |  9.49 | 477 | < .001***
PEOU.PEOU4               |                   PS.PS8 |  0.42 | [ 0.34,  0.49] | 10.00 | 477 | < .001***
PEOU.PEOU4               |                   PS.PS9 |  0.46 | [ 0.39,  0.53] | 11.29 | 477 | < .001***
PEOU.PEOU4               |                  PS.PS10 |  0.41 | [ 0.33,  0.48] |  9.87 | 477 | < .001***
PEOU.PEOU4               |                  PS.PS11 |  0.44 | [ 0.37,  0.51] | 10.85 | 477 | < .001***
PEOU.PEOU4               |                 PUI.PUI1 |  0.42 | [ 0.34,  0.49] | 10.11 | 477 | < .001***
PEOU.PEOU4               |                 PUI.PUI2 |  0.47 | [ 0.39,  0.53] | 11.52 | 477 | < .001***
PEOU.PEOU4               |                 PUI.PUI3 |  0.46 | [ 0.39,  0.53] | 11.41 | 477 | < .001***
PEOU.PEOU4               |                 PUI.PUI4 |  0.51 | [ 0.44,  0.57] | 12.84 | 477 | < .001***
PEOU.PEOU4               |                 PUI.PUI5 |  0.44 | [ 0.36,  0.51] | 10.66 | 477 | < .001***
PEOU.PEOU4               |                 PUI.PUI6 |  0.33 | [ 0.25,  0.41] |  7.66 | 477 | < .001***
PEOU.PEOU4               |                 PUI.PUI7 |  0.41 | [ 0.33,  0.48] |  9.73 | 477 | < .001***
PEOU.PEOU4               |                 PUI.PUI8 |  0.42 | [ 0.34,  0.49] | 10.09 | 477 | < .001***
PEOU.PEOU4               |                 TKR.TKR1 |  0.24 | [ 0.15,  0.32] |  5.42 | 477 | < .001***
PEOU.PEOU4               |                 TKR.TKR2 |  0.30 | [ 0.22,  0.38] |  6.92 | 477 | < .001***
PEOU.PEOU4               |                 TKR.TKR3 |  0.35 | [ 0.27,  0.43] |  8.15 | 477 | < .001***
PEOU.PEOU4               |                 TKR.TKR4 |  0.26 | [ 0.18,  0.35] |  5.99 | 477 | < .001***
PEOU.PEOU4               |                 WEI.WEI1 |  0.42 | [ 0.34,  0.49] | 10.06 | 477 | < .001***
PEOU.PEOU4               |                 WEI.WEI2 |  0.47 | [ 0.40,  0.54] | 11.64 | 477 | < .001***
PEOU.PEOU4               |                 WEI.WEI3 |  0.38 | [ 0.30,  0.45] |  8.98 | 477 | < .001***
PEOU.PEOU4               |                 WEI.WEI4 |  0.38 | [ 0.30,  0.46] |  9.08 | 477 | < .001***
PEOU.PEOU4               |                 WEI.WEI5 |  0.39 | [ 0.31,  0.46] |  9.22 | 477 | < .001***
PEOU.PEOU4               |                 WEI.WEI6 |  0.44 | [ 0.36,  0.51] | 10.60 | 477 | < .001***
PEOU.PEOU4               |                 WEI.WEI7 |  0.38 | [ 0.30,  0.46] |  9.03 | 477 | < .001***
PEOU.PEOU4               |                 WEI.WEI8 |  0.44 | [ 0.37,  0.51] | 10.74 | 477 | < .001***
PEOU.PEOU4               |            WORKPACE.SQ01 |  0.26 | [ 0.17,  0.34] |  5.80 | 475 | < .001***
PEOU.PEOU4               |                 AUTONOMY |  0.23 | [ 0.14,  0.31] |  5.08 | 475 | 0.003**  
PEOU.PEOU5               |               PEOU.PEOU6 |  0.51 | [ 0.44,  0.58] | 13.01 | 477 | < .001***
PEOU.PEOU5               |                 VIS.VIS1 |  0.32 | [ 0.24,  0.40] |  7.43 | 477 | < .001***
PEOU.PEOU5               |                 VIS.VIS2 |  0.34 | [ 0.25,  0.41] |  7.77 | 477 | < .001***
PEOU.PEOU5               |                 VIS.VIS3 |  0.29 | [ 0.21,  0.37] |  6.73 | 477 | < .001***
PEOU.PEOU5               |                 VOI.VOI4 |  0.22 | [ 0.13,  0.30] |  4.85 | 477 | 0.010**  
PEOU.PEOU5               |                 PUA.PUA1 |  0.36 | [ 0.28,  0.44] |  8.48 | 477 | < .001***
PEOU.PEOU5               |                 PUA.PUA2 |  0.34 | [ 0.25,  0.41] |  7.81 | 477 | < .001***
PEOU.PEOU5               |                 PUA.PUA3 |  0.40 | [ 0.32,  0.47] |  9.57 | 477 | < .001***
PEOU.PEOU5               |                 PUA.PUA4 |  0.35 | [ 0.27,  0.42] |  8.06 | 477 | < .001***
PEOU.PEOU5               |                 PUA.PUA5 |  0.30 | [ 0.21,  0.37] |  6.75 | 477 | < .001***
PEOU.PEOU5               |                 PUA.PUA6 |  0.34 | [ 0.25,  0.41] |  7.81 | 477 | < .001***
PEOU.PEOU5               |                 PUA.PUA7 |  0.29 | [ 0.20,  0.37] |  6.51 | 477 | < .001***
PEOU.PEOU5               |                 PUA.PUA8 |  0.43 | [ 0.35,  0.50] | 10.36 | 477 | < .001***
PEOU.PEOU5               |                 RES.RES1 |  0.29 | [ 0.21,  0.37] |  6.73 | 477 | < .001***
PEOU.PEOU5               |                 RES.RES2 |  0.26 | [ 0.18,  0.34] |  5.95 | 477 | < .001***
PEOU.PEOU5               |                 RES.RES3 |  0.32 | [ 0.23,  0.40] |  7.30 | 477 | < .001***
PEOU.PEOU5               |                 SQR.SQR1 |  0.23 | [ 0.14,  0.31] |  5.10 | 477 | 0.003**  
PEOU.PEOU5               |                 SQR.SQR2 |  0.22 | [ 0.14,  0.31] |  5.02 | 477 | 0.004**  
PEOU.PEOU5               |                 SQR.SQR3 |  0.21 | [ 0.12,  0.29] |  4.62 | 477 | 0.028*   
PEOU.PEOU5               |                   LS.LS1 |  0.33 | [ 0.24,  0.40] |  7.53 | 477 | < .001***
PEOU.PEOU5               |                   LS.LS2 |  0.29 | [ 0.21,  0.37] |  6.74 | 477 | < .001***
PEOU.PEOU5               |                   LS.LS3 |  0.30 | [ 0.21,  0.38] |  6.84 | 477 | < .001***
PEOU.PEOU5               |                   LS.LS4 |  0.34 | [ 0.26,  0.42] |  7.92 | 477 | < .001***
PEOU.PEOU5               |                   LS.LS5 |  0.37 | [ 0.29,  0.44] |  8.61 | 477 | < .001***
PEOU.PEOU5               |                   LS.LS6 |  0.34 | [ 0.26,  0.42] |  7.95 | 477 | < .001***
PEOU.PEOU5               |                   LS.LS7 |  0.34 | [ 0.26,  0.42] |  7.95 | 477 | < .001***
PEOU.PEOU5               |                   LS.LS8 |  0.36 | [ 0.28,  0.44] |  8.55 | 477 | < .001***
PEOU.PEOU5               |                 PPC.PPC1 |  0.33 | [ 0.25,  0.41] |  7.65 | 477 | < .001***
PEOU.PEOU5               |                 PPC.PPC2 |  0.40 | [ 0.32,  0.47] |  9.42 | 477 | < .001***
PEOU.PEOU5               |                 PPC.PPC3 |  0.32 | [ 0.24,  0.40] |  7.36 | 477 | < .001***
PEOU.PEOU5               |                 PPC.PPC4 |  0.41 | [ 0.33,  0.48] |  9.85 | 477 | < .001***
PEOU.PEOU5               |                 PPC.PPC5 |  0.42 | [ 0.34,  0.49] | 10.11 | 477 | < .001***
PEOU.PEOU5               |                 PPC.PPC6 |  0.38 | [ 0.30,  0.45] |  8.97 | 477 | < .001***
PEOU.PEOU5               |                   PS.PS1 |  0.35 | [ 0.27,  0.43] |  8.13 | 477 | < .001***
PEOU.PEOU5               |                   PS.PS2 |  0.37 | [ 0.29,  0.44] |  8.68 | 477 | < .001***
PEOU.PEOU5               |                   PS.PS3 |  0.36 | [ 0.28,  0.44] |  8.42 | 477 | < .001***
PEOU.PEOU5               |                   PS.PS4 |  0.33 | [ 0.24,  0.41] |  7.57 | 477 | < .001***
PEOU.PEOU5               |                   PS.PS5 |  0.34 | [ 0.26,  0.42] |  7.86 | 477 | < .001***
PEOU.PEOU5               |                   PS.PS6 |  0.33 | [ 0.24,  0.40] |  7.52 | 477 | < .001***
PEOU.PEOU5               |                   PS.PS7 |  0.31 | [ 0.23,  0.39] |  7.23 | 477 | < .001***
PEOU.PEOU5               |                   PS.PS8 |  0.30 | [ 0.22,  0.38] |  6.98 | 477 | < .001***
PEOU.PEOU5               |                   PS.PS9 |  0.38 | [ 0.30,  0.45] |  8.91 | 477 | < .001***
PEOU.PEOU5               |                  PS.PS10 |  0.35 | [ 0.27,  0.43] |  8.27 | 477 | < .001***
PEOU.PEOU5               |                  PS.PS11 |  0.34 | [ 0.26,  0.42] |  7.94 | 477 | < .001***
PEOU.PEOU5               |                 PUI.PUI1 |  0.36 | [ 0.28,  0.44] |  8.51 | 477 | < .001***
PEOU.PEOU5               |                 PUI.PUI2 |  0.38 | [ 0.31,  0.46] |  9.09 | 477 | < .001***
PEOU.PEOU5               |                 PUI.PUI3 |  0.38 | [ 0.30,  0.46] |  9.06 | 477 | < .001***
PEOU.PEOU5               |                 PUI.PUI4 |  0.37 | [ 0.29,  0.44] |  8.65 | 477 | < .001***
PEOU.PEOU5               |                 PUI.PUI5 |  0.34 | [ 0.26,  0.42] |  7.85 | 477 | < .001***
PEOU.PEOU5               |                 PUI.PUI6 |  0.32 | [ 0.24,  0.40] |  7.50 | 477 | < .001***
PEOU.PEOU5               |                 PUI.PUI7 |  0.36 | [ 0.28,  0.44] |  8.41 | 477 | < .001***
PEOU.PEOU5               |                 PUI.PUI8 |  0.37 | [ 0.29,  0.45] |  8.75 | 477 | < .001***
PEOU.PEOU5               |                 TKR.TKR1 |  0.29 | [ 0.20,  0.37] |  6.55 | 477 | < .001***
PEOU.PEOU5               |                 TKR.TKR2 |  0.31 | [ 0.23,  0.39] |  7.14 | 477 | < .001***
PEOU.PEOU5               |                 TKR.TKR3 |  0.38 | [ 0.30,  0.46] |  9.00 | 477 | < .001***
PEOU.PEOU5               |                 TKR.TKR4 |  0.26 | [ 0.18,  0.35] |  5.97 | 477 | < .001***
PEOU.PEOU5               |                 WEI.WEI1 |  0.31 | [ 0.22,  0.39] |  7.02 | 477 | < .001***
PEOU.PEOU5               |                 WEI.WEI2 |  0.40 | [ 0.33,  0.48] |  9.62 | 477 | < .001***
PEOU.PEOU5               |                 WEI.WEI3 |  0.29 | [ 0.21,  0.37] |  6.74 | 477 | < .001***
PEOU.PEOU5               |                 WEI.WEI4 |  0.28 | [ 0.19,  0.36] |  6.35 | 477 | < .001***
PEOU.PEOU5               |                 WEI.WEI5 |  0.38 | [ 0.31,  0.46] |  9.10 | 477 | < .001***
PEOU.PEOU5               |                 WEI.WEI6 |  0.30 | [ 0.22,  0.38] |  6.86 | 477 | < .001***
PEOU.PEOU5               |                 WEI.WEI7 |  0.36 | [ 0.28,  0.43] |  8.36 | 477 | < .001***
PEOU.PEOU5               |                 WEI.WEI8 |  0.35 | [ 0.27,  0.43] |  8.15 | 477 | < .001***
PEOU.PEOU5               |                MEASURES2 |  0.28 | [ 0.16,  0.39] |  4.58 | 248 | 0.042*   
PEOU.PEOU6               |                 VIS.VIS1 |  0.32 | [ 0.24,  0.40] |  7.33 | 477 | < .001***
PEOU.PEOU6               |                 VIS.VIS2 |  0.34 | [ 0.26,  0.42] |  7.88 | 477 | < .001***
PEOU.PEOU6               |                 VIS.VIS3 |  0.35 | [ 0.26,  0.42] |  8.03 | 477 | < .001***
PEOU.PEOU6               |                 VOI.VOI1 |  0.21 | [ 0.12,  0.29] |  4.59 | 477 | 0.034*   
PEOU.PEOU6               |                 VOI.VOI4 |  0.27 | [ 0.18,  0.35] |  6.07 | 477 | < .001***
PEOU.PEOU6               |                 PUA.PUA1 |  0.43 | [ 0.36,  0.50] | 10.45 | 477 | < .001***
PEOU.PEOU6               |                 PUA.PUA2 |  0.44 | [ 0.37,  0.51] | 10.73 | 477 | < .001***
PEOU.PEOU6               |                 PUA.PUA3 |  0.50 | [ 0.43,  0.56] | 12.48 | 477 | < .001***
PEOU.PEOU6               |                 PUA.PUA4 |  0.44 | [ 0.36,  0.51] | 10.67 | 477 | < .001***
PEOU.PEOU6               |                 PUA.PUA5 |  0.49 | [ 0.42,  0.55] | 12.26 | 477 | < .001***
PEOU.PEOU6               |                 PUA.PUA6 |  0.36 | [ 0.28,  0.44] |  8.54 | 477 | < .001***
PEOU.PEOU6               |                 PUA.PUA7 |  0.45 | [ 0.38,  0.52] | 11.02 | 477 | < .001***
PEOU.PEOU6               |                 PUA.PUA8 |  0.48 | [ 0.41,  0.55] | 11.96 | 477 | < .001***
PEOU.PEOU6               |                 RES.RES1 |  0.34 | [ 0.25,  0.41] |  7.78 | 477 | < .001***
PEOU.PEOU6               |                 RES.RES2 |  0.36 | [ 0.28,  0.44] |  8.54 | 477 | < .001***
PEOU.PEOU6               |                 RES.RES3 |  0.41 | [ 0.34,  0.49] |  9.94 | 477 | < .001***
PEOU.PEOU6               |                 SQR.SQR1 |  0.31 | [ 0.22,  0.38] |  7.02 | 477 | < .001***
PEOU.PEOU6               |                 SQR.SQR2 |  0.25 | [ 0.17,  0.34] |  5.75 | 477 | < .001***
PEOU.PEOU6               |                 SQR.SQR3 |  0.25 | [ 0.16,  0.33] |  5.57 | 477 | < .001***
PEOU.PEOU6               |                   LS.LS1 |  0.47 | [ 0.39,  0.53] | 11.51 | 477 | < .001***
PEOU.PEOU6               |                   LS.LS2 |  0.37 | [ 0.29,  0.44] |  8.70 | 477 | < .001***
PEOU.PEOU6               |                   LS.LS3 |  0.33 | [ 0.25,  0.41] |  7.64 | 477 | < .001***
PEOU.PEOU6               |                   LS.LS4 |  0.44 | [ 0.37,  0.51] | 10.81 | 477 | < .001***
PEOU.PEOU6               |                   LS.LS5 |  0.44 | [ 0.36,  0.51] | 10.66 | 477 | < .001***
PEOU.PEOU6               |                   LS.LS6 |  0.44 | [ 0.36,  0.51] | 10.63 | 477 | < .001***
PEOU.PEOU6               |                   LS.LS7 |  0.41 | [ 0.33,  0.48] |  9.84 | 477 | < .001***
PEOU.PEOU6               |                   LS.LS8 |  0.41 | [ 0.33,  0.48] |  9.85 | 477 | < .001***
PEOU.PEOU6               |                 PPC.PPC1 |  0.50 | [ 0.43,  0.56] | 12.51 | 477 | < .001***
PEOU.PEOU6               |                 PPC.PPC2 |  0.36 | [ 0.27,  0.43] |  8.31 | 477 | < .001***
PEOU.PEOU6               |                 PPC.PPC3 |  0.41 | [ 0.33,  0.48] |  9.75 | 477 | < .001***
PEOU.PEOU6               |                 PPC.PPC4 |  0.43 | [ 0.36,  0.50] | 10.47 | 477 | < .001***
PEOU.PEOU6               |                 PPC.PPC5 |  0.43 | [ 0.35,  0.50] | 10.30 | 477 | < .001***
PEOU.PEOU6               |                 PPC.PPC6 |  0.46 | [ 0.38,  0.53] | 11.25 | 477 | < .001***
PEOU.PEOU6               |                   PS.PS1 |  0.47 | [ 0.39,  0.53] | 11.55 | 477 | < .001***
PEOU.PEOU6               |                   PS.PS2 |  0.44 | [ 0.37,  0.51] | 10.79 | 477 | < .001***
PEOU.PEOU6               |                   PS.PS3 |  0.46 | [ 0.39,  0.53] | 11.33 | 477 | < .001***
PEOU.PEOU6               |                   PS.PS4 |  0.46 | [ 0.39,  0.53] | 11.31 | 477 | < .001***
PEOU.PEOU6               |                   PS.PS5 |  0.45 | [ 0.38,  0.52] | 11.07 | 477 | < .001***
PEOU.PEOU6               |                   PS.PS6 |  0.46 | [ 0.39,  0.53] | 11.41 | 477 | < .001***
PEOU.PEOU6               |                   PS.PS7 |  0.46 | [ 0.39,  0.53] | 11.32 | 477 | < .001***
PEOU.PEOU6               |                   PS.PS8 |  0.45 | [ 0.38,  0.52] | 11.00 | 477 | < .001***
PEOU.PEOU6               |                   PS.PS9 |  0.48 | [ 0.41,  0.55] | 11.99 | 477 | < .001***
PEOU.PEOU6               |                  PS.PS10 |  0.42 | [ 0.35,  0.49] | 10.17 | 477 | < .001***
PEOU.PEOU6               |                  PS.PS11 |  0.45 | [ 0.37,  0.52] | 10.97 | 477 | < .001***
PEOU.PEOU6               |                 PUI.PUI1 |  0.49 | [ 0.42,  0.55] | 12.19 | 477 | < .001***
PEOU.PEOU6               |                 PUI.PUI2 |  0.48 | [ 0.41,  0.55] | 12.03 | 477 | < .001***
PEOU.PEOU6               |                 PUI.PUI3 |  0.48 | [ 0.40,  0.54] | 11.84 | 477 | < .001***
PEOU.PEOU6               |                 PUI.PUI4 |  0.48 | [ 0.41,  0.55] | 11.99 | 477 | < .001***
PEOU.PEOU6               |                 PUI.PUI5 |  0.46 | [ 0.39,  0.53] | 11.44 | 477 | < .001***
PEOU.PEOU6               |                 PUI.PUI6 |  0.40 | [ 0.32,  0.47] |  9.47 | 477 | < .001***
PEOU.PEOU6               |                 PUI.PUI7 |  0.50 | [ 0.43,  0.56] | 12.59 | 477 | < .001***
PEOU.PEOU6               |                 PUI.PUI8 |  0.47 | [ 0.40,  0.54] | 11.61 | 477 | < .001***
PEOU.PEOU6               |                 TKR.TKR1 |  0.32 | [ 0.24,  0.40] |  7.33 | 477 | < .001***
PEOU.PEOU6               |                 TKR.TKR2 |  0.27 | [ 0.18,  0.35] |  6.02 | 477 | < .001***
PEOU.PEOU6               |                 TKR.TKR3 |  0.34 | [ 0.26,  0.42] |  7.94 | 477 | < .001***
PEOU.PEOU6               |                 TKR.TKR4 |  0.26 | [ 0.18,  0.35] |  6.00 | 477 | < .001***
PEOU.PEOU6               |                 WEI.WEI1 |  0.46 | [ 0.38,  0.53] | 11.24 | 477 | < .001***
PEOU.PEOU6               |                 WEI.WEI2 |  0.49 | [ 0.42,  0.56] | 12.29 | 477 | < .001***
PEOU.PEOU6               |                 WEI.WEI3 |  0.39 | [ 0.31,  0.46] |  9.30 | 477 | < .001***
PEOU.PEOU6               |                 WEI.WEI4 |  0.45 | [ 0.37,  0.51] | 10.86 | 477 | < .001***
PEOU.PEOU6               |                 WEI.WEI5 |  0.41 | [ 0.33,  0.48] |  9.85 | 477 | < .001***
PEOU.PEOU6               |                 WEI.WEI6 |  0.42 | [ 0.34,  0.49] | 10.15 | 477 | < .001***
PEOU.PEOU6               |                 WEI.WEI7 |  0.43 | [ 0.36,  0.50] | 10.48 | 477 | < .001***
PEOU.PEOU6               |                 WEI.WEI8 |  0.48 | [ 0.40,  0.54] | 11.85 | 477 | < .001***
PEOU.PEOU6               |            WORKPACE.SQ01 |  0.22 | [ 0.13,  0.30] |  4.91 | 475 | 0.008**  
PEOU.PEOU6               |                 AUTONOMY |  0.22 | [ 0.13,  0.30] |  4.89 | 475 | 0.008**  
VIS.VIS1                 |                 VIS.VIS2 |  0.56 | [ 0.50,  0.62] | 14.84 | 477 | < .001***
VIS.VIS1                 |                 VIS.VIS3 |  0.58 | [ 0.52,  0.64] | 15.71 | 477 | < .001***
VIS.VIS1                 |                 VOI.VOI1 |  0.26 | [ 0.18,  0.34] |  5.93 | 477 | < .001***
VIS.VIS1                 |                 VOI.VOI2 |  0.24 | [ 0.15,  0.32] |  5.30 | 477 | 0.001**  
VIS.VIS1                 |                 PUA.PUA1 |  0.34 | [ 0.26,  0.42] |  7.94 | 477 | < .001***
VIS.VIS1                 |                 PUA.PUA2 |  0.37 | [ 0.29,  0.44] |  8.64 | 477 | < .001***
VIS.VIS1                 |                 PUA.PUA3 |  0.38 | [ 0.30,  0.45] |  8.93 | 477 | < .001***
VIS.VIS1                 |                 PUA.PUA4 |  0.31 | [ 0.22,  0.39] |  7.06 | 477 | < .001***
VIS.VIS1                 |                 PUA.PUA5 |  0.29 | [ 0.21,  0.37] |  6.70 | 477 | < .001***
VIS.VIS1                 |                 PUA.PUA6 |  0.31 | [ 0.22,  0.39] |  7.03 | 477 | < .001***
VIS.VIS1                 |                 PUA.PUA7 |  0.33 | [ 0.25,  0.41] |  7.75 | 477 | < .001***
VIS.VIS1                 |                 PUA.PUA8 |  0.34 | [ 0.25,  0.41] |  7.77 | 477 | < .001***
VIS.VIS1                 |                 RES.RES1 |  0.26 | [ 0.17,  0.34] |  5.88 | 477 | < .001***
VIS.VIS1                 |                 RES.RES2 |  0.24 | [ 0.15,  0.32] |  5.43 | 477 | < .001***
VIS.VIS1                 |                 RES.RES3 |  0.29 | [ 0.20,  0.37] |  6.53 | 477 | < .001***
VIS.VIS1                 |                 SQR.SQR2 |  0.24 | [ 0.16,  0.33] |  5.50 | 477 | < .001***
VIS.VIS1                 |                 SQR.SQR3 |  0.21 | [ 0.12,  0.29] |  4.58 | 477 | 0.034*   
VIS.VIS1                 |                   LS.LS1 |  0.35 | [ 0.27,  0.43] |  8.15 | 477 | < .001***
VIS.VIS1                 |                   LS.LS2 |  0.26 | [ 0.17,  0.34] |  5.88 | 477 | < .001***
VIS.VIS1                 |                   LS.LS3 |  0.25 | [ 0.17,  0.33] |  5.67 | 477 | < .001***
VIS.VIS1                 |                   LS.LS4 |  0.33 | [ 0.25,  0.41] |  7.62 | 477 | < .001***
VIS.VIS1                 |                   LS.LS5 |  0.38 | [ 0.31,  0.46] |  9.09 | 477 | < .001***
VIS.VIS1                 |                   LS.LS6 |  0.32 | [ 0.23,  0.39] |  7.27 | 477 | < .001***
VIS.VIS1                 |                   LS.LS7 |  0.32 | [ 0.24,  0.40] |  7.32 | 477 | < .001***
VIS.VIS1                 |                   LS.LS8 |  0.36 | [ 0.28,  0.44] |  8.44 | 477 | < .001***
VIS.VIS1                 |                 PPC.PPC1 |  0.33 | [ 0.25,  0.41] |  7.70 | 477 | < .001***
VIS.VIS1                 |                 PPC.PPC2 |  0.29 | [ 0.21,  0.37] |  6.74 | 477 | < .001***
VIS.VIS1                 |                 PPC.PPC3 |  0.26 | [ 0.18,  0.34] |  5.91 | 477 | < .001***
VIS.VIS1                 |                 PPC.PPC4 |  0.32 | [ 0.23,  0.39] |  7.27 | 477 | < .001***
VIS.VIS1                 |                 PPC.PPC5 |  0.39 | [ 0.31,  0.47] |  9.30 | 477 | < .001***
VIS.VIS1                 |                 PPC.PPC6 |  0.33 | [ 0.25,  0.41] |  7.60 | 477 | < .001***
VIS.VIS1                 |                   PS.PS1 |  0.35 | [ 0.27,  0.42] |  8.12 | 477 | < .001***
VIS.VIS1                 |                   PS.PS2 |  0.37 | [ 0.29,  0.44] |  8.65 | 477 | < .001***
VIS.VIS1                 |                   PS.PS3 |  0.39 | [ 0.31,  0.46] |  9.18 | 477 | < .001***
VIS.VIS1                 |                   PS.PS4 |  0.35 | [ 0.26,  0.42] |  8.05 | 477 | < .001***
VIS.VIS1                 |                   PS.PS5 |  0.35 | [ 0.27,  0.43] |  8.29 | 477 | < .001***
VIS.VIS1                 |                   PS.PS6 |  0.32 | [ 0.24,  0.40] |  7.40 | 477 | < .001***
VIS.VIS1                 |                   PS.PS7 |  0.28 | [ 0.19,  0.36] |  6.35 | 477 | < .001***
VIS.VIS1                 |                   PS.PS8 |  0.29 | [ 0.21,  0.37] |  6.74 | 477 | < .001***
VIS.VIS1                 |                   PS.PS9 |  0.36 | [ 0.28,  0.43] |  8.38 | 477 | < .001***
VIS.VIS1                 |                  PS.PS10 |  0.35 | [ 0.27,  0.43] |  8.22 | 477 | < .001***
VIS.VIS1                 |                  PS.PS11 |  0.36 | [ 0.28,  0.44] |  8.48 | 477 | < .001***
VIS.VIS1                 |                 PUI.PUI1 |  0.35 | [ 0.27,  0.43] |  8.15 | 477 | < .001***
VIS.VIS1                 |                 PUI.PUI2 |  0.35 | [ 0.27,  0.43] |  8.24 | 477 | < .001***
VIS.VIS1                 |                 PUI.PUI3 |  0.31 | [ 0.23,  0.39] |  7.10 | 477 | < .001***
VIS.VIS1                 |                 PUI.PUI4 |  0.31 | [ 0.22,  0.39] |  7.05 | 477 | < .001***
VIS.VIS1                 |                 PUI.PUI5 |  0.35 | [ 0.27,  0.43] |  8.21 | 477 | < .001***
VIS.VIS1                 |                 PUI.PUI6 |  0.33 | [ 0.25,  0.41] |  7.67 | 477 | < .001***
VIS.VIS1                 |                 PUI.PUI7 |  0.32 | [ 0.24,  0.40] |  7.49 | 477 | < .001***
VIS.VIS1                 |                 PUI.PUI8 |  0.29 | [ 0.20,  0.37] |  6.53 | 477 | < .001***
VIS.VIS1                 |                 TKR.TKR2 |  0.24 | [ 0.15,  0.32] |  5.37 | 477 | < .001***
VIS.VIS1                 |                 TKR.TKR3 |  0.25 | [ 0.16,  0.33] |  5.55 | 477 | < .001***
VIS.VIS1                 |                 TKR.TKR4 |  0.24 | [ 0.15,  0.32] |  5.32 | 477 | < .001***
VIS.VIS1                 |                 WEI.WEI1 |  0.30 | [ 0.21,  0.38] |  6.83 | 477 | < .001***
VIS.VIS1                 |                 WEI.WEI2 |  0.38 | [ 0.30,  0.45] |  8.99 | 477 | < .001***
VIS.VIS1                 |                 WEI.WEI3 |  0.41 | [ 0.33,  0.48] |  9.79 | 477 | < .001***
VIS.VIS1                 |                 WEI.WEI4 |  0.34 | [ 0.25,  0.41] |  7.78 | 477 | < .001***
VIS.VIS1                 |                 WEI.WEI5 |  0.42 | [ 0.34,  0.49] | 10.10 | 477 | < .001***
VIS.VIS1                 |                 WEI.WEI6 |  0.39 | [ 0.31,  0.47] |  9.34 | 477 | < .001***
VIS.VIS1                 |                 WEI.WEI7 |  0.37 | [ 0.29,  0.45] |  8.79 | 477 | < .001***
VIS.VIS1                 |                 WEI.WEI8 |  0.40 | [ 0.32,  0.47] |  9.52 | 477 | < .001***
VIS.VIS1                 |            WORKPACE.SQ01 |  0.21 | [ 0.12,  0.29] |  4.68 | 475 | 0.021*   
VIS.VIS1                 |                 AUTONOMY |  0.21 | [ 0.12,  0.29] |  4.68 | 475 | 0.021*   
VIS.VIS2                 |                 VIS.VIS3 |  0.64 | [ 0.59,  0.69] | 18.36 | 477 | < .001***
VIS.VIS2                 |                 PUA.PUA1 |  0.31 | [ 0.23,  0.39] |  7.24 | 477 | < .001***
VIS.VIS2                 |                 PUA.PUA2 |  0.31 | [ 0.23,  0.39] |  7.17 | 477 | < .001***
VIS.VIS2                 |                 PUA.PUA3 |  0.29 | [ 0.20,  0.37] |  6.52 | 477 | < .001***
VIS.VIS2                 |                 PUA.PUA4 |  0.24 | [ 0.15,  0.32] |  5.39 | 477 | < .001***
VIS.VIS2                 |                 PUA.PUA5 |  0.29 | [ 0.21,  0.37] |  6.64 | 477 | < .001***
VIS.VIS2                 |                 PUA.PUA6 |  0.27 | [ 0.19,  0.36] |  6.23 | 477 | < .001***
VIS.VIS2                 |                 PUA.PUA7 |  0.29 | [ 0.20,  0.37] |  6.53 | 477 | < .001***
VIS.VIS2                 |                 PUA.PUA8 |  0.26 | [ 0.18,  0.34] |  5.90 | 477 | < .001***
VIS.VIS2                 |                 RES.RES1 |  0.25 | [ 0.16,  0.33] |  5.66 | 477 | < .001***
VIS.VIS2                 |                 RES.RES2 |  0.24 | [ 0.16,  0.33] |  5.49 | 477 | < .001***
VIS.VIS2                 |                 RES.RES3 |  0.25 | [ 0.16,  0.33] |  5.58 | 477 | < .001***
VIS.VIS2                 |                 SQR.SQR2 |  0.21 | [ 0.13,  0.30] |  4.80 | 477 | 0.012*   
VIS.VIS2                 |                 SQR.SQR3 |  0.25 | [ 0.16,  0.33] |  5.60 | 477 | < .001***
VIS.VIS2                 |                   LS.LS1 |  0.26 | [ 0.17,  0.34] |  5.85 | 477 | < .001***
VIS.VIS2                 |                   LS.LS2 |  0.26 | [ 0.17,  0.34] |  5.83 | 477 | < .001***
VIS.VIS2                 |                   LS.LS3 |  0.27 | [ 0.18,  0.35] |  6.00 | 477 | < .001***
VIS.VIS2                 |                   LS.LS4 |  0.26 | [ 0.17,  0.34] |  5.80 | 477 | < .001***
VIS.VIS2                 |                   LS.LS5 |  0.32 | [ 0.23,  0.39] |  7.29 | 477 | < .001***
VIS.VIS2                 |                   LS.LS6 |  0.31 | [ 0.23,  0.39] |  7.20 | 477 | < .001***
VIS.VIS2                 |                   LS.LS7 |  0.34 | [ 0.26,  0.42] |  7.88 | 477 | < .001***
VIS.VIS2                 |                   LS.LS8 |  0.30 | [ 0.21,  0.38] |  6.75 | 477 | < .001***
VIS.VIS2                 |                 PPC.PPC1 |  0.33 | [ 0.25,  0.41] |  7.61 | 477 | < .001***
VIS.VIS2                 |                 PPC.PPC2 |  0.23 | [ 0.14,  0.31] |  5.06 | 477 | 0.004**  
VIS.VIS2                 |                 PPC.PPC3 |  0.24 | [ 0.15,  0.32] |  5.35 | 477 | < .001***
VIS.VIS2                 |                 PPC.PPC4 |  0.28 | [ 0.20,  0.36] |  6.40 | 477 | < .001***
VIS.VIS2                 |                 PPC.PPC5 |  0.29 | [ 0.20,  0.37] |  6.59 | 477 | < .001***
VIS.VIS2                 |                 PPC.PPC6 |  0.32 | [ 0.23,  0.40] |  7.30 | 477 | < .001***
VIS.VIS2                 |                   PS.PS1 |  0.29 | [ 0.21,  0.37] |  6.68 | 477 | < .001***
VIS.VIS2                 |                   PS.PS2 |  0.29 | [ 0.21,  0.37] |  6.64 | 477 | < .001***
VIS.VIS2                 |                   PS.PS3 |  0.31 | [ 0.23,  0.39] |  7.09 | 477 | < .001***
VIS.VIS2                 |                   PS.PS4 |  0.28 | [ 0.20,  0.36] |  6.40 | 477 | < .001***
VIS.VIS2                 |                   PS.PS5 |  0.33 | [ 0.25,  0.41] |  7.69 | 477 | < .001***
VIS.VIS2                 |                   PS.PS6 |  0.23 | [ 0.15,  0.32] |  5.26 | 477 | 0.001**  
VIS.VIS2                 |                   PS.PS7 |  0.26 | [ 0.18,  0.34] |  5.92 | 477 | < .001***
VIS.VIS2                 |                   PS.PS8 |  0.25 | [ 0.16,  0.33] |  5.58 | 477 | < .001***
VIS.VIS2                 |                   PS.PS9 |  0.31 | [ 0.23,  0.39] |  7.25 | 477 | < .001***
VIS.VIS2                 |                  PS.PS10 |  0.27 | [ 0.19,  0.36] |  6.24 | 477 | < .001***
VIS.VIS2                 |                  PS.PS11 |  0.25 | [ 0.16,  0.33] |  5.63 | 477 | < .001***
VIS.VIS2                 |                 PUI.PUI1 |  0.30 | [ 0.21,  0.38] |  6.82 | 477 | < .001***
VIS.VIS2                 |                 PUI.PUI2 |  0.33 | [ 0.25,  0.41] |  7.57 | 477 | < .001***
VIS.VIS2                 |                 PUI.PUI3 |  0.30 | [ 0.22,  0.38] |  6.89 | 477 | < .001***
VIS.VIS2                 |                 PUI.PUI4 |  0.29 | [ 0.21,  0.37] |  6.64 | 477 | < .001***
VIS.VIS2                 |                 PUI.PUI5 |  0.30 | [ 0.21,  0.38] |  6.79 | 477 | < .001***
VIS.VIS2                 |                 PUI.PUI6 |  0.26 | [ 0.18,  0.35] |  5.98 | 477 | < .001***
VIS.VIS2                 |                 PUI.PUI7 |  0.29 | [ 0.21,  0.37] |  6.66 | 477 | < .001***
VIS.VIS2                 |                 PUI.PUI8 |  0.27 | [ 0.18,  0.35] |  6.08 | 477 | < .001***
VIS.VIS2                 |                 TKR.TKR1 |  0.23 | [ 0.14,  0.31] |  5.15 | 477 | 0.002**  
VIS.VIS2                 |                 TKR.TKR2 |  0.24 | [ 0.15,  0.32] |  5.29 | 477 | 0.001**  
VIS.VIS2                 |                 TKR.TKR3 |  0.28 | [ 0.20,  0.36] |  6.44 | 477 | < .001***
VIS.VIS2                 |                 WEI.WEI1 |  0.31 | [ 0.22,  0.39] |  7.02 | 477 | < .001***
VIS.VIS2                 |                 WEI.WEI2 |  0.32 | [ 0.24,  0.40] |  7.34 | 477 | < .001***
VIS.VIS2                 |                 WEI.WEI3 |  0.38 | [ 0.30,  0.45] |  8.88 | 477 | < .001***
VIS.VIS2                 |                 WEI.WEI4 |  0.32 | [ 0.24,  0.40] |  7.46 | 477 | < .001***
VIS.VIS2                 |                 WEI.WEI5 |  0.35 | [ 0.27,  0.43] |  8.14 | 477 | < .001***
VIS.VIS2                 |                 WEI.WEI6 |  0.37 | [ 0.29,  0.44] |  8.63 | 477 | < .001***
VIS.VIS2                 |                 WEI.WEI7 |  0.37 | [ 0.29,  0.45] |  8.75 | 477 | < .001***
VIS.VIS2                 |                 WEI.WEI8 |  0.36 | [ 0.27,  0.43] |  8.31 | 477 | < .001***
VIS.VIS2                 |            WORKPACE.SQ01 |  0.23 | [ 0.14,  0.31] |  5.06 | 475 | 0.004**  
VIS.VIS3                 |                 VOI.VOI4 |  0.24 | [ 0.16,  0.32] |  5.43 | 477 | < .001***
VIS.VIS3                 |                 PUA.PUA1 |  0.35 | [ 0.27,  0.43] |  8.28 | 477 | < .001***
VIS.VIS3                 |                 PUA.PUA2 |  0.33 | [ 0.25,  0.41] |  7.75 | 477 | < .001***
VIS.VIS3                 |                 PUA.PUA3 |  0.33 | [ 0.25,  0.41] |  7.75 | 477 | < .001***
VIS.VIS3                 |                 PUA.PUA4 |  0.30 | [ 0.22,  0.38] |  6.97 | 477 | < .001***
VIS.VIS3                 |                 PUA.PUA5 |  0.32 | [ 0.24,  0.40] |  7.49 | 477 | < .001***
VIS.VIS3                 |                 PUA.PUA6 |  0.21 | [ 0.13,  0.30] |  4.80 | 477 | 0.013*   
VIS.VIS3                 |                 PUA.PUA7 |  0.29 | [ 0.20,  0.37] |  6.50 | 477 | < .001***
VIS.VIS3                 |                 PUA.PUA8 |  0.31 | [ 0.23,  0.39] |  7.12 | 477 | < .001***
VIS.VIS3                 |                 RES.RES1 |  0.28 | [ 0.20,  0.36] |  6.42 | 477 | < .001***
VIS.VIS3                 |                 RES.RES2 |  0.27 | [ 0.18,  0.35] |  6.08 | 477 | < .001***
VIS.VIS3                 |                 RES.RES3 |  0.28 | [ 0.19,  0.36] |  6.30 | 477 | < .001***
VIS.VIS3                 |                   LS.LS1 |  0.34 | [ 0.25,  0.41] |  7.80 | 477 | < .001***
VIS.VIS3                 |                   LS.LS2 |  0.30 | [ 0.21,  0.38] |  6.82 | 477 | < .001***
VIS.VIS3                 |                   LS.LS3 |  0.24 | [ 0.15,  0.32] |  5.40 | 477 | < .001***
VIS.VIS3                 |                   LS.LS4 |  0.29 | [ 0.21,  0.37] |  6.71 | 477 | < .001***
VIS.VIS3                 |                   LS.LS5 |  0.25 | [ 0.17,  0.33] |  5.71 | 477 | < .001***
VIS.VIS3                 |                   LS.LS6 |  0.29 | [ 0.20,  0.37] |  6.50 | 477 | < .001***
VIS.VIS3                 |                   LS.LS7 |  0.29 | [ 0.21,  0.37] |  6.67 | 477 | < .001***
VIS.VIS3                 |                   LS.LS8 |  0.24 | [ 0.16,  0.32] |  5.45 | 477 | < .001***
VIS.VIS3                 |                 PPC.PPC1 |  0.33 | [ 0.25,  0.41] |  7.66 | 477 | < .001***
VIS.VIS3                 |                 PPC.PPC2 |  0.31 | [ 0.23,  0.39] |  7.18 | 477 | < .001***
VIS.VIS3                 |                 PPC.PPC3 |  0.27 | [ 0.18,  0.35] |  6.02 | 477 | < .001***
VIS.VIS3                 |                 PPC.PPC4 |  0.30 | [ 0.22,  0.38] |  6.86 | 477 | < .001***
VIS.VIS3                 |                 PPC.PPC5 |  0.30 | [ 0.22,  0.38] |  6.97 | 477 | < .001***
VIS.VIS3                 |                 PPC.PPC6 |  0.29 | [ 0.21,  0.37] |  6.73 | 477 | < .001***
VIS.VIS3                 |                   PS.PS1 |  0.36 | [ 0.27,  0.43] |  8.29 | 477 | < .001***
VIS.VIS3                 |                   PS.PS2 |  0.31 | [ 0.23,  0.39] |  7.23 | 477 | < .001***
VIS.VIS3                 |                   PS.PS3 |  0.31 | [ 0.23,  0.39] |  7.20 | 477 | < .001***
VIS.VIS3                 |                   PS.PS4 |  0.33 | [ 0.24,  0.40] |  7.56 | 477 | < .001***
VIS.VIS3                 |                   PS.PS5 |  0.31 | [ 0.22,  0.38] |  7.01 | 477 | < .001***
VIS.VIS3                 |                   PS.PS6 |  0.33 | [ 0.25,  0.41] |  7.71 | 477 | < .001***
VIS.VIS3                 |                   PS.PS7 |  0.30 | [ 0.21,  0.38] |  6.78 | 477 | < .001***
VIS.VIS3                 |                   PS.PS8 |  0.33 | [ 0.25,  0.41] |  7.58 | 477 | < .001***
VIS.VIS3                 |                   PS.PS9 |  0.31 | [ 0.23,  0.39] |  7.13 | 477 | < .001***
VIS.VIS3                 |                  PS.PS10 |  0.26 | [ 0.18,  0.34] |  5.94 | 477 | < .001***
VIS.VIS3                 |                  PS.PS11 |  0.30 | [ 0.21,  0.37] |  6.75 | 477 | < .001***
VIS.VIS3                 |                 PUI.PUI1 |  0.38 | [ 0.30,  0.45] |  8.92 | 477 | < .001***
VIS.VIS3                 |                 PUI.PUI2 |  0.33 | [ 0.24,  0.41] |  7.57 | 477 | < .001***
VIS.VIS3                 |                 PUI.PUI3 |  0.32 | [ 0.24,  0.40] |  7.49 | 477 | < .001***
VIS.VIS3                 |                 PUI.PUI4 |  0.31 | [ 0.23,  0.39] |  7.19 | 477 | < .001***
VIS.VIS3                 |                 PUI.PUI5 |  0.35 | [ 0.27,  0.43] |  8.14 | 477 | < .001***
VIS.VIS3                 |                 PUI.PUI6 |  0.27 | [ 0.18,  0.35] |  6.08 | 477 | < .001***
VIS.VIS3                 |                 PUI.PUI7 |  0.30 | [ 0.22,  0.38] |  6.88 | 477 | < .001***
VIS.VIS3                 |                 PUI.PUI8 |  0.30 | [ 0.22,  0.38] |  6.96 | 477 | < .001***
VIS.VIS3                 |                 TKR.TKR1 |  0.21 | [ 0.12,  0.29] |  4.64 | 477 | 0.027*   
VIS.VIS3                 |                 TKR.TKR2 |  0.22 | [ 0.14,  0.31] |  4.98 | 477 | 0.005**  
VIS.VIS3                 |                 TKR.TKR3 |  0.24 | [ 0.16,  0.33] |  5.52 | 477 | < .001***
VIS.VIS3                 |                 WEI.WEI1 |  0.28 | [ 0.19,  0.36] |  6.36 | 477 | < .001***
VIS.VIS3                 |                 WEI.WEI2 |  0.36 | [ 0.28,  0.43] |  8.35 | 477 | < .001***
VIS.VIS3                 |                 WEI.WEI3 |  0.33 | [ 0.25,  0.41] |  7.74 | 477 | < .001***
VIS.VIS3                 |                 WEI.WEI4 |  0.33 | [ 0.25,  0.41] |  7.62 | 477 | < .001***
VIS.VIS3                 |                 WEI.WEI5 |  0.32 | [ 0.24,  0.40] |  7.34 | 477 | < .001***
VIS.VIS3                 |                 WEI.WEI6 |  0.30 | [ 0.22,  0.38] |  6.95 | 477 | < .001***
VIS.VIS3                 |                 WEI.WEI7 |  0.33 | [ 0.25,  0.41] |  7.72 | 477 | < .001***
VIS.VIS3                 |                 WEI.WEI8 |  0.31 | [ 0.22,  0.39] |  7.05 | 477 | < .001***
VIS.VIS3                 |            WORKPACE.SQ01 |  0.29 | [ 0.20,  0.37] |  6.56 | 475 | < .001***
VOI.VOI1                 |                 VOI.VOI2 |  0.73 | [ 0.68,  0.77] | 23.24 | 477 | < .001***
VOI.VOI1                 |                 VOI.VOI3 |  0.63 | [ 0.57,  0.68] | 17.70 | 477 | < .001***
VOI.VOI1                 |                 VOI.VOI4 | -0.21 | [-0.29, -0.12] | -4.59 | 477 | 0.032*   
VOI.VOI1                 |                 PUA.PUA6 |  0.34 | [ 0.26,  0.42] |  8.00 | 477 | < .001***
VOI.VOI1                 |                 RES.RES4 |  0.34 | [ 0.25,  0.41] |  7.77 | 477 | < .001***
VOI.VOI1                 |                 SQR.SQR2 |  0.27 | [ 0.19,  0.35] |  6.22 | 477 | < .001***
VOI.VOI1                 |                 SQR.SQR3 |  0.32 | [ 0.24,  0.40] |  7.49 | 477 | < .001***
VOI.VOI1                 |                   SR.SR1 |  0.38 | [ 0.31,  0.46] |  9.11 | 477 | < .001***
VOI.VOI1                 |                   SR.SR2 |  0.39 | [ 0.31,  0.46] |  9.15 | 477 | < .001***
VOI.VOI1                 |                   SR.SR3 |  0.38 | [ 0.30,  0.45] |  8.89 | 477 | < .001***
VOI.VOI1                 |                   SR.SR4 |  0.37 | [ 0.29,  0.45] |  8.81 | 477 | < .001***
VOI.VOI1                 |                   LS.LS3 |  0.23 | [ 0.15,  0.31] |  5.20 | 477 | 0.002**  
VOI.VOI1                 |                   LS.LS5 |  0.22 | [ 0.14,  0.31] |  4.97 | 477 | 0.005**  
VOI.VOI1                 |                   LS.LS6 |  0.26 | [ 0.18,  0.35] |  6.00 | 477 | < .001***
VOI.VOI1                 |                   LS.LS7 |  0.29 | [ 0.20,  0.37] |  6.52 | 477 | < .001***
VOI.VOI1                 |                   LS.LS8 |  0.21 | [ 0.12,  0.29] |  4.57 | 477 | 0.035*   
VOI.VOI1                 |                 PPC.PPC4 |  0.20 | [ 0.11,  0.29] |  4.51 | 477 | 0.048*   
VOI.VOI1                 |                 PPC.PPC5 |  0.34 | [ 0.26,  0.41] |  7.84 | 477 | < .001***
VOI.VOI1                 |                  PS.PS10 |  0.21 | [ 0.12,  0.29] |  4.63 | 477 | 0.027*   
VOI.VOI1                 |                 PUI.PUI6 |  0.31 | [ 0.23,  0.39] |  7.15 | 477 | < .001***
VOI.VOI1                 |                 TKR.TKR1 |  0.33 | [ 0.25,  0.41] |  7.60 | 477 | < .001***
VOI.VOI1                 |                 TKR.TKR2 |  0.32 | [ 0.24,  0.40] |  7.35 | 477 | < .001***
VOI.VOI1                 |                 TKR.TKR3 |  0.31 | [ 0.22,  0.39] |  7.06 | 477 | < .001***
VOI.VOI1                 |                 TKR.TKR4 |  0.41 | [ 0.34,  0.48] |  9.89 | 477 | < .001***
VOI.VOI1                 |                 WEI.WEI3 |  0.26 | [ 0.17,  0.34] |  5.83 | 477 | < .001***
VOI.VOI1                 |                 WEI.WEI5 |  0.28 | [ 0.19,  0.36] |  6.28 | 477 | < .001***
VOI.VOI1                 |                 WEI.WEI7 |  0.30 | [ 0.21,  0.38] |  6.80 | 477 | < .001***
VOI.VOI1                 |                 MEASURES |  0.28 | [ 0.20,  0.36] |  6.47 | 477 | < .001***
VOI.VOI1                 |                MEASURES2 |  0.32 | [ 0.20,  0.42] |  5.27 | 248 | 0.002**  
VOI.VOI2                 |                 VOI.VOI3 |  0.68 | [ 0.63,  0.73] | 20.49 | 477 | < .001***
VOI.VOI2                 |                 VOI.VOI4 | -0.30 | [-0.38, -0.22] | -6.93 | 477 | < .001***
VOI.VOI2                 |                 PUA.PUA6 |  0.36 | [ 0.28,  0.43] |  8.40 | 477 | < .001***
VOI.VOI2                 |                 RES.RES4 |  0.47 | [ 0.40,  0.54] | 11.60 | 477 | < .001***
VOI.VOI2                 |                 SQR.SQR2 |  0.25 | [ 0.17,  0.34] |  5.73 | 477 | < .001***
VOI.VOI2                 |                 SQR.SQR3 |  0.41 | [ 0.33,  0.48] |  9.76 | 477 | < .001***
VOI.VOI2                 |                   SR.SR1 |  0.47 | [ 0.40,  0.54] | 11.66 | 477 | < .001***
VOI.VOI2                 |                   SR.SR2 |  0.53 | [ 0.47,  0.60] | 13.81 | 477 | < .001***
VOI.VOI2                 |                   SR.SR3 |  0.49 | [ 0.42,  0.55] | 12.19 | 477 | < .001***
VOI.VOI2                 |                   SR.SR4 |  0.45 | [ 0.37,  0.52] | 10.96 | 477 | < .001***
VOI.VOI2                 |                   LS.LS3 |  0.22 | [ 0.14,  0.31] |  4.98 | 477 | 0.005**  
VOI.VOI2                 |                   LS.LS7 |  0.25 | [ 0.17,  0.34] |  5.74 | 477 | < .001***
VOI.VOI2                 |                 PPC.PPC5 |  0.31 | [ 0.23,  0.39] |  7.14 | 477 | < .001***
VOI.VOI2                 |                 PUI.PUI6 |  0.31 | [ 0.23,  0.39] |  7.18 | 477 | < .001***
VOI.VOI2                 |                 TKR.TKR1 |  0.39 | [ 0.31,  0.46] |  9.15 | 477 | < .001***
VOI.VOI2                 |                 TKR.TKR2 |  0.35 | [ 0.27,  0.43] |  8.26 | 477 | < .001***
VOI.VOI2                 |                 TKR.TKR3 |  0.32 | [ 0.24,  0.40] |  7.48 | 477 | < .001***
VOI.VOI2                 |                 TKR.TKR4 |  0.46 | [ 0.38,  0.53] | 11.24 | 477 | < .001***
VOI.VOI2                 |                 WEI.WEI5 |  0.25 | [ 0.17,  0.34] |  5.75 | 477 | < .001***
VOI.VOI2                 |                 WEI.WEI7 |  0.24 | [ 0.15,  0.32] |  5.40 | 477 | < .001***
VOI.VOI2                 |       PERCEPTION.PROJPOS | -0.32 | [-0.39, -0.23] | -7.26 | 476 | < .001***
VOI.VOI2                 |         PERCEPTION.DTPOS | -0.28 | [-0.36, -0.20] | -6.43 | 475 | < .001***
VOI.VOI2                 |                 MEASURES |  0.29 | [ 0.21,  0.37] |  6.62 | 477 | < .001***
VOI.VOI2                 |                MEASURES2 |  0.33 | [ 0.22,  0.44] |  5.53 | 248 | < .001***
VOI.VOI2                 |                  WEITime | -0.25 | [-0.33, -0.17] | -5.70 | 477 | < .001***
VOI.VOI3                 |                 PUA.PUA6 |  0.34 | [ 0.25,  0.41] |  7.77 | 477 | < .001***
VOI.VOI3                 |                 RES.RES4 |  0.39 | [ 0.31,  0.46] |  9.28 | 477 | < .001***
VOI.VOI3                 |                 SQR.SQR1 |  0.21 | [ 0.12,  0.29] |  4.69 | 477 | 0.021*   
VOI.VOI3                 |                 SQR.SQR2 |  0.27 | [ 0.19,  0.36] |  6.23 | 477 | < .001***
VOI.VOI3                 |                 SQR.SQR3 |  0.38 | [ 0.30,  0.45] |  8.98 | 477 | < .001***
VOI.VOI3                 |                   SR.SR1 |  0.41 | [ 0.33,  0.48] |  9.88 | 477 | < .001***
VOI.VOI3                 |                   SR.SR2 |  0.46 | [ 0.38,  0.53] | 11.22 | 477 | < .001***
VOI.VOI3                 |                   SR.SR3 |  0.45 | [ 0.38,  0.52] | 10.99 | 477 | < .001***
VOI.VOI3                 |                   SR.SR4 |  0.43 | [ 0.36,  0.50] | 10.46 | 477 | < .001***
VOI.VOI3                 |                   LS.LS7 |  0.24 | [ 0.16,  0.33] |  5.49 | 477 | < .001***
VOI.VOI3                 |                 PPC.PPC5 |  0.31 | [ 0.22,  0.38] |  7.00 | 477 | < .001***
VOI.VOI3                 |                 PUI.PUI6 |  0.34 | [ 0.26,  0.42] |  7.86 | 477 | < .001***
VOI.VOI3                 |                 TKR.TKR1 |  0.31 | [ 0.23,  0.39] |  7.13 | 477 | < .001***
VOI.VOI3                 |                 TKR.TKR2 |  0.32 | [ 0.24,  0.40] |  7.38 | 477 | < .001***
VOI.VOI3                 |                 TKR.TKR3 |  0.27 | [ 0.18,  0.35] |  6.09 | 477 | < .001***
VOI.VOI3                 |                 TKR.TKR4 |  0.36 | [ 0.28,  0.44] |  8.47 | 477 | < .001***
VOI.VOI3                 |                 WEI.WEI5 |  0.21 | [ 0.12,  0.29] |  4.58 | 477 | 0.034*   
VOI.VOI3                 |                 WEI.WEI7 |  0.25 | [ 0.16,  0.33] |  5.53 | 477 | < .001***
VOI.VOI3                 |       PERCEPTION.PROJPOS | -0.21 | [-0.30, -0.13] | -4.79 | 476 | 0.013*   
VOI.VOI3                 |         PERCEPTION.DTPOS | -0.21 | [-0.30, -0.12] | -4.72 | 475 | 0.018*   
VOI.VOI3                 |                 MEASURES |  0.27 | [ 0.18,  0.35] |  6.11 | 477 | < .001***
VOI.VOI3                 |                MEASURES2 |  0.29 | [ 0.17,  0.40] |  4.75 | 248 | 0.020*   
VOI.VOI3                 |                  WEITime | -0.20 | [-0.29, -0.12] | -4.56 | 477 | 0.038*   
VOI.VOI4                 |                 PUA.PUA1 |  0.32 | [ 0.24,  0.40] |  7.49 | 477 | < .001***
VOI.VOI4                 |                 PUA.PUA2 |  0.31 | [ 0.23,  0.39] |  7.24 | 477 | < .001***
VOI.VOI4                 |                 PUA.PUA3 |  0.34 | [ 0.26,  0.41] |  7.82 | 477 | < .001***
VOI.VOI4                 |                 PUA.PUA4 |  0.42 | [ 0.34,  0.49] |  9.97 | 477 | < .001***
VOI.VOI4                 |                 PUA.PUA5 |  0.33 | [ 0.24,  0.40] |  7.53 | 477 | < .001***
VOI.VOI4                 |                 PUA.PUA7 |  0.33 | [ 0.24,  0.40] |  7.55 | 477 | < .001***
VOI.VOI4                 |                 PUA.PUA8 |  0.36 | [ 0.28,  0.43] |  8.39 | 477 | < .001***
VOI.VOI4                 |                 RES.RES1 |  0.24 | [ 0.15,  0.32] |  5.32 | 477 | < .001***
VOI.VOI4                 |                 RES.RES2 |  0.26 | [ 0.18,  0.34] |  5.90 | 477 | < .001***
VOI.VOI4                 |                 RES.RES3 |  0.27 | [ 0.19,  0.36] |  6.24 | 477 | < .001***
VOI.VOI4                 |                 SQR.SQR1 |  0.24 | [ 0.15,  0.32] |  5.39 | 477 | < .001***
VOI.VOI4                 |                   LS.LS1 |  0.36 | [ 0.28,  0.44] |  8.55 | 477 | < .001***
VOI.VOI4                 |                   LS.LS2 |  0.25 | [ 0.17,  0.34] |  5.74 | 477 | < .001***
VOI.VOI4                 |                   LS.LS4 |  0.28 | [ 0.20,  0.36] |  6.45 | 477 | < .001***
VOI.VOI4                 |                   LS.LS5 |  0.25 | [ 0.16,  0.33] |  5.65 | 477 | < .001***
VOI.VOI4                 |                   LS.LS6 |  0.26 | [ 0.17,  0.34] |  5.84 | 477 | < .001***
VOI.VOI4                 |                   LS.LS8 |  0.28 | [ 0.19,  0.36] |  6.27 | 477 | < .001***
VOI.VOI4                 |                 PPC.PPC1 |  0.31 | [ 0.23,  0.39] |  7.10 | 477 | < .001***
VOI.VOI4                 |                 PPC.PPC2 |  0.25 | [ 0.16,  0.33] |  5.62 | 477 | < .001***
VOI.VOI4                 |                 PPC.PPC3 |  0.34 | [ 0.25,  0.41] |  7.81 | 477 | < .001***
VOI.VOI4                 |                 PPC.PPC4 |  0.26 | [ 0.18,  0.34] |  5.94 | 477 | < .001***
VOI.VOI4                 |                 PPC.PPC6 |  0.27 | [ 0.18,  0.35] |  6.04 | 477 | < .001***
VOI.VOI4                 |                   PS.PS1 |  0.33 | [ 0.24,  0.41] |  7.56 | 477 | < .001***
VOI.VOI4                 |                   PS.PS2 |  0.36 | [ 0.27,  0.43] |  8.31 | 477 | < .001***
VOI.VOI4                 |                   PS.PS3 |  0.38 | [ 0.30,  0.45] |  8.89 | 477 | < .001***
VOI.VOI4                 |                   PS.PS4 |  0.40 | [ 0.33,  0.48] |  9.67 | 477 | < .001***
VOI.VOI4                 |                   PS.PS5 |  0.35 | [ 0.26,  0.42] |  8.06 | 477 | < .001***
VOI.VOI4                 |                   PS.PS6 |  0.34 | [ 0.26,  0.42] |  8.01 | 477 | < .001***
VOI.VOI4                 |                   PS.PS7 |  0.30 | [ 0.22,  0.38] |  6.97 | 477 | < .001***
VOI.VOI4                 |                   PS.PS8 |  0.36 | [ 0.28,  0.43] |  8.41 | 477 | < .001***
VOI.VOI4                 |                   PS.PS9 |  0.38 | [ 0.30,  0.45] |  8.87 | 477 | < .001***
VOI.VOI4                 |                  PS.PS10 |  0.25 | [ 0.16,  0.33] |  5.62 | 477 | < .001***
VOI.VOI4                 |                  PS.PS11 |  0.35 | [ 0.27,  0.43] |  8.16 | 477 | < .001***
VOI.VOI4                 |                 PUI.PUI1 |  0.30 | [ 0.21,  0.38] |  6.79 | 477 | < .001***
VOI.VOI4                 |                 PUI.PUI2 |  0.31 | [ 0.22,  0.39] |  7.07 | 477 | < .001***
VOI.VOI4                 |                 PUI.PUI3 |  0.36 | [ 0.28,  0.44] |  8.55 | 477 | < .001***
VOI.VOI4                 |                 PUI.PUI4 |  0.41 | [ 0.33,  0.48] |  9.74 | 477 | < .001***
VOI.VOI4                 |                 PUI.PUI5 |  0.33 | [ 0.24,  0.40] |  7.54 | 477 | < .001***
VOI.VOI4                 |                 PUI.PUI7 |  0.30 | [ 0.22,  0.38] |  6.92 | 477 | < .001***
VOI.VOI4                 |                 PUI.PUI8 |  0.40 | [ 0.32,  0.47] |  9.45 | 477 | < .001***
VOI.VOI4                 |                 WEI.WEI1 |  0.29 | [ 0.21,  0.37] |  6.69 | 477 | < .001***
VOI.VOI4                 |                 WEI.WEI2 |  0.34 | [ 0.26,  0.42] |  7.99 | 477 | < .001***
VOI.VOI4                 |                 WEI.WEI3 |  0.24 | [ 0.15,  0.32] |  5.31 | 477 | < .001***
VOI.VOI4                 |                 WEI.WEI4 |  0.29 | [ 0.21,  0.37] |  6.66 | 477 | < .001***
VOI.VOI4                 |                 WEI.WEI5 |  0.24 | [ 0.16,  0.32] |  5.45 | 477 | < .001***
VOI.VOI4                 |                 WEI.WEI6 |  0.31 | [ 0.23,  0.39] |  7.13 | 477 | < .001***
VOI.VOI4                 |                 WEI.WEI7 |  0.23 | [ 0.14,  0.31] |  5.18 | 477 | 0.002**  
VOI.VOI4                 |                 WEI.WEI8 |  0.22 | [ 0.14,  0.31] |  4.98 | 477 | 0.005**  
VOI.VOI4                 |       PERCEPTION.PROJPOS |  0.29 | [ 0.21,  0.37] |  6.69 | 476 | < .001***
VOI.VOI4                 |         PERCEPTION.DTPOS |  0.30 | [ 0.22,  0.38] |  6.97 | 475 | < .001***
VOI.VOI4                 |            WORKPACE.SQ01 |  0.22 | [ 0.14,  0.31] |  4.97 | 475 | 0.005**  
PUA.PUA1                 |                 PUA.PUA2 |  0.63 | [ 0.58,  0.69] | 17.92 | 477 | < .001***
PUA.PUA1                 |                 PUA.PUA3 |  0.65 | [ 0.60,  0.70] | 18.77 | 477 | < .001***
PUA.PUA1                 |                 PUA.PUA4 |  0.66 | [ 0.61,  0.71] | 19.27 | 477 | < .001***
PUA.PUA1                 |                 PUA.PUA5 |  0.61 | [ 0.55,  0.67] | 16.94 | 477 | < .001***
PUA.PUA1                 |                 PUA.PUA6 |  0.41 | [ 0.34,  0.49] |  9.93 | 477 | < .001***
PUA.PUA1                 |                 PUA.PUA7 |  0.61 | [ 0.55,  0.66] | 16.61 | 477 | < .001***
PUA.PUA1                 |                 PUA.PUA8 |  0.67 | [ 0.61,  0.71] | 19.48 | 477 | < .001***
PUA.PUA1                 |                 RES.RES1 |  0.39 | [ 0.31,  0.46] |  9.28 | 477 | < .001***
PUA.PUA1                 |                 RES.RES2 |  0.35 | [ 0.27,  0.42] |  8.09 | 477 | < .001***
PUA.PUA1                 |                 RES.RES3 |  0.41 | [ 0.34,  0.49] |  9.95 | 477 | < .001***
PUA.PUA1                 |                 SQR.SQR1 |  0.28 | [ 0.20,  0.36] |  6.48 | 477 | < .001***
PUA.PUA1                 |                 SQR.SQR2 |  0.28 | [ 0.20,  0.36] |  6.46 | 477 | < .001***
PUA.PUA1                 |                 SQR.SQR3 |  0.21 | [ 0.12,  0.30] |  4.73 | 477 | 0.017*   
PUA.PUA1                 |                   LS.LS1 |  0.46 | [ 0.39,  0.53] | 11.42 | 477 | < .001***
PUA.PUA1                 |                   LS.LS2 |  0.48 | [ 0.41,  0.55] | 11.98 | 477 | < .001***
PUA.PUA1                 |                   LS.LS3 |  0.49 | [ 0.42,  0.56] | 12.35 | 477 | < .001***
PUA.PUA1                 |                   LS.LS4 |  0.51 | [ 0.44,  0.57] | 12.96 | 477 | < .001***
PUA.PUA1                 |                   LS.LS5 |  0.54 | [ 0.48,  0.60] | 14.16 | 477 | < .001***
PUA.PUA1                 |                   LS.LS6 |  0.58 | [ 0.51,  0.63] | 15.38 | 477 | < .001***
PUA.PUA1                 |                   LS.LS7 |  0.45 | [ 0.38,  0.52] | 11.12 | 477 | < .001***
PUA.PUA1                 |                   LS.LS8 |  0.46 | [ 0.39,  0.53] | 11.35 | 477 | < .001***
PUA.PUA1                 |                 PPC.PPC1 |  0.55 | [ 0.48,  0.61] | 14.27 | 477 | < .001***
PUA.PUA1                 |                 PPC.PPC2 |  0.37 | [ 0.29,  0.45] |  8.77 | 477 | < .001***
PUA.PUA1                 |                 PPC.PPC3 |  0.48 | [ 0.41,  0.55] | 11.98 | 477 | < .001***
PUA.PUA1                 |                 PPC.PPC4 |  0.51 | [ 0.44,  0.58] | 13.09 | 477 | < .001***
PUA.PUA1                 |                 PPC.PPC5 |  0.45 | [ 0.38,  0.52] | 11.15 | 477 | < .001***
PUA.PUA1                 |                 PPC.PPC6 |  0.52 | [ 0.45,  0.59] | 13.40 | 477 | < .001***
PUA.PUA1                 |                   PS.PS1 |  0.60 | [ 0.54,  0.66] | 16.46 | 477 | < .001***
PUA.PUA1                 |                   PS.PS2 |  0.56 | [ 0.50,  0.62] | 14.89 | 477 | < .001***
PUA.PUA1                 |                   PS.PS3 |  0.54 | [ 0.47,  0.60] | 13.86 | 477 | < .001***
PUA.PUA1                 |                   PS.PS4 |  0.49 | [ 0.42,  0.55] | 12.26 | 477 | < .001***
PUA.PUA1                 |                   PS.PS5 |  0.50 | [ 0.43,  0.56] | 12.55 | 477 | < .001***
PUA.PUA1                 |                   PS.PS6 |  0.58 | [ 0.52,  0.64] | 15.67 | 477 | < .001***
PUA.PUA1                 |                   PS.PS7 |  0.51 | [ 0.44,  0.57] | 12.97 | 477 | < .001***
PUA.PUA1                 |                   PS.PS8 |  0.46 | [ 0.39,  0.53] | 11.46 | 477 | < .001***
PUA.PUA1                 |                   PS.PS9 |  0.54 | [ 0.47,  0.60] | 13.94 | 477 | < .001***
PUA.PUA1                 |                  PS.PS10 |  0.57 | [ 0.50,  0.62] | 15.02 | 477 | < .001***
PUA.PUA1                 |                  PS.PS11 |  0.54 | [ 0.47,  0.60] | 13.87 | 477 | < .001***
PUA.PUA1                 |                 PUI.PUI1 |  0.65 | [ 0.59,  0.70] | 18.63 | 477 | < .001***
PUA.PUA1                 |                 PUI.PUI2 |  0.59 | [ 0.53,  0.65] | 16.15 | 477 | < .001***
PUA.PUA1                 |                 PUI.PUI3 |  0.57 | [ 0.51,  0.63] | 15.17 | 477 | < .001***
PUA.PUA1                 |                 PUI.PUI4 |  0.53 | [ 0.46,  0.59] | 13.50 | 477 | < .001***
PUA.PUA1                 |                 PUI.PUI5 |  0.59 | [ 0.53,  0.64] | 15.89 | 477 | < .001***
PUA.PUA1                 |                 PUI.PUI6 |  0.35 | [ 0.27,  0.43] |  8.19 | 477 | < .001***
PUA.PUA1                 |                 PUI.PUI7 |  0.63 | [ 0.57,  0.68] | 17.56 | 477 | < .001***
PUA.PUA1                 |                 PUI.PUI8 |  0.54 | [ 0.47,  0.60] | 14.05 | 477 | < .001***
PUA.PUA1                 |                 TKR.TKR1 |  0.29 | [ 0.21,  0.37] |  6.60 | 477 | < .001***
PUA.PUA1                 |                 TKR.TKR2 |  0.33 | [ 0.24,  0.41] |  7.57 | 477 | < .001***
PUA.PUA1                 |                 TKR.TKR3 |  0.38 | [ 0.30,  0.45] |  8.85 | 477 | < .001***
PUA.PUA1                 |                 TKR.TKR4 |  0.31 | [ 0.22,  0.39] |  7.04 | 477 | < .001***
PUA.PUA1                 |                 WEI.WEI1 |  0.49 | [ 0.42,  0.55] | 12.18 | 477 | < .001***
PUA.PUA1                 |                 WEI.WEI2 |  0.48 | [ 0.40,  0.54] | 11.79 | 477 | < .001***
PUA.PUA1                 |                 WEI.WEI3 |  0.50 | [ 0.43,  0.57] | 12.72 | 477 | < .001***
PUA.PUA1                 |                 WEI.WEI4 |  0.51 | [ 0.44,  0.57] | 12.90 | 477 | < .001***
PUA.PUA1                 |                 WEI.WEI5 |  0.49 | [ 0.42,  0.56] | 12.27 | 477 | < .001***
PUA.PUA1                 |                 WEI.WEI6 |  0.48 | [ 0.40,  0.54] | 11.83 | 477 | < .001***
PUA.PUA1                 |                 WEI.WEI7 |  0.49 | [ 0.42,  0.55] | 12.25 | 477 | < .001***
PUA.PUA1                 |                 WEI.WEI8 |  0.52 | [ 0.45,  0.58] | 13.19 | 477 | < .001***
PUA.PUA1                 |       PERCEPTION.PROJPOS |  0.24 | [ 0.15,  0.32] |  5.29 | 476 | 0.001**  
PUA.PUA1                 |            WORKPACE.SQ01 |  0.32 | [ 0.24,  0.40] |  7.42 | 475 | < .001***
PUA.PUA1                 |                 AUTONOMY |  0.31 | [ 0.23,  0.39] |  7.12 | 475 | < .001***
PUA.PUA2                 |                 PUA.PUA3 |  0.61 | [ 0.55,  0.66] | 16.67 | 477 | < .001***
PUA.PUA2                 |                 PUA.PUA4 |  0.59 | [ 0.52,  0.64] | 15.75 | 477 | < .001***
PUA.PUA2                 |                 PUA.PUA5 |  0.63 | [ 0.58,  0.68] | 17.89 | 477 | < .001***
PUA.PUA2                 |                 PUA.PUA6 |  0.42 | [ 0.34,  0.49] |  9.97 | 477 | < .001***
PUA.PUA2                 |                 PUA.PUA7 |  0.60 | [ 0.54,  0.65] | 16.24 | 477 | < .001***
PUA.PUA2                 |                 PUA.PUA8 |  0.64 | [ 0.58,  0.69] | 18.04 | 477 | < .001***
PUA.PUA2                 |                 RES.RES1 |  0.38 | [ 0.30,  0.45] |  8.92 | 477 | < .001***
PUA.PUA2                 |                 RES.RES2 |  0.33 | [ 0.25,  0.41] |  7.65 | 477 | < .001***
PUA.PUA2                 |                 RES.RES3 |  0.40 | [ 0.32,  0.47] |  9.42 | 477 | < .001***
PUA.PUA2                 |                 SQR.SQR1 |  0.31 | [ 0.22,  0.39] |  7.06 | 477 | < .001***
PUA.PUA2                 |                 SQR.SQR2 |  0.28 | [ 0.20,  0.36] |  6.44 | 477 | < .001***
PUA.PUA2                 |                 SQR.SQR3 |  0.22 | [ 0.13,  0.30] |  4.96 | 477 | 0.006**  
PUA.PUA2                 |                   LS.LS1 |  0.53 | [ 0.47,  0.60] | 13.80 | 477 | < .001***
PUA.PUA2                 |                   LS.LS2 |  0.43 | [ 0.36,  0.50] | 10.54 | 477 | < .001***
PUA.PUA2                 |                   LS.LS3 |  0.46 | [ 0.39,  0.53] | 11.35 | 477 | < .001***
PUA.PUA2                 |                   LS.LS4 |  0.44 | [ 0.37,  0.51] | 10.77 | 477 | < .001***
PUA.PUA2                 |                   LS.LS5 |  0.51 | [ 0.44,  0.57] | 12.95 | 477 | < .001***
PUA.PUA2                 |                   LS.LS6 |  0.54 | [ 0.47,  0.60] | 13.84 | 477 | < .001***
PUA.PUA2                 |                   LS.LS7 |  0.47 | [ 0.39,  0.53] | 11.52 | 477 | < .001***
PUA.PUA2                 |                   LS.LS8 |  0.51 | [ 0.44,  0.57] | 12.94 | 477 | < .001***
PUA.PUA2                 |                 PPC.PPC1 |  0.52 | [ 0.45,  0.58] | 13.37 | 477 | < .001***
PUA.PUA2                 |                 PPC.PPC2 |  0.36 | [ 0.28,  0.43] |  8.35 | 477 | < .001***
PUA.PUA2                 |                 PPC.PPC3 |  0.43 | [ 0.36,  0.50] | 10.49 | 477 | < .001***
PUA.PUA2                 |                 PPC.PPC4 |  0.47 | [ 0.39,  0.53] | 11.50 | 477 | < .001***
PUA.PUA2                 |                 PPC.PPC5 |  0.46 | [ 0.38,  0.53] | 11.24 | 477 | < .001***
PUA.PUA2                 |                 PPC.PPC6 |  0.50 | [ 0.43,  0.56] | 12.48 | 477 | < .001***
PUA.PUA2                 |                   PS.PS1 |  0.59 | [ 0.53,  0.64] | 15.87 | 477 | < .001***
PUA.PUA2                 |                   PS.PS2 |  0.60 | [ 0.54,  0.65] | 16.36 | 477 | < .001***
PUA.PUA2                 |                   PS.PS3 |  0.58 | [ 0.51,  0.63] | 15.38 | 477 | < .001***
PUA.PUA2                 |                   PS.PS4 |  0.51 | [ 0.44,  0.57] | 12.84 | 477 | < .001***
PUA.PUA2                 |                   PS.PS5 |  0.54 | [ 0.47,  0.60] | 13.98 | 477 | < .001***
PUA.PUA2                 |                   PS.PS6 |  0.52 | [ 0.45,  0.58] | 13.39 | 477 | < .001***
PUA.PUA2                 |                   PS.PS7 |  0.56 | [ 0.49,  0.62] | 14.66 | 477 | < .001***
PUA.PUA2                 |                   PS.PS8 |  0.47 | [ 0.40,  0.54] | 11.78 | 477 | < .001***
PUA.PUA2                 |                   PS.PS9 |  0.57 | [ 0.51,  0.63] | 15.32 | 477 | < .001***
PUA.PUA2                 |                  PS.PS10 |  0.48 | [ 0.41,  0.55] | 11.98 | 477 | < .001***
PUA.PUA2                 |                  PS.PS11 |  0.54 | [ 0.48,  0.60] | 14.18 | 477 | < .001***
PUA.PUA2                 |                 PUI.PUI1 |  0.59 | [ 0.53,  0.65] | 15.94 | 477 | < .001***
PUA.PUA2                 |                 PUI.PUI2 |  0.58 | [ 0.51,  0.63] | 15.40 | 477 | < .001***
PUA.PUA2                 |                 PUI.PUI3 |  0.57 | [ 0.51,  0.63] | 15.30 | 477 | < .001***
PUA.PUA2                 |                 PUI.PUI4 |  0.49 | [ 0.42,  0.55] | 12.21 | 477 | < .001***
PUA.PUA2                 |                 PUI.PUI5 |  0.60 | [ 0.54,  0.65] | 16.28 | 477 | < .001***
PUA.PUA2                 |                 PUI.PUI6 |  0.35 | [ 0.27,  0.42] |  8.07 | 477 | < .001***
PUA.PUA2                 |                 PUI.PUI7 |  0.57 | [ 0.51,  0.63] | 15.14 | 477 | < .001***
PUA.PUA2                 |                 PUI.PUI8 |  0.52 | [ 0.45,  0.58] | 13.18 | 477 | < .001***
PUA.PUA2                 |                 TKR.TKR1 |  0.21 | [ 0.12,  0.30] |  4.74 | 477 | 0.016*   
PUA.PUA2                 |                 TKR.TKR2 |  0.31 | [ 0.22,  0.39] |  7.06 | 477 | < .001***
PUA.PUA2                 |                 TKR.TKR3 |  0.36 | [ 0.28,  0.44] |  8.53 | 477 | < .001***
PUA.PUA2                 |                 TKR.TKR4 |  0.21 | [ 0.13,  0.30] |  4.78 | 477 | 0.013*   
PUA.PUA2                 |                 WEI.WEI1 |  0.55 | [ 0.48,  0.61] | 14.26 | 477 | < .001***
PUA.PUA2                 |                 WEI.WEI2 |  0.53 | [ 0.46,  0.59] | 13.67 | 477 | < .001***
PUA.PUA2                 |                 WEI.WEI3 |  0.51 | [ 0.44,  0.57] | 12.91 | 477 | < .001***
PUA.PUA2                 |                 WEI.WEI4 |  0.52 | [ 0.45,  0.58] | 13.12 | 477 | < .001***
PUA.PUA2                 |                 WEI.WEI5 |  0.51 | [ 0.44,  0.57] | 12.88 | 477 | < .001***
PUA.PUA2                 |                 WEI.WEI6 |  0.44 | [ 0.36,  0.51] | 10.66 | 477 | < .001***
PUA.PUA2                 |                 WEI.WEI7 |  0.44 | [ 0.37,  0.51] | 10.79 | 477 | < .001***
PUA.PUA2                 |                 WEI.WEI8 |  0.52 | [ 0.46,  0.59] | 13.42 | 477 | < .001***
PUA.PUA2                 |       PERCEPTION.PROJPOS |  0.27 | [ 0.19,  0.35] |  6.12 | 476 | < .001***
PUA.PUA2                 |         PERCEPTION.DTPOS |  0.23 | [ 0.15,  0.32] |  5.20 | 475 | 0.002**  
PUA.PUA2                 |            WORKPACE.SQ01 |  0.32 | [ 0.24,  0.40] |  7.34 | 475 | < .001***
PUA.PUA2                 |                 AUTONOMY |  0.27 | [ 0.19,  0.35] |  6.12 | 475 | < .001***
PUA.PUA3                 |                 PUA.PUA4 |  0.61 | [ 0.55,  0.66] | 16.64 | 477 | < .001***
PUA.PUA3                 |                 PUA.PUA5 |  0.55 | [ 0.48,  0.61] | 14.35 | 477 | < .001***
PUA.PUA3                 |                 PUA.PUA6 |  0.36 | [ 0.28,  0.44] |  8.42 | 477 | < .001***
PUA.PUA3                 |                 PUA.PUA7 |  0.59 | [ 0.53,  0.64] | 15.93 | 477 | < .001***
PUA.PUA3                 |                 PUA.PUA8 |  0.64 | [ 0.59,  0.69] | 18.24 | 477 | < .001***
PUA.PUA3                 |                 RES.RES1 |  0.38 | [ 0.30,  0.46] |  9.01 | 477 | < .001***
PUA.PUA3                 |                 RES.RES2 |  0.37 | [ 0.29,  0.45] |  8.77 | 477 | < .001***
PUA.PUA3                 |                 RES.RES3 |  0.45 | [ 0.37,  0.52] | 10.92 | 477 | < .001***
PUA.PUA3                 |                 SQR.SQR1 |  0.32 | [ 0.23,  0.39] |  7.29 | 477 | < .001***
PUA.PUA3                 |                 SQR.SQR2 |  0.29 | [ 0.20,  0.37] |  6.52 | 477 | < .001***
PUA.PUA3                 |                 SQR.SQR3 |  0.22 | [ 0.13,  0.30] |  4.94 | 477 | 0.006**  
PUA.PUA3                 |                   LS.LS1 |  0.54 | [ 0.48,  0.60] | 14.10 | 477 | < .001***
PUA.PUA3                 |                   LS.LS2 |  0.50 | [ 0.43,  0.57] | 12.73 | 477 | < .001***
PUA.PUA3                 |                   LS.LS3 |  0.48 | [ 0.41,  0.54] | 11.89 | 477 | < .001***
PUA.PUA3                 |                   LS.LS4 |  0.52 | [ 0.45,  0.58] | 13.39 | 477 | < .001***
PUA.PUA3                 |                   LS.LS5 |  0.56 | [ 0.49,  0.62] | 14.61 | 477 | < .001***
PUA.PUA3                 |                   LS.LS6 |  0.51 | [ 0.44,  0.57] | 12.99 | 477 | < .001***
PUA.PUA3                 |                   LS.LS7 |  0.43 | [ 0.35,  0.50] | 10.36 | 477 | < .001***
PUA.PUA3                 |                   LS.LS8 |  0.52 | [ 0.45,  0.58] | 13.22 | 477 | < .001***
PUA.PUA3                 |                 PPC.PPC1 |  0.53 | [ 0.46,  0.59] | 13.73 | 477 | < .001***
PUA.PUA3                 |                 PPC.PPC2 |  0.41 | [ 0.33,  0.48] |  9.84 | 477 | < .001***
PUA.PUA3                 |                 PPC.PPC3 |  0.44 | [ 0.36,  0.51] | 10.65 | 477 | < .001***
PUA.PUA3                 |                 PPC.PPC4 |  0.49 | [ 0.42,  0.56] | 12.29 | 477 | < .001***
PUA.PUA3                 |                 PPC.PPC5 |  0.40 | [ 0.32,  0.47] |  9.53 | 477 | < .001***
PUA.PUA3                 |                 PPC.PPC6 |  0.47 | [ 0.40,  0.54] | 11.62 | 477 | < .001***
PUA.PUA3                 |                   PS.PS1 |  0.62 | [ 0.56,  0.67] | 17.19 | 477 | < .001***
PUA.PUA3                 |                   PS.PS2 |  0.57 | [ 0.51,  0.63] | 15.11 | 477 | < .001***
PUA.PUA3                 |                   PS.PS3 |  0.61 | [ 0.55,  0.67] | 16.98 | 477 | < .001***
PUA.PUA3                 |                   PS.PS4 |  0.57 | [ 0.51,  0.63] | 15.32 | 477 | < .001***
PUA.PUA3                 |                   PS.PS5 |  0.53 | [ 0.46,  0.59] | 13.58 | 477 | < .001***
PUA.PUA3                 |                   PS.PS6 |  0.58 | [ 0.51,  0.63] | 15.35 | 477 | < .001***
PUA.PUA3                 |                   PS.PS7 |  0.60 | [ 0.53,  0.65] | 16.18 | 477 | < .001***
PUA.PUA3                 |                   PS.PS8 |  0.57 | [ 0.50,  0.63] | 15.09 | 477 | < .001***
PUA.PUA3                 |                   PS.PS9 |  0.64 | [ 0.58,  0.69] | 18.02 | 477 | < .001***
PUA.PUA3                 |                  PS.PS10 |  0.52 | [ 0.45,  0.59] | 13.40 | 477 | < .001***
PUA.PUA3                 |                  PS.PS11 |  0.55 | [ 0.48,  0.61] | 14.20 | 477 | < .001***
PUA.PUA3                 |                 PUI.PUI1 |  0.62 | [ 0.56,  0.67] | 17.04 | 477 | < .001***
PUA.PUA3                 |                 PUI.PUI2 |  0.61 | [ 0.54,  0.66] | 16.60 | 477 | < .001***
PUA.PUA3                 |                 PUI.PUI3 |  0.63 | [ 0.57,  0.68] | 17.71 | 477 | < .001***
PUA.PUA3                 |                 PUI.PUI4 |  0.57 | [ 0.50,  0.62] | 14.97 | 477 | < .001***
PUA.PUA3                 |                 PUI.PUI5 |  0.59 | [ 0.52,  0.64] | 15.81 | 477 | < .001***
PUA.PUA3                 |                 PUI.PUI6 |  0.33 | [ 0.24,  0.40] |  7.54 | 477 | < .001***
PUA.PUA3                 |                 PUI.PUI7 |  0.63 | [ 0.57,  0.68] | 17.62 | 477 | < .001***
PUA.PUA3                 |                 PUI.PUI8 |  0.58 | [ 0.52,  0.64] | 15.74 | 477 | < .001***
PUA.PUA3                 |                 TKR.TKR1 |  0.29 | [ 0.20,  0.37] |  6.56 | 477 | < .001***
PUA.PUA3                 |                 TKR.TKR2 |  0.38 | [ 0.30,  0.45] |  8.99 | 477 | < .001***
PUA.PUA3                 |                 TKR.TKR3 |  0.37 | [ 0.29,  0.45] |  8.82 | 477 | < .001***
PUA.PUA3                 |                 TKR.TKR4 |  0.25 | [ 0.17,  0.33] |  5.68 | 477 | < .001***
PUA.PUA3                 |                 WEI.WEI1 |  0.48 | [ 0.41,  0.54] | 11.91 | 477 | < .001***
PUA.PUA3                 |                 WEI.WEI2 |  0.54 | [ 0.47,  0.60] | 13.96 | 477 | < .001***
PUA.PUA3                 |                 WEI.WEI3 |  0.49 | [ 0.42,  0.56] | 12.44 | 477 | < .001***
PUA.PUA3                 |                 WEI.WEI4 |  0.50 | [ 0.43,  0.57] | 12.65 | 477 | < .001***
PUA.PUA3                 |                 WEI.WEI5 |  0.54 | [ 0.47,  0.60] | 14.06 | 477 | < .001***
PUA.PUA3                 |                 WEI.WEI6 |  0.44 | [ 0.36,  0.51] | 10.71 | 477 | < .001***
PUA.PUA3                 |                 WEI.WEI7 |  0.47 | [ 0.40,  0.54] | 11.75 | 477 | < .001***
PUA.PUA3                 |                 WEI.WEI8 |  0.51 | [ 0.44,  0.58] | 13.05 | 477 | < .001***
PUA.PUA3                 |       PERCEPTION.PROJPOS |  0.29 | [ 0.20,  0.37] |  6.56 | 476 | < .001***
PUA.PUA3                 |         PERCEPTION.DTPOS |  0.23 | [ 0.15,  0.32] |  5.20 | 475 | 0.002**  
PUA.PUA3                 |            WORKPACE.SQ01 |  0.27 | [ 0.18,  0.35] |  6.09 | 475 | < .001***
PUA.PUA3                 |                 AUTONOMY |  0.27 | [ 0.19,  0.36] |  6.22 | 475 | < .001***
PUA.PUA4                 |                 PUA.PUA5 |  0.59 | [ 0.53,  0.65] | 16.13 | 477 | < .001***
PUA.PUA4                 |                 PUA.PUA6 |  0.29 | [ 0.20,  0.37] |  6.54 | 477 | < .001***
PUA.PUA4                 |                 PUA.PUA7 |  0.55 | [ 0.49,  0.61] | 14.51 | 477 | < .001***
PUA.PUA4                 |                 PUA.PUA8 |  0.65 | [ 0.60,  0.70] | 18.87 | 477 | < .001***
PUA.PUA4                 |                 RES.RES1 |  0.39 | [ 0.31,  0.46] |  9.25 | 477 | < .001***
PUA.PUA4                 |                 RES.RES2 |  0.39 | [ 0.31,  0.46] |  9.17 | 477 | < .001***
PUA.PUA4                 |                 RES.RES3 |  0.50 | [ 0.43,  0.57] | 12.69 | 477 | < .001***
PUA.PUA4                 |                 SQR.SQR1 |  0.31 | [ 0.22,  0.39] |  7.04 | 477 | < .001***
PUA.PUA4                 |                 SQR.SQR2 |  0.22 | [ 0.14,  0.31] |  5.00 | 477 | 0.005**  
PUA.PUA4                 |                   LS.LS1 |  0.56 | [ 0.50,  0.62] | 14.79 | 477 | < .001***
PUA.PUA4                 |                   LS.LS2 |  0.42 | [ 0.34,  0.49] | 10.13 | 477 | < .001***
PUA.PUA4                 |                   LS.LS3 |  0.36 | [ 0.28,  0.44] |  8.55 | 477 | < .001***
PUA.PUA4                 |                   LS.LS4 |  0.47 | [ 0.39,  0.53] | 11.53 | 477 | < .001***
PUA.PUA4                 |                   LS.LS5 |  0.47 | [ 0.40,  0.54] | 11.65 | 477 | < .001***
PUA.PUA4                 |                   LS.LS6 |  0.47 | [ 0.40,  0.54] | 11.67 | 477 | < .001***
PUA.PUA4                 |                   LS.LS7 |  0.38 | [ 0.30,  0.45] |  8.86 | 477 | < .001***
PUA.PUA4                 |                   LS.LS8 |  0.48 | [ 0.40,  0.54] | 11.84 | 477 | < .001***
PUA.PUA4                 |                 PPC.PPC1 |  0.49 | [ 0.42,  0.56] | 12.39 | 477 | < .001***
PUA.PUA4                 |                 PPC.PPC2 |  0.37 | [ 0.29,  0.45] |  8.75 | 477 | < .001***
PUA.PUA4                 |                 PPC.PPC3 |  0.49 | [ 0.42,  0.56] | 12.38 | 477 | < .001***
PUA.PUA4                 |                 PPC.PPC4 |  0.53 | [ 0.46,  0.59] | 13.61 | 477 | < .001***
PUA.PUA4                 |                 PPC.PPC5 |  0.36 | [ 0.28,  0.43] |  8.32 | 477 | < .001***
PUA.PUA4                 |                 PPC.PPC6 |  0.51 | [ 0.45,  0.58] | 13.11 | 477 | < .001***
PUA.PUA4                 |                   PS.PS1 |  0.58 | [ 0.51,  0.63] | 15.46 | 477 | < .001***
PUA.PUA4                 |                   PS.PS2 |  0.59 | [ 0.53,  0.65] | 16.05 | 477 | < .001***
PUA.PUA4                 |                   PS.PS3 |  0.59 | [ 0.52,  0.64] | 15.83 | 477 | < .001***
PUA.PUA4                 |                   PS.PS4 |  0.56 | [ 0.49,  0.62] | 14.68 | 477 | < .001***
PUA.PUA4                 |                   PS.PS5 |  0.56 | [ 0.49,  0.61] | 14.57 | 477 | < .001***
PUA.PUA4                 |                   PS.PS6 |  0.56 | [ 0.50,  0.62] | 14.85 | 477 | < .001***
PUA.PUA4                 |                   PS.PS7 |  0.57 | [ 0.51,  0.63] | 15.35 | 477 | < .001***
PUA.PUA4                 |                   PS.PS8 |  0.54 | [ 0.48,  0.60] | 14.09 | 477 | < .001***
PUA.PUA4                 |                   PS.PS9 |  0.60 | [ 0.54,  0.65] | 16.31 | 477 | < .001***
PUA.PUA4                 |                  PS.PS10 |  0.52 | [ 0.45,  0.58] | 13.33 | 477 | < .001***
PUA.PUA4                 |                  PS.PS11 |  0.56 | [ 0.49,  0.62] | 14.66 | 477 | < .001***
PUA.PUA4                 |                 PUI.PUI1 |  0.61 | [ 0.55,  0.66] | 16.72 | 477 | < .001***
PUA.PUA4                 |                 PUI.PUI2 |  0.56 | [ 0.49,  0.62] | 14.73 | 477 | < .001***
PUA.PUA4                 |                 PUI.PUI3 |  0.63 | [ 0.57,  0.68] | 17.56 | 477 | < .001***
PUA.PUA4                 |                 PUI.PUI4 |  0.63 | [ 0.57,  0.68] | 17.78 | 477 | < .001***
PUA.PUA4                 |                 PUI.PUI5 |  0.63 | [ 0.57,  0.68] | 17.63 | 477 | < .001***
PUA.PUA4                 |                 PUI.PUI6 |  0.29 | [ 0.20,  0.37] |  6.50 | 477 | < .001***
PUA.PUA4                 |                 PUI.PUI7 |  0.59 | [ 0.53,  0.64] | 15.92 | 477 | < .001***
PUA.PUA4                 |                 PUI.PUI8 |  0.59 | [ 0.52,  0.64] | 15.76 | 477 | < .001***
PUA.PUA4                 |                 TKR.TKR1 |  0.21 | [ 0.12,  0.29] |  4.62 | 477 | 0.028*   
PUA.PUA4                 |                 TKR.TKR2 |  0.22 | [ 0.13,  0.30] |  4.87 | 477 | 0.009**  
PUA.PUA4                 |                 TKR.TKR3 |  0.34 | [ 0.26,  0.42] |  7.97 | 477 | < .001***
PUA.PUA4                 |                 WEI.WEI1 |  0.44 | [ 0.36,  0.51] | 10.56 | 477 | < .001***
PUA.PUA4                 |                 WEI.WEI2 |  0.48 | [ 0.41,  0.55] | 11.92 | 477 | < .001***
PUA.PUA4                 |                 WEI.WEI3 |  0.46 | [ 0.39,  0.53] | 11.29 | 477 | < .001***
PUA.PUA4                 |                 WEI.WEI4 |  0.43 | [ 0.36,  0.50] | 10.46 | 477 | < .001***
PUA.PUA4                 |                 WEI.WEI5 |  0.46 | [ 0.39,  0.53] | 11.33 | 477 | < .001***
PUA.PUA4                 |                 WEI.WEI6 |  0.41 | [ 0.33,  0.48] |  9.85 | 477 | < .001***
PUA.PUA4                 |                 WEI.WEI7 |  0.39 | [ 0.32,  0.47] |  9.35 | 477 | < .001***
PUA.PUA4                 |                 WEI.WEI8 |  0.46 | [ 0.38,  0.53] | 11.22 | 477 | < .001***
PUA.PUA4                 |       PERCEPTION.PROJPOS |  0.34 | [ 0.26,  0.42] |  8.01 | 476 | < .001***
PUA.PUA4                 |         PERCEPTION.DTPOS |  0.30 | [ 0.22,  0.38] |  6.94 | 475 | < .001***
PUA.PUA4                 |            WORKPACE.SQ01 |  0.27 | [ 0.19,  0.36] |  6.22 | 475 | < .001***
PUA.PUA4                 |                 AUTONOMY |  0.24 | [ 0.15,  0.32] |  5.38 | 475 | < .001***
PUA.PUA5                 |                 PUA.PUA6 |  0.38 | [ 0.30,  0.45] |  8.95 | 477 | < .001***
PUA.PUA5                 |                 PUA.PUA7 |  0.61 | [ 0.55,  0.66] | 16.67 | 477 | < .001***
PUA.PUA5                 |                 PUA.PUA8 |  0.64 | [ 0.58,  0.69] | 18.22 | 477 | < .001***
PUA.PUA5                 |                 RES.RES1 |  0.35 | [ 0.27,  0.43] |  8.24 | 477 | < .001***
PUA.PUA5                 |                 RES.RES2 |  0.36 | [ 0.28,  0.43] |  8.40 | 477 | < .001***
PUA.PUA5                 |                 RES.RES3 |  0.45 | [ 0.37,  0.51] | 10.87 | 477 | < .001***
PUA.PUA5                 |                 SQR.SQR1 |  0.27 | [ 0.18,  0.35] |  6.07 | 477 | < .001***
PUA.PUA5                 |                 SQR.SQR2 |  0.25 | [ 0.17,  0.33] |  5.69 | 477 | < .001***
PUA.PUA5                 |                   LS.LS1 |  0.51 | [ 0.44,  0.58] | 13.05 | 477 | < .001***
PUA.PUA5                 |                   LS.LS2 |  0.41 | [ 0.33,  0.48] |  9.78 | 477 | < .001***
PUA.PUA5                 |                   LS.LS3 |  0.42 | [ 0.35,  0.50] | 10.25 | 477 | < .001***
PUA.PUA5                 |                   LS.LS4 |  0.47 | [ 0.40,  0.54] | 11.58 | 477 | < .001***
PUA.PUA5                 |                   LS.LS5 |  0.48 | [ 0.41,  0.55] | 11.95 | 477 | < .001***
PUA.PUA5                 |                   LS.LS6 |  0.52 | [ 0.46,  0.59] | 13.45 | 477 | < .001***
PUA.PUA5                 |                   LS.LS7 |  0.42 | [ 0.34,  0.49] |  9.99 | 477 | < .001***
PUA.PUA5                 |                   LS.LS8 |  0.43 | [ 0.35,  0.50] | 10.41 | 477 | < .001***
PUA.PUA5                 |                 PPC.PPC1 |  0.48 | [ 0.41,  0.55] | 12.03 | 477 | < .001***
PUA.PUA5                 |                 PPC.PPC2 |  0.35 | [ 0.27,  0.42] |  8.09 | 477 | < .001***
PUA.PUA5                 |                 PPC.PPC3 |  0.50 | [ 0.43,  0.56] | 12.59 | 477 | < .001***
PUA.PUA5                 |                 PPC.PPC4 |  0.48 | [ 0.40,  0.54] | 11.84 | 477 | < .001***
PUA.PUA5                 |                 PPC.PPC5 |  0.43 | [ 0.36,  0.50] | 10.45 | 477 | < .001***
PUA.PUA5                 |                 PPC.PPC6 |  0.48 | [ 0.41,  0.55] | 12.06 | 477 | < .001***
PUA.PUA5                 |                   PS.PS1 |  0.60 | [ 0.54,  0.65] | 16.41 | 477 | < .001***
PUA.PUA5                 |                   PS.PS2 |  0.61 | [ 0.55,  0.66] | 16.80 | 477 | < .001***
PUA.PUA5                 |                   PS.PS3 |  0.54 | [ 0.47,  0.60] | 13.94 | 477 | < .001***
PUA.PUA5                 |                   PS.PS4 |  0.51 | [ 0.44,  0.58] | 13.02 | 477 | < .001***
PUA.PUA5                 |                   PS.PS5 |  0.58 | [ 0.52,  0.64] | 15.72 | 477 | < .001***
PUA.PUA5                 |                   PS.PS6 |  0.55 | [ 0.49,  0.61] | 14.51 | 477 | < .001***
PUA.PUA5                 |                   PS.PS7 |  0.60 | [ 0.54,  0.66] | 16.49 | 477 | < .001***
PUA.PUA5                 |                   PS.PS8 |  0.52 | [ 0.45,  0.58] | 13.39 | 477 | < .001***
PUA.PUA5                 |                   PS.PS9 |  0.53 | [ 0.47,  0.60] | 13.81 | 477 | < .001***
PUA.PUA5                 |                  PS.PS10 |  0.55 | [ 0.48,  0.61] | 14.30 | 477 | < .001***
PUA.PUA5                 |                  PS.PS11 |  0.53 | [ 0.47,  0.59] | 13.75 | 477 | < .001***
PUA.PUA5                 |                 PUI.PUI1 |  0.64 | [ 0.58,  0.69] | 18.08 | 477 | < .001***
PUA.PUA5                 |                 PUI.PUI2 |  0.59 | [ 0.53,  0.65] | 15.94 | 477 | < .001***
PUA.PUA5                 |                 PUI.PUI3 |  0.54 | [ 0.48,  0.60] | 14.08 | 477 | < .001***
PUA.PUA5                 |                 PUI.PUI4 |  0.54 | [ 0.48,  0.61] | 14.20 | 477 | < .001***
PUA.PUA5                 |                 PUI.PUI5 |  0.64 | [ 0.59,  0.69] | 18.43 | 477 | < .001***
PUA.PUA5                 |                 PUI.PUI6 |  0.30 | [ 0.21,  0.38] |  6.76 | 477 | < .001***
PUA.PUA5                 |                 PUI.PUI7 |  0.61 | [ 0.55,  0.66] | 16.86 | 477 | < .001***
PUA.PUA5                 |                 PUI.PUI8 |  0.61 | [ 0.55,  0.66] | 16.60 | 477 | < .001***
PUA.PUA5                 |                 TKR.TKR1 |  0.27 | [ 0.19,  0.35] |  6.18 | 477 | < .001***
PUA.PUA5                 |                 TKR.TKR2 |  0.27 | [ 0.18,  0.35] |  6.12 | 477 | < .001***
PUA.PUA5                 |                 TKR.TKR3 |  0.42 | [ 0.34,  0.49] |  9.97 | 477 | < .001***
PUA.PUA5                 |                 TKR.TKR4 |  0.27 | [ 0.18,  0.35] |  6.03 | 477 | < .001***
PUA.PUA5                 |                 WEI.WEI1 |  0.53 | [ 0.47,  0.59] | 13.75 | 477 | < .001***
PUA.PUA5                 |                 WEI.WEI2 |  0.54 | [ 0.48,  0.60] | 14.12 | 477 | < .001***
PUA.PUA5                 |                 WEI.WEI3 |  0.49 | [ 0.42,  0.56] | 12.42 | 477 | < .001***
PUA.PUA5                 |                 WEI.WEI4 |  0.51 | [ 0.44,  0.57] | 12.97 | 477 | < .001***
PUA.PUA5                 |                 WEI.WEI5 |  0.49 | [ 0.42,  0.56] | 12.28 | 477 | < .001***
PUA.PUA5                 |                 WEI.WEI6 |  0.47 | [ 0.40,  0.54] | 11.72 | 477 | < .001***
PUA.PUA5                 |                 WEI.WEI7 |  0.48 | [ 0.40,  0.54] | 11.84 | 477 | < .001***
PUA.PUA5                 |                 WEI.WEI8 |  0.49 | [ 0.41,  0.55] | 12.13 | 477 | < .001***
PUA.PUA5                 |       PERCEPTION.PROJPOS |  0.28 | [ 0.20,  0.36] |  6.47 | 476 | < .001***
PUA.PUA5                 |         PERCEPTION.DTPOS |  0.21 | [ 0.12,  0.29] |  4.65 | 475 | 0.025*   
PUA.PUA5                 |            WORKPACE.SQ01 |  0.30 | [ 0.21,  0.38] |  6.76 | 475 | < .001***
PUA.PUA5                 |                 AUTONOMY |  0.26 | [ 0.17,  0.34] |  5.84 | 475 | < .001***
PUA.PUA5                 |                MEASURES2 |  0.31 | [ 0.19,  0.41] |  5.05 | 248 | 0.005**  
PUA.PUA6                 |                 PUA.PUA7 |  0.40 | [ 0.32,  0.47] |  9.55 | 477 | < .001***
PUA.PUA6                 |                 PUA.PUA8 |  0.35 | [ 0.27,  0.42] |  8.07 | 477 | < .001***
PUA.PUA6                 |                 RES.RES2 |  0.25 | [ 0.16,  0.33] |  5.64 | 477 | < .001***
PUA.PUA6                 |                 RES.RES3 |  0.22 | [ 0.13,  0.30] |  4.87 | 477 | 0.009**  
PUA.PUA6                 |                 RES.RES4 |  0.27 | [ 0.19,  0.36] |  6.25 | 477 | < .001***
PUA.PUA6                 |                 SQR.SQR1 |  0.30 | [ 0.22,  0.38] |  6.86 | 477 | < .001***
PUA.PUA6                 |                 SQR.SQR2 |  0.32 | [ 0.24,  0.40] |  7.47 | 477 | < .001***
PUA.PUA6                 |                 SQR.SQR3 |  0.40 | [ 0.33,  0.48] |  9.66 | 477 | < .001***
PUA.PUA6                 |                   SR.SR1 |  0.32 | [ 0.24,  0.40] |  7.43 | 477 | < .001***
PUA.PUA6                 |                   SR.SR2 |  0.29 | [ 0.21,  0.37] |  6.70 | 477 | < .001***
PUA.PUA6                 |                   SR.SR3 |  0.31 | [ 0.23,  0.39] |  7.24 | 477 | < .001***
PUA.PUA6                 |                   SR.SR4 |  0.28 | [ 0.20,  0.37] |  6.49 | 477 | < .001***
PUA.PUA6                 |                   LS.LS1 |  0.32 | [ 0.24,  0.40] |  7.35 | 477 | < .001***
PUA.PUA6                 |                   LS.LS2 |  0.38 | [ 0.30,  0.45] |  8.85 | 477 | < .001***
PUA.PUA6                 |                   LS.LS3 |  0.41 | [ 0.33,  0.48] |  9.86 | 477 | < .001***
PUA.PUA6                 |                   LS.LS4 |  0.46 | [ 0.39,  0.53] | 11.29 | 477 | < .001***
PUA.PUA6                 |                   LS.LS5 |  0.40 | [ 0.32,  0.47] |  9.50 | 477 | < .001***
PUA.PUA6                 |                   LS.LS6 |  0.43 | [ 0.36,  0.50] | 10.48 | 477 | < .001***
PUA.PUA6                 |                   LS.LS7 |  0.44 | [ 0.37,  0.51] | 10.73 | 477 | < .001***
PUA.PUA6                 |                   LS.LS8 |  0.42 | [ 0.34,  0.49] | 10.00 | 477 | < .001***
PUA.PUA6                 |                 PPC.PPC1 |  0.42 | [ 0.34,  0.49] | 10.01 | 477 | < .001***
PUA.PUA6                 |                 PPC.PPC2 |  0.34 | [ 0.26,  0.42] |  7.99 | 477 | < .001***
PUA.PUA6                 |                 PPC.PPC3 |  0.38 | [ 0.30,  0.46] |  9.04 | 477 | < .001***
PUA.PUA6                 |                 PPC.PPC4 |  0.39 | [ 0.31,  0.46] |  9.26 | 477 | < .001***
PUA.PUA6                 |                 PPC.PPC5 |  0.47 | [ 0.39,  0.53] | 11.52 | 477 | < .001***
PUA.PUA6                 |                 PPC.PPC6 |  0.46 | [ 0.39,  0.53] | 11.32 | 477 | < .001***
PUA.PUA6                 |                   PS.PS1 |  0.36 | [ 0.28,  0.44] |  8.53 | 477 | < .001***
PUA.PUA6                 |                   PS.PS2 |  0.39 | [ 0.31,  0.46] |  9.13 | 477 | < .001***
PUA.PUA6                 |                   PS.PS3 |  0.30 | [ 0.22,  0.38] |  6.91 | 477 | < .001***
PUA.PUA6                 |                   PS.PS4 |  0.23 | [ 0.15,  0.32] |  5.22 | 477 | 0.002**  
PUA.PUA6                 |                   PS.PS5 |  0.34 | [ 0.26,  0.41] |  7.84 | 477 | < .001***
PUA.PUA6                 |                   PS.PS6 |  0.32 | [ 0.24,  0.40] |  7.46 | 477 | < .001***
PUA.PUA6                 |                   PS.PS7 |  0.30 | [ 0.21,  0.38] |  6.82 | 477 | < .001***
PUA.PUA6                 |                   PS.PS8 |  0.26 | [ 0.18,  0.34] |  5.94 | 477 | < .001***
PUA.PUA6                 |                   PS.PS9 |  0.31 | [ 0.23,  0.39] |  7.12 | 477 | < .001***
PUA.PUA6                 |                  PS.PS10 |  0.35 | [ 0.26,  0.42] |  8.04 | 477 | < .001***
PUA.PUA6                 |                  PS.PS11 |  0.32 | [ 0.24,  0.40] |  7.36 | 477 | < .001***
PUA.PUA6                 |                 PUI.PUI1 |  0.37 | [ 0.29,  0.44] |  8.59 | 477 | < .001***
PUA.PUA6                 |                 PUI.PUI2 |  0.40 | [ 0.33,  0.48] |  9.64 | 477 | < .001***
PUA.PUA6                 |                 PUI.PUI3 |  0.38 | [ 0.30,  0.45] |  8.87 | 477 | < .001***
PUA.PUA6                 |                 PUI.PUI4 |  0.30 | [ 0.22,  0.38] |  6.99 | 477 | < .001***
PUA.PUA6                 |                 PUI.PUI5 |  0.36 | [ 0.28,  0.44] |  8.46 | 477 | < .001***
PUA.PUA6                 |                 PUI.PUI6 |  0.71 | [ 0.66,  0.75] | 22.05 | 477 | < .001***
PUA.PUA6                 |                 PUI.PUI7 |  0.37 | [ 0.29,  0.44] |  8.63 | 477 | < .001***
PUA.PUA6                 |                 PUI.PUI8 |  0.29 | [ 0.20,  0.37] |  6.56 | 477 | < .001***
PUA.PUA6                 |                 TKR.TKR1 |  0.36 | [ 0.28,  0.44] |  8.45 | 477 | < .001***
PUA.PUA6                 |                 TKR.TKR2 |  0.38 | [ 0.30,  0.45] |  8.97 | 477 | < .001***
PUA.PUA6                 |                 TKR.TKR3 |  0.44 | [ 0.37,  0.51] | 10.73 | 477 | < .001***
PUA.PUA6                 |                 TKR.TKR4 |  0.41 | [ 0.33,  0.48] |  9.81 | 477 | < .001***
PUA.PUA6                 |                 WEI.WEI1 |  0.37 | [ 0.29,  0.44] |  8.66 | 477 | < .001***
PUA.PUA6                 |                 WEI.WEI2 |  0.37 | [ 0.29,  0.44] |  8.61 | 477 | < .001***
PUA.PUA6                 |                 WEI.WEI3 |  0.40 | [ 0.32,  0.47] |  9.55 | 477 | < .001***
PUA.PUA6                 |                 WEI.WEI4 |  0.37 | [ 0.29,  0.44] |  8.65 | 477 | < .001***
PUA.PUA6                 |                 WEI.WEI5 |  0.53 | [ 0.47,  0.59] | 13.76 | 477 | < .001***
PUA.PUA6                 |                 WEI.WEI6 |  0.43 | [ 0.35,  0.50] | 10.41 | 477 | < .001***
PUA.PUA6                 |                 WEI.WEI7 |  0.50 | [ 0.43,  0.57] | 12.67 | 477 | < .001***
PUA.PUA6                 |                 WEI.WEI8 |  0.45 | [ 0.37,  0.52] | 10.97 | 477 | < .001***
PUA.PUA6                 |            WORKPACE.SQ01 |  0.25 | [ 0.17,  0.33] |  5.66 | 475 | < .001***
PUA.PUA6                 |                 AUTONOMY |  0.28 | [ 0.19,  0.36] |  6.32 | 475 | < .001***
PUA.PUA6                 |                 MEASURES |  0.24 | [ 0.16,  0.33] |  5.47 | 477 | < .001***
PUA.PUA6                 |                MEASURES2 |  0.33 | [ 0.21,  0.43] |  5.44 | 248 | < .001***
PUA.PUA7                 |                 PUA.PUA8 |  0.57 | [ 0.51,  0.63] | 15.12 | 477 | < .001***
PUA.PUA7                 |                 RES.RES1 |  0.35 | [ 0.27,  0.43] |  8.19 | 477 | < .001***
PUA.PUA7                 |                 RES.RES2 |  0.37 | [ 0.29,  0.44] |  8.65 | 477 | < .001***
PUA.PUA7                 |                 RES.RES3 |  0.35 | [ 0.27,  0.42] |  8.10 | 477 | < .001***
PUA.PUA7                 |                 SQR.SQR1 |  0.29 | [ 0.21,  0.37] |  6.68 | 477 | < .001***
PUA.PUA7                 |                 SQR.SQR2 |  0.26 | [ 0.17,  0.34] |  5.77 | 477 | < .001***
PUA.PUA7                 |                   LS.LS1 |  0.52 | [ 0.46,  0.59] | 13.42 | 477 | < .001***
PUA.PUA7                 |                   LS.LS2 |  0.43 | [ 0.36,  0.50] | 10.54 | 477 | < .001***
PUA.PUA7                 |                   LS.LS3 |  0.46 | [ 0.39,  0.53] | 11.35 | 477 | < .001***
PUA.PUA7                 |                   LS.LS4 |  0.51 | [ 0.44,  0.57] | 12.82 | 477 | < .001***
PUA.PUA7                 |                   LS.LS5 |  0.52 | [ 0.45,  0.58] | 13.13 | 477 | < .001***
PUA.PUA7                 |                   LS.LS6 |  0.54 | [ 0.48,  0.60] | 14.13 | 477 | < .001***
PUA.PUA7                 |                   LS.LS7 |  0.44 | [ 0.36,  0.51] | 10.68 | 477 | < .001***
PUA.PUA7                 |                   LS.LS8 |  0.50 | [ 0.43,  0.57] | 12.78 | 477 | < .001***
PUA.PUA7                 |                 PPC.PPC1 |  0.50 | [ 0.43,  0.57] | 12.76 | 477 | < .001***
PUA.PUA7                 |                 PPC.PPC2 |  0.35 | [ 0.27,  0.42] |  8.08 | 477 | < .001***
PUA.PUA7                 |                 PPC.PPC3 |  0.46 | [ 0.39,  0.53] | 11.32 | 477 | < .001***
PUA.PUA7                 |                 PPC.PPC4 |  0.43 | [ 0.36,  0.50] | 10.51 | 477 | < .001***
PUA.PUA7                 |                 PPC.PPC5 |  0.46 | [ 0.38,  0.52] | 11.21 | 477 | < .001***
PUA.PUA7                 |                 PPC.PPC6 |  0.44 | [ 0.37,  0.51] | 10.84 | 477 | < .001***
PUA.PUA7                 |                   PS.PS1 |  0.55 | [ 0.49,  0.61] | 14.57 | 477 | < .001***
PUA.PUA7                 |                   PS.PS2 |  0.54 | [ 0.48,  0.60] | 14.11 | 477 | < .001***
PUA.PUA7                 |                   PS.PS3 |  0.56 | [ 0.50,  0.62] | 14.94 | 477 | < .001***
PUA.PUA7                 |                   PS.PS4 |  0.49 | [ 0.42,  0.56] | 12.27 | 477 | < .001***
PUA.PUA7                 |                   PS.PS5 |  0.47 | [ 0.40,  0.54] | 11.69 | 477 | < .001***
PUA.PUA7                 |                   PS.PS6 |  0.53 | [ 0.46,  0.59] | 13.67 | 477 | < .001***
PUA.PUA7                 |                   PS.PS7 |  0.58 | [ 0.52,  0.64] | 15.52 | 477 | < .001***
PUA.PUA7                 |                   PS.PS8 |  0.52 | [ 0.45,  0.58] | 13.23 | 477 | < .001***
PUA.PUA7                 |                   PS.PS9 |  0.50 | [ 0.43,  0.56] | 12.59 | 477 | < .001***
PUA.PUA7                 |                  PS.PS10 |  0.48 | [ 0.41,  0.55] | 11.93 | 477 | < .001***
PUA.PUA7                 |                  PS.PS11 |  0.47 | [ 0.40,  0.54] | 11.59 | 477 | < .001***
PUA.PUA7                 |                 PUI.PUI1 |  0.60 | [ 0.54,  0.66] | 16.45 | 477 | < .001***
PUA.PUA7                 |                 PUI.PUI2 |  0.55 | [ 0.49,  0.61] | 14.54 | 477 | < .001***
PUA.PUA7                 |                 PUI.PUI3 |  0.56 | [ 0.49,  0.62] | 14.65 | 477 | < .001***
PUA.PUA7                 |                 PUI.PUI4 |  0.51 | [ 0.44,  0.57] | 12.85 | 477 | < .001***
PUA.PUA7                 |                 PUI.PUI5 |  0.56 | [ 0.50,  0.62] | 14.95 | 477 | < .001***
PUA.PUA7                 |                 PUI.PUI6 |  0.38 | [ 0.30,  0.45] |  8.97 | 477 | < .001***
PUA.PUA7                 |                 PUI.PUI7 |  0.61 | [ 0.55,  0.66] | 16.65 | 477 | < .001***
PUA.PUA7                 |                 PUI.PUI8 |  0.51 | [ 0.44,  0.58] | 13.06 | 477 | < .001***
PUA.PUA7                 |                 TKR.TKR1 |  0.27 | [ 0.19,  0.35] |  6.22 | 477 | < .001***
PUA.PUA7                 |                 TKR.TKR2 |  0.30 | [ 0.21,  0.38] |  6.78 | 477 | < .001***
PUA.PUA7                 |                 TKR.TKR3 |  0.35 | [ 0.27,  0.43] |  8.20 | 477 | < .001***
PUA.PUA7                 |                 TKR.TKR4 |  0.27 | [ 0.19,  0.35] |  6.17 | 477 | < .001***
PUA.PUA7                 |                 WEI.WEI1 |  0.54 | [ 0.47,  0.60] | 14.01 | 477 | < .001***
PUA.PUA7                 |                 WEI.WEI2 |  0.48 | [ 0.41,  0.55] | 11.99 | 477 | < .001***
PUA.PUA7                 |                 WEI.WEI3 |  0.47 | [ 0.40,  0.54] | 11.78 | 477 | < .001***
PUA.PUA7                 |                 WEI.WEI4 |  0.51 | [ 0.44,  0.57] | 12.95 | 477 | < .001***
PUA.PUA7                 |                 WEI.WEI5 |  0.49 | [ 0.42,  0.55] | 12.25 | 477 | < .001***
PUA.PUA7                 |                 WEI.WEI6 |  0.48 | [ 0.41,  0.55] | 12.10 | 477 | < .001***
PUA.PUA7                 |                 WEI.WEI7 |  0.48 | [ 0.41,  0.55] | 11.93 | 477 | < .001***
PUA.PUA7                 |                 WEI.WEI8 |  0.44 | [ 0.36,  0.51] | 10.66 | 477 | < .001***
PUA.PUA7                 |       PERCEPTION.PROJPOS |  0.24 | [ 0.15,  0.32] |  5.36 | 476 | < .001***
PUA.PUA7                 |            WORKPACE.SQ01 |  0.32 | [ 0.23,  0.40] |  7.30 | 475 | < .001***
PUA.PUA7                 |                 AUTONOMY |  0.32 | [ 0.23,  0.39] |  7.27 | 475 | < .001***
PUA.PUA8                 |                 RES.RES1 |  0.38 | [ 0.31,  0.46] |  9.10 | 477 | < .001***
PUA.PUA8                 |                 RES.RES2 |  0.36 | [ 0.28,  0.43] |  8.36 | 477 | < .001***
PUA.PUA8                 |                 RES.RES3 |  0.45 | [ 0.38,  0.52] | 11.15 | 477 | < .001***
PUA.PUA8                 |                 SQR.SQR1 |  0.30 | [ 0.21,  0.38] |  6.76 | 477 | < .001***
PUA.PUA8                 |                 SQR.SQR2 |  0.27 | [ 0.19,  0.36] |  6.24 | 477 | < .001***
PUA.PUA8                 |                 SQR.SQR3 |  0.21 | [ 0.13,  0.30] |  4.77 | 477 | 0.014*   
PUA.PUA8                 |                 SQR.SQR4 |  0.24 | [ 0.15,  0.32] |  5.36 | 477 | < .001***
PUA.PUA8                 |                   LS.LS1 |  0.54 | [ 0.47,  0.60] | 14.02 | 477 | < .001***
PUA.PUA8                 |                   LS.LS2 |  0.44 | [ 0.37,  0.51] | 10.73 | 477 | < .001***
PUA.PUA8                 |                   LS.LS3 |  0.41 | [ 0.33,  0.48] |  9.85 | 477 | < .001***
PUA.PUA8                 |                   LS.LS4 |  0.46 | [ 0.38,  0.52] | 11.21 | 477 | < .001***
PUA.PUA8                 |                   LS.LS5 |  0.49 | [ 0.42,  0.56] | 12.38 | 477 | < .001***
PUA.PUA8                 |                   LS.LS6 |  0.51 | [ 0.45,  0.58] | 13.10 | 477 | < .001***
PUA.PUA8                 |                   LS.LS7 |  0.43 | [ 0.36,  0.50] | 10.49 | 477 | < .001***
PUA.PUA8                 |                   LS.LS8 |  0.49 | [ 0.42,  0.56] | 12.39 | 477 | < .001***
PUA.PUA8                 |                 PPC.PPC1 |  0.54 | [ 0.47,  0.60] | 13.92 | 477 | < .001***
PUA.PUA8                 |                 PPC.PPC2 |  0.40 | [ 0.33,  0.48] |  9.66 | 477 | < .001***
PUA.PUA8                 |                 PPC.PPC3 |  0.50 | [ 0.43,  0.57] | 12.66 | 477 | < .001***
PUA.PUA8                 |                 PPC.PPC4 |  0.48 | [ 0.40,  0.54] | 11.83 | 477 | < .001***
PUA.PUA8                 |                 PPC.PPC5 |  0.39 | [ 0.31,  0.46] |  9.22 | 477 | < .001***
PUA.PUA8                 |                 PPC.PPC6 |  0.53 | [ 0.46,  0.59] | 13.56 | 477 | < .001***
PUA.PUA8                 |                   PS.PS1 |  0.59 | [ 0.53,  0.65] | 16.05 | 477 | < .001***
PUA.PUA8                 |                   PS.PS2 |  0.58 | [ 0.51,  0.63] | 15.42 | 477 | < .001***
PUA.PUA8                 |                   PS.PS3 |  0.58 | [ 0.52,  0.64] | 15.64 | 477 | < .001***
PUA.PUA8                 |                   PS.PS4 |  0.52 | [ 0.45,  0.58] | 13.24 | 477 | < .001***
PUA.PUA8                 |                   PS.PS5 |  0.54 | [ 0.48,  0.60] | 14.12 | 477 | < .001***
PUA.PUA8                 |                   PS.PS6 |  0.54 | [ 0.47,  0.60] | 14.06 | 477 | < .001***
PUA.PUA8                 |                   PS.PS7 |  0.54 | [ 0.47,  0.60] | 14.04 | 477 | < .001***
PUA.PUA8                 |                   PS.PS8 |  0.49 | [ 0.42,  0.56] | 12.37 | 477 | < .001***
PUA.PUA8                 |                   PS.PS9 |  0.57 | [ 0.50,  0.63] | 15.08 | 477 | < .001***
PUA.PUA8                 |                  PS.PS10 |  0.52 | [ 0.45,  0.58] | 13.16 | 477 | < .001***
PUA.PUA8                 |                  PS.PS11 |  0.55 | [ 0.49,  0.61] | 14.41 | 477 | < .001***
PUA.PUA8                 |                 PUI.PUI1 |  0.59 | [ 0.53,  0.65] | 16.05 | 477 | < .001***
PUA.PUA8                 |                 PUI.PUI2 |  0.51 | [ 0.44,  0.57] | 12.86 | 477 | < .001***
PUA.PUA8                 |                 PUI.PUI3 |  0.58 | [ 0.52,  0.64] | 15.54 | 477 | < .001***
PUA.PUA8                 |                 PUI.PUI4 |  0.57 | [ 0.50,  0.63] | 15.09 | 477 | < .001***
PUA.PUA8                 |                 PUI.PUI5 |  0.62 | [ 0.56,  0.67] | 17.31 | 477 | < .001***
PUA.PUA8                 |                 PUI.PUI6 |  0.28 | [ 0.19,  0.36] |  6.26 | 477 | < .001***
PUA.PUA8                 |                 PUI.PUI7 |  0.60 | [ 0.54,  0.65] | 16.22 | 477 | < .001***
PUA.PUA8                 |                 PUI.PUI8 |  0.58 | [ 0.52,  0.64] | 15.61 | 477 | < .001***
PUA.PUA8                 |                 TKR.TKR1 |  0.24 | [ 0.15,  0.32] |  5.40 | 477 | < .001***
PUA.PUA8                 |                 TKR.TKR2 |  0.31 | [ 0.23,  0.39] |  7.17 | 477 | < .001***
PUA.PUA8                 |                 TKR.TKR3 |  0.42 | [ 0.35,  0.49] | 10.17 | 477 | < .001***
PUA.PUA8                 |                 TKR.TKR4 |  0.27 | [ 0.18,  0.35] |  6.09 | 477 | < .001***
PUA.PUA8                 |                 WEI.WEI1 |  0.46 | [ 0.38,  0.52] | 11.17 | 477 | < .001***
PUA.PUA8                 |                 WEI.WEI2 |  0.51 | [ 0.44,  0.58] | 13.04 | 477 | < .001***
PUA.PUA8                 |                 WEI.WEI3 |  0.52 | [ 0.45,  0.58] | 13.32 | 477 | < .001***
PUA.PUA8                 |                 WEI.WEI4 |  0.47 | [ 0.39,  0.54] | 11.56 | 477 | < .001***
PUA.PUA8                 |                 WEI.WEI5 |  0.49 | [ 0.42,  0.56] | 12.28 | 477 | < .001***
PUA.PUA8                 |                 WEI.WEI6 |  0.44 | [ 0.37,  0.51] | 10.75 | 477 | < .001***
PUA.PUA8                 |                 WEI.WEI7 |  0.47 | [ 0.39,  0.53] | 11.51 | 477 | < .001***
PUA.PUA8                 |                 WEI.WEI8 |  0.49 | [ 0.42,  0.55] | 12.21 | 477 | < .001***
PUA.PUA8                 |       PERCEPTION.PROJPOS |  0.28 | [ 0.19,  0.36] |  6.28 | 476 | < .001***
PUA.PUA8                 |         PERCEPTION.DTPOS |  0.21 | [ 0.13,  0.30] |  4.75 | 475 | 0.016*   
PUA.PUA8                 |            WORKPACE.SQ01 |  0.27 | [ 0.18,  0.35] |  6.00 | 475 | < .001***
PUA.PUA8                 |                 AUTONOMY |  0.22 | [ 0.13,  0.31] |  4.96 | 475 | 0.006**  
RES.RES1                 |                 RES.RES2 |  0.40 | [ 0.32,  0.47] |  9.57 | 477 | < .001***
RES.RES1                 |                 RES.RES3 |  0.39 | [ 0.31,  0.46] |  9.18 | 477 | < .001***
RES.RES1                 |                   LS.LS1 |  0.36 | [ 0.28,  0.44] |  8.50 | 477 | < .001***
RES.RES1                 |                   LS.LS2 |  0.30 | [ 0.22,  0.38] |  6.93 | 477 | < .001***
RES.RES1                 |                   LS.LS3 |  0.27 | [ 0.18,  0.35] |  6.01 | 477 | < .001***
RES.RES1                 |                   LS.LS4 |  0.30 | [ 0.22,  0.38] |  6.93 | 477 | < .001***
RES.RES1                 |                   LS.LS5 |  0.28 | [ 0.20,  0.37] |  6.49 | 477 | < .001***
RES.RES1                 |                   LS.LS6 |  0.32 | [ 0.24,  0.40] |  7.48 | 477 | < .001***
RES.RES1                 |                   LS.LS7 |  0.25 | [ 0.17,  0.34] |  5.72 | 477 | < .001***
RES.RES1                 |                   LS.LS8 |  0.35 | [ 0.27,  0.43] |  8.17 | 477 | < .001***
RES.RES1                 |                 PPC.PPC1 |  0.36 | [ 0.28,  0.44] |  8.46 | 477 | < .001***
RES.RES1                 |                 PPC.PPC2 |  0.24 | [ 0.16,  0.33] |  5.52 | 477 | < .001***
RES.RES1                 |                 PPC.PPC3 |  0.32 | [ 0.24,  0.40] |  7.38 | 477 | < .001***
RES.RES1                 |                 PPC.PPC4 |  0.36 | [ 0.28,  0.43] |  8.34 | 477 | < .001***
RES.RES1                 |                 PPC.PPC5 |  0.28 | [ 0.19,  0.36] |  6.35 | 477 | < .001***
RES.RES1                 |                 PPC.PPC6 |  0.25 | [ 0.16,  0.33] |  5.66 | 477 | < .001***
RES.RES1                 |                   PS.PS1 |  0.34 | [ 0.26,  0.42] |  7.86 | 477 | < .001***
RES.RES1                 |                   PS.PS2 |  0.32 | [ 0.24,  0.40] |  7.47 | 477 | < .001***
RES.RES1                 |                   PS.PS3 |  0.35 | [ 0.27,  0.42] |  8.09 | 477 | < .001***
RES.RES1                 |                   PS.PS4 |  0.30 | [ 0.22,  0.38] |  6.97 | 477 | < .001***
RES.RES1                 |                   PS.PS5 |  0.35 | [ 0.27,  0.43] |  8.26 | 477 | < .001***
RES.RES1                 |                   PS.PS6 |  0.42 | [ 0.34,  0.49] |  9.99 | 477 | < .001***
RES.RES1                 |                   PS.PS7 |  0.34 | [ 0.26,  0.42] |  7.92 | 477 | < .001***
RES.RES1                 |                   PS.PS8 |  0.38 | [ 0.30,  0.45] |  8.89 | 477 | < .001***
RES.RES1                 |                   PS.PS9 |  0.37 | [ 0.29,  0.45] |  8.75 | 477 | < .001***
RES.RES1                 |                  PS.PS10 |  0.33 | [ 0.25,  0.41] |  7.61 | 477 | < .001***
RES.RES1                 |                  PS.PS11 |  0.41 | [ 0.33,  0.48] |  9.87 | 477 | < .001***
RES.RES1                 |                 PUI.PUI1 |  0.40 | [ 0.32,  0.47] |  9.46 | 477 | < .001***
RES.RES1                 |                 PUI.PUI2 |  0.34 | [ 0.25,  0.41] |  7.77 | 477 | < .001***
RES.RES1                 |                 PUI.PUI3 |  0.33 | [ 0.24,  0.40] |  7.54 | 477 | < .001***
RES.RES1                 |                 PUI.PUI4 |  0.38 | [ 0.30,  0.45] |  8.97 | 477 | < .001***
RES.RES1                 |                 PUI.PUI5 |  0.33 | [ 0.25,  0.41] |  7.66 | 477 | < .001***
RES.RES1                 |                 PUI.PUI7 |  0.40 | [ 0.33,  0.48] |  9.64 | 477 | < .001***
RES.RES1                 |                 PUI.PUI8 |  0.33 | [ 0.25,  0.41] |  7.63 | 477 | < .001***
RES.RES1                 |                 TKR.TKR2 |  0.23 | [ 0.14,  0.31] |  5.04 | 477 | 0.004**  
RES.RES1                 |                 TKR.TKR3 |  0.21 | [ 0.13,  0.30] |  4.77 | 477 | 0.014*   
RES.RES1                 |                 WEI.WEI1 |  0.33 | [ 0.25,  0.41] |  7.75 | 477 | < .001***
RES.RES1                 |                 WEI.WEI2 |  0.37 | [ 0.28,  0.44] |  8.57 | 477 | < .001***
RES.RES1                 |                 WEI.WEI3 |  0.31 | [ 0.23,  0.39] |  7.14 | 477 | < .001***
RES.RES1                 |                 WEI.WEI4 |  0.37 | [ 0.29,  0.44] |  8.60 | 477 | < .001***
RES.RES1                 |                 WEI.WEI5 |  0.30 | [ 0.22,  0.38] |  6.92 | 477 | < .001***
RES.RES1                 |                 WEI.WEI6 |  0.24 | [ 0.16,  0.33] |  5.47 | 477 | < .001***
RES.RES1                 |                 WEI.WEI7 |  0.33 | [ 0.25,  0.41] |  7.61 | 477 | < .001***
RES.RES1                 |                 WEI.WEI8 |  0.30 | [ 0.22,  0.38] |  6.99 | 477 | < .001***
RES.RES1                 |                 AUTONOMY |  0.24 | [ 0.15,  0.32] |  5.27 | 475 | 0.001**  
RES.RES2                 |                 RES.RES3 |  0.48 | [ 0.41,  0.54] | 11.87 | 477 | < .001***
RES.RES2                 |                 SQR.SQR1 |  0.26 | [ 0.18,  0.35] |  6.00 | 477 | < .001***
RES.RES2                 |                 SQR.SQR2 |  0.21 | [ 0.12,  0.30] |  4.71 | 477 | 0.019*   
RES.RES2                 |                 SQR.SQR3 |  0.20 | [ 0.12,  0.29] |  4.54 | 477 | 0.041*   
RES.RES2                 |                   LS.LS1 |  0.35 | [ 0.27,  0.43] |  8.14 | 477 | < .001***
RES.RES2                 |                   LS.LS2 |  0.32 | [ 0.24,  0.40] |  7.36 | 477 | < .001***
RES.RES2                 |                   LS.LS3 |  0.28 | [ 0.19,  0.36] |  6.26 | 477 | < .001***
RES.RES2                 |                   LS.LS4 |  0.29 | [ 0.20,  0.37] |  6.60 | 477 | < .001***
RES.RES2                 |                   LS.LS5 |  0.34 | [ 0.25,  0.41] |  7.77 | 477 | < .001***
RES.RES2                 |                   LS.LS6 |  0.37 | [ 0.29,  0.45] |  8.70 | 477 | < .001***
RES.RES2                 |                   LS.LS7 |  0.29 | [ 0.21,  0.37] |  6.69 | 477 | < .001***
RES.RES2                 |                   LS.LS8 |  0.31 | [ 0.22,  0.38] |  7.01 | 477 | < .001***
RES.RES2                 |                 PPC.PPC1 |  0.33 | [ 0.25,  0.41] |  7.61 | 477 | < .001***
RES.RES2                 |                 PPC.PPC2 |  0.30 | [ 0.21,  0.38] |  6.81 | 477 | < .001***
RES.RES2                 |                 PPC.PPC3 |  0.30 | [ 0.22,  0.38] |  6.94 | 477 | < .001***
RES.RES2                 |                 PPC.PPC4 |  0.35 | [ 0.27,  0.42] |  8.07 | 477 | < .001***
RES.RES2                 |                 PPC.PPC5 |  0.30 | [ 0.21,  0.38] |  6.76 | 477 | < .001***
RES.RES2                 |                 PPC.PPC6 |  0.31 | [ 0.22,  0.39] |  7.07 | 477 | < .001***
RES.RES2                 |                   PS.PS1 |  0.40 | [ 0.32,  0.47] |  9.46 | 477 | < .001***
RES.RES2                 |                   PS.PS2 |  0.39 | [ 0.31,  0.46] |  9.17 | 477 | < .001***
RES.RES2                 |                   PS.PS3 |  0.39 | [ 0.31,  0.46] |  9.29 | 477 | < .001***
RES.RES2                 |                   PS.PS4 |  0.34 | [ 0.26,  0.42] |  7.90 | 477 | < .001***
RES.RES2                 |                   PS.PS5 |  0.33 | [ 0.25,  0.41] |  7.72 | 477 | < .001***
RES.RES2                 |                   PS.PS6 |  0.42 | [ 0.34,  0.49] |  9.99 | 477 | < .001***
RES.RES2                 |                   PS.PS7 |  0.37 | [ 0.29,  0.44] |  8.58 | 477 | < .001***
RES.RES2                 |                   PS.PS8 |  0.33 | [ 0.24,  0.40] |  7.55 | 477 | < .001***
RES.RES2                 |                   PS.PS9 |  0.41 | [ 0.33,  0.48] |  9.84 | 477 | < .001***
RES.RES2                 |                  PS.PS10 |  0.36 | [ 0.28,  0.44] |  8.48 | 477 | < .001***
RES.RES2                 |                  PS.PS11 |  0.37 | [ 0.29,  0.45] |  8.79 | 477 | < .001***
RES.RES2                 |                 PUI.PUI1 |  0.42 | [ 0.35,  0.50] | 10.23 | 477 | < .001***
RES.RES2                 |                 PUI.PUI2 |  0.37 | [ 0.29,  0.45] |  8.72 | 477 | < .001***
RES.RES2                 |                 PUI.PUI3 |  0.40 | [ 0.32,  0.47] |  9.42 | 477 | < .001***
RES.RES2                 |                 PUI.PUI4 |  0.39 | [ 0.31,  0.46] |  9.28 | 477 | < .001***
RES.RES2                 |                 PUI.PUI5 |  0.37 | [ 0.29,  0.45] |  8.76 | 477 | < .001***
RES.RES2                 |                 PUI.PUI6 |  0.25 | [ 0.16,  0.33] |  5.62 | 477 | < .001***
RES.RES2                 |                 PUI.PUI7 |  0.39 | [ 0.31,  0.46] |  9.24 | 477 | < .001***
RES.RES2                 |                 PUI.PUI8 |  0.32 | [ 0.24,  0.40] |  7.35 | 477 | < .001***
RES.RES2                 |                 TKR.TKR1 |  0.21 | [ 0.13,  0.30] |  4.80 | 477 | 0.012*   
RES.RES2                 |                 TKR.TKR2 |  0.26 | [ 0.17,  0.34] |  5.77 | 477 | < .001***
RES.RES2                 |                 TKR.TKR3 |  0.29 | [ 0.20,  0.37] |  6.60 | 477 | < .001***
RES.RES2                 |                 TKR.TKR4 |  0.22 | [ 0.14,  0.31] |  4.98 | 477 | 0.005**  
RES.RES2                 |                 WEI.WEI1 |  0.37 | [ 0.29,  0.44] |  8.69 | 477 | < .001***
RES.RES2                 |                 WEI.WEI2 |  0.35 | [ 0.27,  0.43] |  8.15 | 477 | < .001***
RES.RES2                 |                 WEI.WEI3 |  0.32 | [ 0.24,  0.40] |  7.44 | 477 | < .001***
RES.RES2                 |                 WEI.WEI4 |  0.45 | [ 0.37,  0.52] | 10.94 | 477 | < .001***
RES.RES2                 |                 WEI.WEI5 |  0.39 | [ 0.32,  0.47] |  9.37 | 477 | < .001***
RES.RES2                 |                 WEI.WEI6 |  0.34 | [ 0.26,  0.42] |  7.93 | 477 | < .001***
RES.RES2                 |                 WEI.WEI7 |  0.35 | [ 0.26,  0.42] |  8.06 | 477 | < .001***
RES.RES2                 |                 WEI.WEI8 |  0.38 | [ 0.30,  0.46] |  9.04 | 477 | < .001***
RES.RES2                 |            WORKPACE.SQ01 |  0.27 | [ 0.18,  0.35] |  6.04 | 475 | < .001***
RES.RES3                 |                 SQR.SQR1 |  0.27 | [ 0.18,  0.35] |  6.05 | 477 | < .001***
RES.RES3                 |                 SQR.SQR2 |  0.22 | [ 0.14,  0.31] |  4.99 | 477 | 0.005**  
RES.RES3                 |                   LS.LS1 |  0.43 | [ 0.36,  0.50] | 10.49 | 477 | < .001***
RES.RES3                 |                   LS.LS2 |  0.39 | [ 0.31,  0.46] |  9.15 | 477 | < .001***
RES.RES3                 |                   LS.LS3 |  0.36 | [ 0.28,  0.43] |  8.41 | 477 | < .001***
RES.RES3                 |                   LS.LS4 |  0.39 | [ 0.31,  0.46] |  9.14 | 477 | < .001***
RES.RES3                 |                   LS.LS5 |  0.36 | [ 0.28,  0.44] |  8.55 | 477 | < .001***
RES.RES3                 |                   LS.LS6 |  0.36 | [ 0.28,  0.43] |  8.38 | 477 | < .001***
RES.RES3                 |                   LS.LS7 |  0.31 | [ 0.23,  0.39] |  7.09 | 477 | < .001***
RES.RES3                 |                   LS.LS8 |  0.37 | [ 0.29,  0.44] |  8.60 | 477 | < .001***
RES.RES3                 |                 PPC.PPC1 |  0.33 | [ 0.25,  0.41] |  7.58 | 477 | < .001***
RES.RES3                 |                 PPC.PPC2 |  0.37 | [ 0.29,  0.44] |  8.61 | 477 | < .001***
RES.RES3                 |                 PPC.PPC3 |  0.40 | [ 0.32,  0.47] |  9.42 | 477 | < .001***
RES.RES3                 |                 PPC.PPC4 |  0.49 | [ 0.42,  0.56] | 12.39 | 477 | < .001***
RES.RES3                 |                 PPC.PPC5 |  0.30 | [ 0.22,  0.38] |  6.97 | 477 | < .001***
RES.RES3                 |                 PPC.PPC6 |  0.40 | [ 0.33,  0.48] |  9.64 | 477 | < .001***
RES.RES3                 |                   PS.PS1 |  0.46 | [ 0.39,  0.53] | 11.42 | 477 | < .001***
RES.RES3                 |                   PS.PS2 |  0.44 | [ 0.37,  0.51] | 10.84 | 477 | < .001***
RES.RES3                 |                   PS.PS3 |  0.43 | [ 0.35,  0.50] | 10.29 | 477 | < .001***
RES.RES3                 |                   PS.PS4 |  0.43 | [ 0.36,  0.50] | 10.44 | 477 | < .001***
RES.RES3                 |                   PS.PS5 |  0.40 | [ 0.32,  0.47] |  9.45 | 477 | < .001***
RES.RES3                 |                   PS.PS6 |  0.46 | [ 0.39,  0.53] | 11.40 | 477 | < .001***
RES.RES3                 |                   PS.PS7 |  0.44 | [ 0.37,  0.51] | 10.84 | 477 | < .001***
RES.RES3                 |                   PS.PS8 |  0.46 | [ 0.38,  0.52] | 11.19 | 477 | < .001***
RES.RES3                 |                   PS.PS9 |  0.47 | [ 0.40,  0.54] | 11.71 | 477 | < .001***
RES.RES3                 |                  PS.PS10 |  0.47 | [ 0.40,  0.54] | 11.69 | 477 | < .001***
RES.RES3                 |                  PS.PS11 |  0.46 | [ 0.39,  0.53] | 11.35 | 477 | < .001***
RES.RES3                 |                 PUI.PUI1 |  0.47 | [ 0.40,  0.54] | 11.76 | 477 | < .001***
RES.RES3                 |                 PUI.PUI2 |  0.42 | [ 0.34,  0.49] | 10.09 | 477 | < .001***
RES.RES3                 |                 PUI.PUI3 |  0.44 | [ 0.36,  0.51] | 10.65 | 477 | < .001***
RES.RES3                 |                 PUI.PUI4 |  0.52 | [ 0.45,  0.58] | 13.19 | 477 | < .001***
RES.RES3                 |                 PUI.PUI5 |  0.47 | [ 0.40,  0.54] | 11.60 | 477 | < .001***
RES.RES3                 |                 PUI.PUI6 |  0.25 | [ 0.17,  0.33] |  5.71 | 477 | < .001***
RES.RES3                 |                 PUI.PUI7 |  0.48 | [ 0.41,  0.55] | 11.98 | 477 | < .001***
RES.RES3                 |                 PUI.PUI8 |  0.48 | [ 0.41,  0.55] | 11.95 | 477 | < .001***
RES.RES3                 |                 TKR.TKR1 |  0.21 | [ 0.13,  0.30] |  4.75 | 477 | 0.016*   
RES.RES3                 |                 TKR.TKR2 |  0.24 | [ 0.15,  0.32] |  5.41 | 477 | < .001***
RES.RES3                 |                 TKR.TKR3 |  0.34 | [ 0.25,  0.41] |  7.79 | 477 | < .001***
RES.RES3                 |                 TKR.TKR4 |  0.20 | [ 0.11,  0.29] |  4.51 | 477 | 0.047*   
RES.RES3                 |                 WEI.WEI1 |  0.39 | [ 0.32,  0.47] |  9.38 | 477 | < .001***
RES.RES3                 |                 WEI.WEI2 |  0.45 | [ 0.37,  0.52] | 10.93 | 477 | < .001***
RES.RES3                 |                 WEI.WEI3 |  0.39 | [ 0.31,  0.47] |  9.33 | 477 | < .001***
RES.RES3                 |                 WEI.WEI4 |  0.41 | [ 0.34,  0.49] |  9.93 | 477 | < .001***
RES.RES3                 |                 WEI.WEI5 |  0.41 | [ 0.33,  0.48] |  9.80 | 477 | < .001***
RES.RES3                 |                 WEI.WEI6 |  0.31 | [ 0.23,  0.39] |  7.23 | 477 | < .001***
RES.RES3                 |                 WEI.WEI7 |  0.33 | [ 0.25,  0.41] |  7.66 | 477 | < .001***
RES.RES3                 |                 WEI.WEI8 |  0.43 | [ 0.36,  0.50] | 10.52 | 477 | < .001***
RES.RES3                 |       PERCEPTION.PROJPOS |  0.21 | [ 0.12,  0.29] |  4.57 | 476 | 0.036*   
RES.RES3                 |         PERCEPTION.DTPOS |  0.21 | [ 0.12,  0.29] |  4.64 | 475 | 0.027*   
RES.RES3                 |            WORKPACE.SQ01 |  0.25 | [ 0.16,  0.33] |  5.63 | 475 | < .001***
RES.RES4                 |                 SQR.SQR1 |  0.21 | [ 0.12,  0.29] |  4.65 | 477 | 0.025*   
RES.RES4                 |                 SQR.SQR2 |  0.21 | [ 0.12,  0.29] |  4.62 | 477 | 0.029*   
RES.RES4                 |                 SQR.SQR3 |  0.36 | [ 0.28,  0.43] |  8.35 | 477 | < .001***
RES.RES4                 |                   SR.SR1 |  0.46 | [ 0.39,  0.53] | 11.33 | 477 | < .001***
RES.RES4                 |                   SR.SR2 |  0.45 | [ 0.37,  0.51] | 10.86 | 477 | < .001***
RES.RES4                 |                   SR.SR3 |  0.43 | [ 0.36,  0.50] | 10.54 | 477 | < .001***
RES.RES4                 |                   SR.SR4 |  0.46 | [ 0.39,  0.53] | 11.42 | 477 | < .001***
RES.RES4                 |                   LS.LS3 |  0.26 | [ 0.17,  0.34] |  5.77 | 477 | < .001***
RES.RES4                 |                 PUI.PUI6 |  0.24 | [ 0.16,  0.33] |  5.48 | 477 | < .001***
RES.RES4                 |                 TKR.TKR1 |  0.31 | [ 0.22,  0.39] |  7.05 | 477 | < .001***
RES.RES4                 |                 TKR.TKR2 |  0.29 | [ 0.21,  0.37] |  6.62 | 477 | < .001***
RES.RES4                 |                 TKR.TKR4 |  0.34 | [ 0.26,  0.42] |  7.90 | 477 | < .001***
RES.RES4                 |                 WEI.WEI5 |  0.25 | [ 0.16,  0.33] |  5.53 | 477 | < .001***
RES.RES4                 |                 WEI.WEI7 |  0.22 | [ 0.13,  0.30] |  4.84 | 477 | 0.010*   
RES.RES4                 |                 WEI.WEI8 |  0.22 | [ 0.14,  0.31] |  4.99 | 477 | 0.005**  
RES.RES4                 |       PERCEPTION.PROJPOS | -0.33 | [-0.41, -0.25] | -7.67 | 476 | < .001***
RES.RES4                 |         PERCEPTION.DTPOS | -0.33 | [-0.41, -0.25] | -7.63 | 475 | < .001***
SQR.SQR1                 |                 SQR.SQR2 |  0.64 | [ 0.58,  0.69] | 18.18 | 477 | < .001***
SQR.SQR1                 |                 SQR.SQR3 |  0.51 | [ 0.44,  0.57] | 12.82 | 477 | < .001***
SQR.SQR1                 |                   SR.SR1 |  0.35 | [ 0.27,  0.42] |  8.07 | 477 | < .001***
SQR.SQR1                 |                   SR.SR2 |  0.28 | [ 0.20,  0.36] |  6.44 | 477 | < .001***
SQR.SQR1                 |                   SR.SR3 |  0.35 | [ 0.27,  0.43] |  8.15 | 477 | < .001***
SQR.SQR1                 |                   SR.SR4 |  0.29 | [ 0.20,  0.37] |  6.51 | 477 | < .001***
SQR.SQR1                 |                   LS.LS1 |  0.25 | [ 0.16,  0.33] |  5.59 | 477 | < .001***
SQR.SQR1                 |                   LS.LS2 |  0.27 | [ 0.18,  0.35] |  6.06 | 477 | < .001***
SQR.SQR1                 |                   LS.LS3 |  0.26 | [ 0.18,  0.34] |  5.90 | 477 | < .001***
SQR.SQR1                 |                   LS.LS4 |  0.32 | [ 0.23,  0.39] |  7.25 | 477 | < .001***
SQR.SQR1                 |                   LS.LS5 |  0.31 | [ 0.23,  0.39] |  7.21 | 477 | < .001***
SQR.SQR1                 |                   LS.LS6 |  0.33 | [ 0.25,  0.41] |  7.69 | 477 | < .001***
SQR.SQR1                 |                   LS.LS7 |  0.36 | [ 0.28,  0.44] |  8.45 | 477 | < .001***
SQR.SQR1                 |                   LS.LS8 |  0.36 | [ 0.28,  0.43] |  8.37 | 477 | < .001***
SQR.SQR1                 |                 PPC.PPC1 |  0.29 | [ 0.21,  0.37] |  6.65 | 477 | < .001***
SQR.SQR1                 |                 PPC.PPC2 |  0.22 | [ 0.13,  0.30] |  4.85 | 477 | 0.010**  
SQR.SQR1                 |                 PPC.PPC3 |  0.30 | [ 0.22,  0.38] |  6.91 | 477 | < .001***
SQR.SQR1                 |                 PPC.PPC4 |  0.32 | [ 0.24,  0.40] |  7.35 | 477 | < .001***
SQR.SQR1                 |                 PPC.PPC5 |  0.33 | [ 0.25,  0.41] |  7.67 | 477 | < .001***
SQR.SQR1                 |                 PPC.PPC6 |  0.30 | [ 0.22,  0.38] |  6.85 | 477 | < .001***
SQR.SQR1                 |                   PS.PS1 |  0.27 | [ 0.18,  0.35] |  6.05 | 477 | < .001***
SQR.SQR1                 |                   PS.PS2 |  0.32 | [ 0.24,  0.40] |  7.41 | 477 | < .001***
SQR.SQR1                 |                   PS.PS3 |  0.27 | [ 0.18,  0.35] |  6.04 | 477 | < .001***
SQR.SQR1                 |                   PS.PS4 |  0.27 | [ 0.18,  0.35] |  6.12 | 477 | < .001***
SQR.SQR1                 |                   PS.PS5 |  0.28 | [ 0.19,  0.36] |  6.32 | 477 | < .001***
SQR.SQR1                 |                   PS.PS6 |  0.25 | [ 0.16,  0.33] |  5.54 | 477 | < .001***
SQR.SQR1                 |                   PS.PS7 |  0.30 | [ 0.22,  0.38] |  6.87 | 477 | < .001***
SQR.SQR1                 |                   PS.PS8 |  0.24 | [ 0.16,  0.32] |  5.44 | 477 | < .001***
SQR.SQR1                 |                   PS.PS9 |  0.28 | [ 0.19,  0.36] |  6.26 | 477 | < .001***
SQR.SQR1                 |                  PS.PS10 |  0.31 | [ 0.23,  0.39] |  7.13 | 477 | < .001***
SQR.SQR1                 |                  PS.PS11 |  0.35 | [ 0.27,  0.43] |  8.19 | 477 | < .001***
SQR.SQR1                 |                 PUI.PUI1 |  0.33 | [ 0.25,  0.41] |  7.64 | 477 | < .001***
SQR.SQR1                 |                 PUI.PUI2 |  0.28 | [ 0.19,  0.36] |  6.32 | 477 | < .001***
SQR.SQR1                 |                 PUI.PUI3 |  0.32 | [ 0.24,  0.40] |  7.34 | 477 | < .001***
SQR.SQR1                 |                 PUI.PUI4 |  0.32 | [ 0.23,  0.40] |  7.32 | 477 | < .001***
SQR.SQR1                 |                 PUI.PUI5 |  0.31 | [ 0.22,  0.39] |  7.06 | 477 | < .001***
SQR.SQR1                 |                 PUI.PUI6 |  0.25 | [ 0.17,  0.34] |  5.75 | 477 | < .001***
SQR.SQR1                 |                 PUI.PUI7 |  0.27 | [ 0.19,  0.35] |  6.17 | 477 | < .001***
SQR.SQR1                 |                 PUI.PUI8 |  0.25 | [ 0.17,  0.33] |  5.68 | 477 | < .001***
SQR.SQR1                 |                 TKR.TKR1 |  0.26 | [ 0.18,  0.35] |  6.00 | 477 | < .001***
SQR.SQR1                 |                 TKR.TKR2 |  0.30 | [ 0.22,  0.38] |  6.94 | 477 | < .001***
SQR.SQR1                 |                 TKR.TKR3 |  0.30 | [ 0.22,  0.38] |  6.93 | 477 | < .001***
SQR.SQR1                 |                 TKR.TKR4 |  0.33 | [ 0.25,  0.41] |  7.67 | 477 | < .001***
SQR.SQR1                 |                 WEI.WEI1 |  0.30 | [ 0.21,  0.38] |  6.83 | 477 | < .001***
SQR.SQR1                 |                 WEI.WEI2 |  0.28 | [ 0.20,  0.36] |  6.43 | 477 | < .001***
SQR.SQR1                 |                 WEI.WEI3 |  0.33 | [ 0.24,  0.40] |  7.51 | 477 | < .001***
SQR.SQR1                 |                 WEI.WEI4 |  0.29 | [ 0.21,  0.37] |  6.62 | 477 | < .001***
SQR.SQR1                 |                 WEI.WEI5 |  0.39 | [ 0.31,  0.46] |  9.27 | 477 | < .001***
SQR.SQR1                 |                 WEI.WEI6 |  0.34 | [ 0.26,  0.42] |  7.91 | 477 | < .001***
SQR.SQR1                 |                 WEI.WEI7 |  0.32 | [ 0.24,  0.40] |  7.44 | 477 | < .001***
SQR.SQR1                 |                 WEI.WEI8 |  0.35 | [ 0.27,  0.42] |  8.10 | 477 | < .001***
SQR.SQR1                 |            WORKPACE.SQ01 |  0.25 | [ 0.16,  0.33] |  5.52 | 475 | < .001***
SQR.SQR2                 |                 SQR.SQR3 |  0.54 | [ 0.47,  0.60] | 14.01 | 477 | < .001***
SQR.SQR2                 |                   SR.SR1 |  0.33 | [ 0.25,  0.41] |  7.66 | 477 | < .001***
SQR.SQR2                 |                   SR.SR2 |  0.31 | [ 0.22,  0.39] |  7.06 | 477 | < .001***
SQR.SQR2                 |                   SR.SR3 |  0.34 | [ 0.26,  0.42] |  7.99 | 477 | < .001***
SQR.SQR2                 |                   SR.SR4 |  0.30 | [ 0.22,  0.38] |  6.85 | 477 | < .001***
SQR.SQR2                 |                   LS.LS1 |  0.22 | [ 0.14,  0.31] |  5.02 | 477 | 0.004**  
SQR.SQR2                 |                   LS.LS2 |  0.28 | [ 0.20,  0.36] |  6.41 | 477 | < .001***
SQR.SQR2                 |                   LS.LS3 |  0.30 | [ 0.21,  0.38] |  6.80 | 477 | < .001***
SQR.SQR2                 |                   LS.LS4 |  0.30 | [ 0.22,  0.38] |  6.89 | 477 | < .001***
SQR.SQR2                 |                   LS.LS5 |  0.28 | [ 0.19,  0.36] |  6.33 | 477 | < .001***
SQR.SQR2                 |                   LS.LS6 |  0.30 | [ 0.22,  0.38] |  6.89 | 477 | < .001***
SQR.SQR2                 |                   LS.LS7 |  0.38 | [ 0.30,  0.45] |  8.89 | 477 | < .001***
SQR.SQR2                 |                   LS.LS8 |  0.31 | [ 0.22,  0.39] |  7.07 | 477 | < .001***
SQR.SQR2                 |                 PPC.PPC1 |  0.27 | [ 0.18,  0.35] |  6.07 | 477 | < .001***
SQR.SQR2                 |                 PPC.PPC2 |  0.21 | [ 0.13,  0.30] |  4.75 | 477 | 0.016*   
SQR.SQR2                 |                 PPC.PPC3 |  0.29 | [ 0.20,  0.37] |  6.50 | 477 | < .001***
SQR.SQR2                 |                 PPC.PPC4 |  0.29 | [ 0.21,  0.37] |  6.73 | 477 | < .001***
SQR.SQR2                 |                 PPC.PPC5 |  0.35 | [ 0.27,  0.43] |  8.17 | 477 | < .001***
SQR.SQR2                 |                 PPC.PPC6 |  0.24 | [ 0.15,  0.32] |  5.38 | 477 | < .001***
SQR.SQR2                 |                   PS.PS1 |  0.25 | [ 0.16,  0.33] |  5.65 | 477 | < .001***
SQR.SQR2                 |                   PS.PS2 |  0.27 | [ 0.18,  0.35] |  6.05 | 477 | < .001***
SQR.SQR2                 |                   PS.PS3 |  0.30 | [ 0.22,  0.38] |  6.97 | 477 | < .001***
SQR.SQR2                 |                   PS.PS4 |  0.25 | [ 0.17,  0.33] |  5.67 | 477 | < .001***
SQR.SQR2                 |                   PS.PS5 |  0.23 | [ 0.15,  0.31] |  5.20 | 477 | 0.002**  
SQR.SQR2                 |                   PS.PS6 |  0.25 | [ 0.17,  0.34] |  5.72 | 477 | < .001***
SQR.SQR2                 |                   PS.PS7 |  0.25 | [ 0.17,  0.33] |  5.68 | 477 | < .001***
SQR.SQR2                 |                   PS.PS8 |  0.21 | [ 0.12,  0.29] |  4.64 | 477 | 0.027*   
SQR.SQR2                 |                   PS.PS9 |  0.25 | [ 0.16,  0.33] |  5.66 | 477 | < .001***
SQR.SQR2                 |                  PS.PS10 |  0.26 | [ 0.18,  0.34] |  5.97 | 477 | < .001***
SQR.SQR2                 |                  PS.PS11 |  0.29 | [ 0.21,  0.37] |  6.64 | 477 | < .001***
SQR.SQR2                 |                 PUI.PUI1 |  0.30 | [ 0.22,  0.38] |  6.84 | 477 | < .001***
SQR.SQR2                 |                 PUI.PUI2 |  0.23 | [ 0.15,  0.32] |  5.23 | 477 | 0.001**  
SQR.SQR2                 |                 PUI.PUI3 |  0.26 | [ 0.18,  0.35] |  5.98 | 477 | < .001***
SQR.SQR2                 |                 PUI.PUI4 |  0.23 | [ 0.15,  0.32] |  5.27 | 477 | 0.001**  
SQR.SQR2                 |                 PUI.PUI5 |  0.26 | [ 0.18,  0.34] |  5.94 | 477 | < .001***
SQR.SQR2                 |                 PUI.PUI6 |  0.29 | [ 0.21,  0.37] |  6.72 | 477 | < .001***
SQR.SQR2                 |                 PUI.PUI7 |  0.25 | [ 0.16,  0.33] |  5.57 | 477 | < .001***
SQR.SQR2                 |                 PUI.PUI8 |  0.24 | [ 0.16,  0.33] |  5.49 | 477 | < .001***
SQR.SQR2                 |                 TKR.TKR1 |  0.26 | [ 0.18,  0.34] |  5.92 | 477 | < .001***
SQR.SQR2                 |                 TKR.TKR2 |  0.34 | [ 0.26,  0.42] |  7.95 | 477 | < .001***
SQR.SQR2                 |                 TKR.TKR3 |  0.31 | [ 0.23,  0.39] |  7.14 | 477 | < .001***
SQR.SQR2                 |                 TKR.TKR4 |  0.32 | [ 0.24,  0.40] |  7.42 | 477 | < .001***
SQR.SQR2                 |                 WEI.WEI1 |  0.27 | [ 0.18,  0.35] |  6.05 | 477 | < .001***
SQR.SQR2                 |                 WEI.WEI2 |  0.25 | [ 0.17,  0.34] |  5.72 | 477 | < .001***
SQR.SQR2                 |                 WEI.WEI3 |  0.30 | [ 0.22,  0.38] |  6.88 | 477 | < .001***
SQR.SQR2                 |                 WEI.WEI4 |  0.29 | [ 0.20,  0.37] |  6.55 | 477 | < .001***
SQR.SQR2                 |                 WEI.WEI5 |  0.36 | [ 0.28,  0.44] |  8.44 | 477 | < .001***
SQR.SQR2                 |                 WEI.WEI6 |  0.27 | [ 0.18,  0.35] |  6.12 | 477 | < .001***
SQR.SQR2                 |                 WEI.WEI7 |  0.33 | [ 0.25,  0.41] |  7.72 | 477 | < .001***
SQR.SQR2                 |                 WEI.WEI8 |  0.34 | [ 0.26,  0.42] |  7.92 | 477 | < .001***
SQR.SQR2                 |            WORKPACE.SQ01 |  0.26 | [ 0.17,  0.34] |  5.76 | 475 | < .001***
SQR.SQR2                 |                 MEASURES |  0.22 | [ 0.13,  0.30] |  4.92 | 477 | 0.007**  
SQR.SQR3                 |                 SQR.SQR4 |  0.25 | [ 0.16,  0.33] |  5.55 | 477 | < .001***
SQR.SQR3                 |                   SR.SR1 |  0.42 | [ 0.35,  0.49] | 10.17 | 477 | < .001***
SQR.SQR3                 |                   SR.SR2 |  0.41 | [ 0.33,  0.48] |  9.73 | 477 | < .001***
SQR.SQR3                 |                   SR.SR3 |  0.42 | [ 0.35,  0.49] | 10.21 | 477 | < .001***
SQR.SQR3                 |                   SR.SR4 |  0.41 | [ 0.33,  0.48] |  9.86 | 477 | < .001***
SQR.SQR3                 |                   LS.LS2 |  0.30 | [ 0.21,  0.38] |  6.78 | 477 | < .001***
SQR.SQR3                 |                   LS.LS3 |  0.27 | [ 0.19,  0.36] |  6.23 | 477 | < .001***
SQR.SQR3                 |                   LS.LS4 |  0.25 | [ 0.17,  0.34] |  5.74 | 477 | < .001***
SQR.SQR3                 |                   LS.LS5 |  0.30 | [ 0.21,  0.38] |  6.80 | 477 | < .001***
SQR.SQR3                 |                   LS.LS6 |  0.30 | [ 0.21,  0.38] |  6.77 | 477 | < .001***
SQR.SQR3                 |                   LS.LS7 |  0.39 | [ 0.31,  0.46] |  9.17 | 477 | < .001***
SQR.SQR3                 |                   LS.LS8 |  0.24 | [ 0.16,  0.32] |  5.46 | 477 | < .001***
SQR.SQR3                 |                 PPC.PPC1 |  0.27 | [ 0.19,  0.35] |  6.18 | 477 | < .001***
SQR.SQR3                 |                 PPC.PPC2 |  0.26 | [ 0.18,  0.34] |  5.93 | 477 | < .001***
SQR.SQR3                 |                 PPC.PPC3 |  0.24 | [ 0.16,  0.32] |  5.44 | 477 | < .001***
SQR.SQR3                 |                 PPC.PPC4 |  0.25 | [ 0.17,  0.34] |  5.73 | 477 | < .001***
SQR.SQR3                 |                 PPC.PPC5 |  0.36 | [ 0.28,  0.43] |  8.35 | 477 | < .001***
SQR.SQR3                 |                 PPC.PPC6 |  0.31 | [ 0.23,  0.39] |  7.24 | 477 | < .001***
SQR.SQR3                 |                   PS.PS5 |  0.24 | [ 0.16,  0.33] |  5.52 | 477 | < .001***
SQR.SQR3                 |                  PS.PS10 |  0.24 | [ 0.15,  0.32] |  5.38 | 477 | < .001***
SQR.SQR3                 |                  PS.PS11 |  0.23 | [ 0.15,  0.32] |  5.22 | 477 | 0.002**  
SQR.SQR3                 |                 PUI.PUI1 |  0.23 | [ 0.14,  0.31] |  5.13 | 477 | 0.002**  
SQR.SQR3                 |                 PUI.PUI3 |  0.23 | [ 0.14,  0.31] |  5.09 | 477 | 0.003**  
SQR.SQR3                 |                 PUI.PUI6 |  0.40 | [ 0.33,  0.48] |  9.63 | 477 | < .001***
SQR.SQR3                 |                 TKR.TKR1 |  0.41 | [ 0.34,  0.48] |  9.91 | 477 | < .001***
SQR.SQR3                 |                 TKR.TKR2 |  0.40 | [ 0.32,  0.47] |  9.47 | 477 | < .001***
SQR.SQR3                 |                 TKR.TKR3 |  0.41 | [ 0.33,  0.48] |  9.77 | 477 | < .001***
SQR.SQR3                 |                 TKR.TKR4 |  0.41 | [ 0.33,  0.48] |  9.70 | 477 | < .001***
SQR.SQR3                 |                 WEI.WEI1 |  0.22 | [ 0.13,  0.30] |  4.85 | 477 | 0.010**  
SQR.SQR3                 |                 WEI.WEI3 |  0.32 | [ 0.24,  0.40] |  7.42 | 477 | < .001***
SQR.SQR3                 |                 WEI.WEI4 |  0.28 | [ 0.19,  0.36] |  6.27 | 477 | < .001***
SQR.SQR3                 |                 WEI.WEI5 |  0.34 | [ 0.26,  0.42] |  7.91 | 477 | < .001***
SQR.SQR3                 |                 WEI.WEI6 |  0.29 | [ 0.21,  0.37] |  6.69 | 477 | < .001***
SQR.SQR3                 |                 WEI.WEI7 |  0.34 | [ 0.26,  0.42] |  7.89 | 477 | < .001***
SQR.SQR3                 |                 WEI.WEI8 |  0.35 | [ 0.27,  0.42] |  8.09 | 477 | < .001***
SQR.SQR3                 |            WORKPACE.SQ01 |  0.28 | [ 0.19,  0.36] |  6.26 | 475 | < .001***
SQR.SQR3                 |                 MEASURES |  0.23 | [ 0.14,  0.31] |  5.09 | 477 | 0.003**  
SQR.SQR3                 |                MEASURES2 |  0.31 | [ 0.19,  0.42] |  5.09 | 248 | 0.004**  
SQR.SQR3                 |                  WEITime | -0.23 | [-0.31, -0.14] | -5.17 | 477 | 0.002**  
SQR.SQR4                 |                 PUI.PUI4 |  0.23 | [ 0.14,  0.31] |  5.16 | 477 | 0.002**  
SQR.SQR4                 |                 TKR.TKR3 |  0.21 | [ 0.13,  0.30] |  4.75 | 477 | 0.016*   
SQR.SQR4                 |                 TKR.TKR4 |  0.20 | [ 0.11,  0.29] |  4.50 | 477 | 0.050*   
SQR.SQR4                 |                 WEI.WEI4 |  0.21 | [ 0.13,  0.30] |  4.81 | 477 | 0.012*   
SQR.SQR4                 |                 WEI.WEI5 |  0.21 | [ 0.13,  0.30] |  4.77 | 477 | 0.015*   
SQR.SQR4                 |                 WEI.WEI7 |  0.20 | [ 0.11,  0.29] |  4.50 | 477 | 0.050*   
SR.SR1                   |                   SR.SR2 |  0.68 | [ 0.63,  0.73] | 20.29 | 477 | < .001***
SR.SR1                   |                   SR.SR3 |  0.77 | [ 0.73,  0.80] | 26.27 | 477 | < .001***
SR.SR1                   |                   SR.SR4 |  0.75 | [ 0.71,  0.79] | 24.89 | 477 | < .001***
SR.SR1                   |                   LS.LS3 |  0.29 | [ 0.21,  0.37] |  6.72 | 477 | < .001***
SR.SR1                   |                   LS.LS6 |  0.28 | [ 0.19,  0.36] |  6.26 | 477 | < .001***
SR.SR1                   |                   LS.LS7 |  0.26 | [ 0.18,  0.34] |  5.96 | 477 | < .001***
SR.SR1                   |                 PPC.PPC5 |  0.27 | [ 0.19,  0.35] |  6.17 | 477 | < .001***
SR.SR1                   |                 PUI.PUI6 |  0.30 | [ 0.22,  0.38] |  6.87 | 477 | < .001***
SR.SR1                   |                 TKR.TKR1 |  0.29 | [ 0.21,  0.37] |  6.64 | 477 | < .001***
SR.SR1                   |                 TKR.TKR2 |  0.35 | [ 0.27,  0.42] |  8.10 | 477 | < .001***
SR.SR1                   |                 TKR.TKR3 |  0.29 | [ 0.20,  0.37] |  6.54 | 477 | < .001***
SR.SR1                   |                 TKR.TKR4 |  0.32 | [ 0.24,  0.40] |  7.38 | 477 | < .001***
SR.SR1                   |                 WEI.WEI3 |  0.22 | [ 0.13,  0.30] |  4.91 | 477 | 0.007**  
SR.SR1                   |                 WEI.WEI5 |  0.30 | [ 0.22,  0.38] |  6.93 | 477 | < .001***
SR.SR1                   |                 WEI.WEI6 |  0.20 | [ 0.12,  0.29] |  4.56 | 477 | 0.038*   
SR.SR1                   |                 WEI.WEI7 |  0.28 | [ 0.19,  0.36] |  6.27 | 477 | < .001***
SR.SR1                   |                 WEI.WEI8 |  0.24 | [ 0.16,  0.33] |  5.49 | 477 | < .001***
SR.SR1                   |       PERCEPTION.PROJPOS | -0.24 | [-0.32, -0.15] | -5.29 | 476 | 0.001**  
SR.SR1                   |         PERCEPTION.DTPOS | -0.25 | [-0.33, -0.16] | -5.57 | 475 | < .001***
SR.SR1                   |                 MEASURES |  0.23 | [ 0.14,  0.31] |  5.19 | 477 | 0.002**  
SR.SR2                   |                   SR.SR3 |  0.72 | [ 0.68,  0.76] | 22.84 | 477 | < .001***
SR.SR2                   |                   SR.SR4 |  0.72 | [ 0.68,  0.76] | 22.74 | 477 | < .001***
SR.SR2                   |                 PPC.PPC5 |  0.21 | [ 0.12,  0.30] |  4.72 | 477 | 0.018*   
SR.SR2                   |                 PUI.PUI6 |  0.23 | [ 0.15,  0.32] |  5.23 | 477 | 0.001**  
SR.SR2                   |                 TKR.TKR1 |  0.32 | [ 0.23,  0.39] |  7.28 | 477 | < .001***
SR.SR2                   |                 TKR.TKR2 |  0.32 | [ 0.24,  0.40] |  7.47 | 477 | < .001***
SR.SR2                   |                 TKR.TKR3 |  0.25 | [ 0.16,  0.33] |  5.54 | 477 | < .001***
SR.SR2                   |                 TKR.TKR4 |  0.34 | [ 0.26,  0.42] |  7.97 | 477 | < .001***
SR.SR2                   |                 WEI.WEI5 |  0.21 | [ 0.12,  0.29] |  4.68 | 477 | 0.021*   
SR.SR2                   |       PERCEPTION.PROJPOS | -0.30 | [-0.38, -0.22] | -6.85 | 476 | < .001***
SR.SR2                   |         PERCEPTION.DTPOS | -0.28 | [-0.36, -0.19] | -6.28 | 475 | < .001***
SR.SR2                   |                 MEASURES |  0.24 | [ 0.15,  0.32] |  5.35 | 477 | < .001***
SR.SR2                   |                MEASURES2 |  0.29 | [ 0.17,  0.40] |  4.69 | 248 | 0.026*   
SR.SR3                   |                   SR.SR4 |  0.75 | [ 0.70,  0.78] | 24.57 | 477 | < .001***
SR.SR3                   |                   LS.LS3 |  0.22 | [ 0.14,  0.31] |  5.01 | 477 | 0.005**  
SR.SR3                   |                   LS.LS7 |  0.27 | [ 0.18,  0.35] |  6.01 | 477 | < .001***
SR.SR3                   |                 PPC.PPC5 |  0.23 | [ 0.14,  0.31] |  5.19 | 477 | 0.002**  
SR.SR3                   |                 PUI.PUI6 |  0.29 | [ 0.21,  0.37] |  6.65 | 477 | < .001***
SR.SR3                   |                 TKR.TKR1 |  0.30 | [ 0.22,  0.38] |  6.97 | 477 | < .001***
SR.SR3                   |                 TKR.TKR2 |  0.34 | [ 0.26,  0.42] |  7.91 | 477 | < .001***
SR.SR3                   |                 TKR.TKR3 |  0.28 | [ 0.19,  0.36] |  6.34 | 477 | < .001***
SR.SR3                   |                 TKR.TKR4 |  0.37 | [ 0.29,  0.44] |  8.58 | 477 | < .001***
SR.SR3                   |                 WEI.WEI5 |  0.26 | [ 0.18,  0.35] |  6.00 | 477 | < .001***
SR.SR3                   |                 WEI.WEI7 |  0.24 | [ 0.16,  0.32] |  5.45 | 477 | < .001***
SR.SR3                   |                 WEI.WEI8 |  0.21 | [ 0.12,  0.30] |  4.73 | 477 | 0.017*   
SR.SR3                   |       PERCEPTION.PROJPOS | -0.27 | [-0.35, -0.18] | -6.02 | 476 | < .001***
SR.SR3                   |         PERCEPTION.DTPOS | -0.27 | [-0.35, -0.19] | -6.18 | 475 | < .001***
SR.SR3                   |                 MEASURES |  0.26 | [ 0.17,  0.34] |  5.81 | 477 | < .001***
SR.SR4                   |                   LS.LS3 |  0.30 | [ 0.21,  0.38] |  6.81 | 477 | < .001***
SR.SR4                   |                   LS.LS6 |  0.20 | [ 0.12,  0.29] |  4.53 | 477 | 0.043*   
SR.SR4                   |                   LS.LS7 |  0.27 | [ 0.18,  0.35] |  6.01 | 477 | < .001***
SR.SR4                   |                 PPC.PPC5 |  0.25 | [ 0.16,  0.33] |  5.54 | 477 | < .001***
SR.SR4                   |                 PUI.PUI6 |  0.28 | [ 0.20,  0.36] |  6.41 | 477 | < .001***
SR.SR4                   |                 TKR.TKR1 |  0.29 | [ 0.20,  0.37] |  6.54 | 477 | < .001***
SR.SR4                   |                 TKR.TKR2 |  0.31 | [ 0.23,  0.39] |  7.24 | 477 | < .001***
SR.SR4                   |                 TKR.TKR3 |  0.27 | [ 0.19,  0.36] |  6.24 | 477 | < .001***
SR.SR4                   |                 TKR.TKR4 |  0.34 | [ 0.26,  0.41] |  7.83 | 477 | < .001***
SR.SR4                   |                 WEI.WEI5 |  0.26 | [ 0.17,  0.34] |  5.78 | 477 | < .001***
SR.SR4                   |                 WEI.WEI7 |  0.26 | [ 0.17,  0.34] |  5.87 | 477 | < .001***
SR.SR4                   |                 WEI.WEI8 |  0.25 | [ 0.16,  0.33] |  5.65 | 477 | < .001***
SR.SR4                   |       PERCEPTION.PROJPOS | -0.26 | [-0.35, -0.18] | -5.99 | 476 | < .001***
SR.SR4                   |         PERCEPTION.DTPOS | -0.25 | [-0.33, -0.16] | -5.51 | 475 | < .001***
SR.SR4                   |                 MEASURES |  0.23 | [ 0.15,  0.32] |  5.22 | 477 | 0.002**  
LS.LS1                   |                   LS.LS2 |  0.44 | [ 0.37,  0.51] | 10.73 | 477 | < .001***
LS.LS1                   |                   LS.LS3 |  0.45 | [ 0.37,  0.52] | 10.97 | 477 | < .001***
LS.LS1                   |                   LS.LS4 |  0.54 | [ 0.48,  0.60] | 14.18 | 477 | < .001***
LS.LS1                   |                   LS.LS5 |  0.50 | [ 0.43,  0.56] | 12.60 | 477 | < .001***
LS.LS1                   |                   LS.LS6 |  0.54 | [ 0.48,  0.60] | 14.11 | 477 | < .001***
LS.LS1                   |                   LS.LS7 |  0.42 | [ 0.34,  0.49] | 10.13 | 477 | < .001***
LS.LS1                   |                   LS.LS8 |  0.59 | [ 0.53,  0.64] | 15.93 | 477 | < .001***
LS.LS1                   |                 PPC.PPC1 |  0.50 | [ 0.42,  0.56] | 12.45 | 477 | < .001***
LS.LS1                   |                 PPC.PPC2 |  0.37 | [ 0.29,  0.44] |  8.62 | 477 | < .001***
LS.LS1                   |                 PPC.PPC3 |  0.47 | [ 0.39,  0.53] | 11.56 | 477 | < .001***
LS.LS1                   |                 PPC.PPC4 |  0.50 | [ 0.43,  0.56] | 12.56 | 477 | < .001***
LS.LS1                   |                 PPC.PPC5 |  0.41 | [ 0.34,  0.49] |  9.96 | 477 | < .001***
LS.LS1                   |                 PPC.PPC6 |  0.49 | [ 0.41,  0.55] | 12.12 | 477 | < .001***
LS.LS1                   |                   PS.PS1 |  0.55 | [ 0.49,  0.61] | 14.48 | 477 | < .001***
LS.LS1                   |                   PS.PS2 |  0.53 | [ 0.46,  0.59] | 13.68 | 477 | < .001***
LS.LS1                   |                   PS.PS3 |  0.57 | [ 0.50,  0.63] | 15.07 | 477 | < .001***
LS.LS1                   |                   PS.PS4 |  0.50 | [ 0.43,  0.56] | 12.49 | 477 | < .001***
LS.LS1                   |                   PS.PS5 |  0.51 | [ 0.44,  0.58] | 13.06 | 477 | < .001***
LS.LS1                   |                   PS.PS6 |  0.56 | [ 0.50,  0.62] | 14.91 | 477 | < .001***
LS.LS1                   |                   PS.PS7 |  0.52 | [ 0.45,  0.58] | 13.38 | 477 | < .001***
LS.LS1                   |                   PS.PS8 |  0.55 | [ 0.48,  0.61] | 14.37 | 477 | < .001***
LS.LS1                   |                   PS.PS9 |  0.52 | [ 0.45,  0.58] | 13.32 | 477 | < .001***
LS.LS1                   |                  PS.PS10 |  0.52 | [ 0.46,  0.59] | 13.45 | 477 | < .001***
LS.LS1                   |                  PS.PS11 |  0.55 | [ 0.48,  0.61] | 14.31 | 477 | < .001***
LS.LS1                   |                 PUI.PUI1 |  0.58 | [ 0.52,  0.64] | 15.54 | 477 | < .001***
LS.LS1                   |                 PUI.PUI2 |  0.48 | [ 0.40,  0.54] | 11.84 | 477 | < .001***
LS.LS1                   |                 PUI.PUI3 |  0.55 | [ 0.48,  0.61] | 14.33 | 477 | < .001***
LS.LS1                   |                 PUI.PUI4 |  0.56 | [ 0.49,  0.61] | 14.60 | 477 | < .001***
LS.LS1                   |                 PUI.PUI5 |  0.59 | [ 0.53,  0.65] | 15.96 | 477 | < .001***
LS.LS1                   |                 PUI.PUI6 |  0.35 | [ 0.27,  0.43] |  8.16 | 477 | < .001***
LS.LS1                   |                 PUI.PUI7 |  0.56 | [ 0.49,  0.62] | 14.73 | 477 | < .001***
LS.LS1                   |                 PUI.PUI8 |  0.54 | [ 0.48,  0.60] | 14.10 | 477 | < .001***
LS.LS1                   |                 TKR.TKR1 |  0.22 | [ 0.13,  0.30] |  4.85 | 477 | 0.010**  
LS.LS1                   |                 TKR.TKR2 |  0.23 | [ 0.14,  0.31] |  5.14 | 477 | 0.002**  
LS.LS1                   |                 TKR.TKR3 |  0.32 | [ 0.24,  0.40] |  7.50 | 477 | < .001***
LS.LS1                   |                 TKR.TKR4 |  0.24 | [ 0.15,  0.32] |  5.38 | 477 | < .001***
LS.LS1                   |                 WEI.WEI1 |  0.48 | [ 0.41,  0.55] | 11.94 | 477 | < .001***
LS.LS1                   |                 WEI.WEI2 |  0.55 | [ 0.49,  0.61] | 14.44 | 477 | < .001***
LS.LS1                   |                 WEI.WEI3 |  0.50 | [ 0.43,  0.57] | 12.66 | 477 | < .001***
LS.LS1                   |                 WEI.WEI4 |  0.50 | [ 0.43,  0.56] | 12.61 | 477 | < .001***
LS.LS1                   |                 WEI.WEI5 |  0.50 | [ 0.43,  0.57] | 12.75 | 477 | < .001***
LS.LS1                   |                 WEI.WEI6 |  0.39 | [ 0.31,  0.46] |  9.26 | 477 | < .001***
LS.LS1                   |                 WEI.WEI7 |  0.42 | [ 0.35,  0.49] | 10.21 | 477 | < .001***
LS.LS1                   |                 WEI.WEI8 |  0.44 | [ 0.37,  0.51] | 10.74 | 477 | < .001***
LS.LS1                   |       PERCEPTION.PROJPOS |  0.30 | [ 0.21,  0.38] |  6.78 | 476 | < .001***
LS.LS1                   |         PERCEPTION.DTPOS |  0.24 | [ 0.16,  0.33] |  5.45 | 475 | < .001***
LS.LS1                   |            WORKPACE.SQ01 |  0.26 | [ 0.17,  0.34] |  5.79 | 475 | < .001***
LS.LS1                   |                 AUTONOMY |  0.21 | [ 0.13,  0.30] |  4.77 | 475 | 0.014*   
LS.LS2                   |                   LS.LS3 |  0.57 | [ 0.50,  0.62] | 15.04 | 477 | < .001***
LS.LS2                   |                   LS.LS4 |  0.54 | [ 0.47,  0.60] | 13.86 | 477 | < .001***
LS.LS2                   |                   LS.LS5 |  0.51 | [ 0.44,  0.57] | 12.92 | 477 | < .001***
LS.LS2                   |                   LS.LS6 |  0.50 | [ 0.43,  0.56] | 12.48 | 477 | < .001***
LS.LS2                   |                   LS.LS7 |  0.42 | [ 0.34,  0.49] | 10.01 | 477 | < .001***
LS.LS2                   |                   LS.LS8 |  0.45 | [ 0.38,  0.52] | 11.07 | 477 | < .001***
LS.LS2                   |                 PPC.PPC1 |  0.45 | [ 0.38,  0.52] | 11.12 | 477 | < .001***
LS.LS2                   |                 PPC.PPC2 |  0.38 | [ 0.31,  0.46] |  9.11 | 477 | < .001***
LS.LS2                   |                 PPC.PPC3 |  0.45 | [ 0.37,  0.52] | 10.94 | 477 | < .001***
LS.LS2                   |                 PPC.PPC4 |  0.41 | [ 0.34,  0.48] |  9.91 | 477 | < .001***
LS.LS2                   |                 PPC.PPC5 |  0.37 | [ 0.29,  0.45] |  8.83 | 477 | < .001***
LS.LS2                   |                 PPC.PPC6 |  0.43 | [ 0.36,  0.50] | 10.46 | 477 | < .001***
LS.LS2                   |                   PS.PS1 |  0.40 | [ 0.32,  0.48] |  9.61 | 477 | < .001***
LS.LS2                   |                   PS.PS2 |  0.36 | [ 0.28,  0.44] |  8.41 | 477 | < .001***
LS.LS2                   |                   PS.PS3 |  0.38 | [ 0.30,  0.46] |  9.07 | 477 | < .001***
LS.LS2                   |                   PS.PS4 |  0.38 | [ 0.30,  0.46] |  9.03 | 477 | < .001***
LS.LS2                   |                   PS.PS5 |  0.33 | [ 0.25,  0.41] |  7.76 | 477 | < .001***
LS.LS2                   |                   PS.PS6 |  0.43 | [ 0.35,  0.50] | 10.36 | 477 | < .001***
LS.LS2                   |                   PS.PS7 |  0.38 | [ 0.30,  0.46] |  9.06 | 477 | < .001***
LS.LS2                   |                   PS.PS8 |  0.39 | [ 0.31,  0.46] |  9.23 | 477 | < .001***
LS.LS2                   |                   PS.PS9 |  0.45 | [ 0.37,  0.52] | 10.95 | 477 | < .001***
LS.LS2                   |                  PS.PS10 |  0.45 | [ 0.37,  0.52] | 10.89 | 477 | < .001***
LS.LS2                   |                  PS.PS11 |  0.41 | [ 0.33,  0.48] |  9.85 | 477 | < .001***
LS.LS2                   |                 PUI.PUI1 |  0.45 | [ 0.38,  0.52] | 11.04 | 477 | < .001***
LS.LS2                   |                 PUI.PUI2 |  0.44 | [ 0.37,  0.51] | 10.74 | 477 | < .001***
LS.LS2                   |                 PUI.PUI3 |  0.44 | [ 0.36,  0.51] | 10.62 | 477 | < .001***
LS.LS2                   |                 PUI.PUI4 |  0.43 | [ 0.36,  0.50] | 10.50 | 477 | < .001***
LS.LS2                   |                 PUI.PUI5 |  0.45 | [ 0.37,  0.51] | 10.86 | 477 | < .001***
LS.LS2                   |                 PUI.PUI6 |  0.37 | [ 0.28,  0.44] |  8.57 | 477 | < .001***
LS.LS2                   |                 PUI.PUI7 |  0.45 | [ 0.37,  0.52] | 10.91 | 477 | < .001***
LS.LS2                   |                 PUI.PUI8 |  0.40 | [ 0.33,  0.48] |  9.66 | 477 | < .001***
LS.LS2                   |                 TKR.TKR1 |  0.30 | [ 0.21,  0.38] |  6.83 | 477 | < .001***
LS.LS2                   |                 TKR.TKR2 |  0.36 | [ 0.28,  0.43] |  8.38 | 477 | < .001***
LS.LS2                   |                 TKR.TKR3 |  0.30 | [ 0.21,  0.37] |  6.75 | 477 | < .001***
LS.LS2                   |                 TKR.TKR4 |  0.29 | [ 0.21,  0.37] |  6.70 | 477 | < .001***
LS.LS2                   |                 WEI.WEI1 |  0.42 | [ 0.34,  0.49] | 10.04 | 477 | < .001***
LS.LS2                   |                 WEI.WEI2 |  0.41 | [ 0.33,  0.48] |  9.68 | 477 | < .001***
LS.LS2                   |                 WEI.WEI3 |  0.35 | [ 0.27,  0.43] |  8.29 | 477 | < .001***
LS.LS2                   |                 WEI.WEI4 |  0.42 | [ 0.34,  0.49] | 10.13 | 477 | < .001***
LS.LS2                   |                 WEI.WEI5 |  0.48 | [ 0.40,  0.54] | 11.81 | 477 | < .001***
LS.LS2                   |                 WEI.WEI6 |  0.35 | [ 0.27,  0.43] |  8.19 | 477 | < .001***
LS.LS2                   |                 WEI.WEI7 |  0.43 | [ 0.35,  0.50] | 10.39 | 477 | < .001***
LS.LS2                   |                 WEI.WEI8 |  0.43 | [ 0.35,  0.50] | 10.40 | 477 | < .001***
LS.LS2                   |            WORKPACE.SQ01 |  0.27 | [ 0.19,  0.35] |  6.14 | 475 | < .001***
LS.LS2                   |                 AUTONOMY |  0.24 | [ 0.16,  0.33] |  5.48 | 475 | < .001***
LS.LS3                   |                   LS.LS4 |  0.50 | [ 0.43,  0.56] | 12.52 | 477 | < .001***
LS.LS3                   |                   LS.LS5 |  0.49 | [ 0.42,  0.56] | 12.37 | 477 | < .001***
LS.LS3                   |                   LS.LS6 |  0.52 | [ 0.45,  0.58] | 13.33 | 477 | < .001***
LS.LS3                   |                   LS.LS7 |  0.55 | [ 0.49,  0.61] | 14.53 | 477 | < .001***
LS.LS3                   |                   LS.LS8 |  0.53 | [ 0.47,  0.59] | 13.75 | 477 | < .001***
LS.LS3                   |                 PPC.PPC1 |  0.42 | [ 0.34,  0.49] | 10.00 | 477 | < .001***
LS.LS3                   |                 PPC.PPC2 |  0.36 | [ 0.28,  0.44] |  8.47 | 477 | < .001***
LS.LS3                   |                 PPC.PPC3 |  0.40 | [ 0.32,  0.47] |  9.43 | 477 | < .001***
LS.LS3                   |                 PPC.PPC4 |  0.39 | [ 0.32,  0.47] |  9.35 | 477 | < .001***
LS.LS3                   |                 PPC.PPC5 |  0.41 | [ 0.34,  0.49] |  9.92 | 477 | < .001***
LS.LS3                   |                 PPC.PPC6 |  0.44 | [ 0.37,  0.51] | 10.72 | 477 | < .001***
LS.LS3                   |                   PS.PS1 |  0.45 | [ 0.38,  0.52] | 11.13 | 477 | < .001***
LS.LS3                   |                   PS.PS2 |  0.41 | [ 0.34,  0.49] |  9.94 | 477 | < .001***
LS.LS3                   |                   PS.PS3 |  0.42 | [ 0.34,  0.49] | 10.08 | 477 | < .001***
LS.LS3                   |                   PS.PS4 |  0.36 | [ 0.27,  0.43] |  8.31 | 477 | < .001***
LS.LS3                   |                   PS.PS5 |  0.42 | [ 0.34,  0.49] |  9.96 | 477 | < .001***
LS.LS3                   |                   PS.PS6 |  0.44 | [ 0.36,  0.51] | 10.57 | 477 | < .001***
LS.LS3                   |                   PS.PS7 |  0.41 | [ 0.34,  0.48] |  9.91 | 477 | < .001***
LS.LS3                   |                   PS.PS8 |  0.36 | [ 0.28,  0.43] |  8.40 | 477 | < .001***
LS.LS3                   |                   PS.PS9 |  0.43 | [ 0.35,  0.50] | 10.32 | 477 | < .001***
LS.LS3                   |                  PS.PS10 |  0.46 | [ 0.39,  0.53] | 11.29 | 477 | < .001***
LS.LS3                   |                  PS.PS11 |  0.40 | [ 0.32,  0.47] |  9.42 | 477 | < .001***
LS.LS3                   |                 PUI.PUI1 |  0.44 | [ 0.37,  0.51] | 10.79 | 477 | < .001***
LS.LS3                   |                 PUI.PUI2 |  0.47 | [ 0.40,  0.54] | 11.74 | 477 | < .001***
LS.LS3                   |                 PUI.PUI3 |  0.42 | [ 0.34,  0.49] | 10.10 | 477 | < .001***
LS.LS3                   |                 PUI.PUI4 |  0.34 | [ 0.25,  0.41] |  7.78 | 477 | < .001***
LS.LS3                   |                 PUI.PUI5 |  0.46 | [ 0.38,  0.52] | 11.20 | 477 | < .001***
LS.LS3                   |                 PUI.PUI6 |  0.43 | [ 0.35,  0.50] | 10.29 | 477 | < .001***
LS.LS3                   |                 PUI.PUI7 |  0.50 | [ 0.43,  0.57] | 12.65 | 477 | < .001***
LS.LS3                   |                 PUI.PUI8 |  0.40 | [ 0.33,  0.48] |  9.62 | 477 | < .001***
LS.LS3                   |                 TKR.TKR1 |  0.28 | [ 0.20,  0.36] |  6.44 | 477 | < .001***
LS.LS3                   |                 TKR.TKR2 |  0.34 | [ 0.25,  0.41] |  7.77 | 477 | < .001***
LS.LS3                   |                 TKR.TKR3 |  0.33 | [ 0.24,  0.40] |  7.52 | 477 | < .001***
LS.LS3                   |                 TKR.TKR4 |  0.27 | [ 0.18,  0.35] |  6.02 | 477 | < .001***
LS.LS3                   |                 WEI.WEI1 |  0.46 | [ 0.38,  0.53] | 11.27 | 477 | < .001***
LS.LS3                   |                 WEI.WEI2 |  0.45 | [ 0.37,  0.51] | 10.88 | 477 | < .001***
LS.LS3                   |                 WEI.WEI3 |  0.41 | [ 0.33,  0.48] |  9.84 | 477 | < .001***
LS.LS3                   |                 WEI.WEI4 |  0.45 | [ 0.38,  0.52] | 11.06 | 477 | < .001***
LS.LS3                   |                 WEI.WEI5 |  0.50 | [ 0.43,  0.56] | 12.49 | 477 | < .001***
LS.LS3                   |                 WEI.WEI6 |  0.39 | [ 0.31,  0.46] |  9.12 | 477 | < .001***
LS.LS3                   |                 WEI.WEI7 |  0.45 | [ 0.38,  0.52] | 11.03 | 477 | < .001***
LS.LS3                   |                 WEI.WEI8 |  0.50 | [ 0.42,  0.56] | 12.47 | 477 | < .001***
LS.LS3                   |            WORKPACE.SQ01 |  0.25 | [ 0.16,  0.33] |  5.52 | 475 | < .001***
LS.LS3                   |                 AUTONOMY |  0.28 | [ 0.19,  0.36] |  6.35 | 475 | < .001***
LS.LS3                   |                 MEASURES |  0.21 | [ 0.12,  0.29] |  4.71 | 477 | 0.019*   
LS.LS4                   |                   LS.LS5 |  0.57 | [ 0.50,  0.63] | 15.10 | 477 | < .001***
LS.LS4                   |                   LS.LS6 |  0.57 | [ 0.51,  0.63] | 15.28 | 477 | < .001***
LS.LS4                   |                   LS.LS7 |  0.52 | [ 0.46,  0.59] | 13.46 | 477 | < .001***
LS.LS4                   |                   LS.LS8 |  0.61 | [ 0.55,  0.66] | 16.61 | 477 | < .001***
LS.LS4                   |                 PPC.PPC1 |  0.44 | [ 0.36,  0.51] | 10.63 | 477 | < .001***
LS.LS4                   |                 PPC.PPC2 |  0.40 | [ 0.32,  0.47] |  9.46 | 477 | < .001***
LS.LS4                   |                 PPC.PPC3 |  0.45 | [ 0.37,  0.52] | 10.97 | 477 | < .001***
LS.LS4                   |                 PPC.PPC4 |  0.51 | [ 0.44,  0.57] | 12.92 | 477 | < .001***
LS.LS4                   |                 PPC.PPC5 |  0.47 | [ 0.40,  0.54] | 11.63 | 477 | < .001***
LS.LS4                   |                 PPC.PPC6 |  0.47 | [ 0.40,  0.54] | 11.63 | 477 | < .001***
LS.LS4                   |                   PS.PS1 |  0.48 | [ 0.41,  0.55] | 12.04 | 477 | < .001***
LS.LS4                   |                   PS.PS2 |  0.51 | [ 0.44,  0.57] | 12.88 | 477 | < .001***
LS.LS4                   |                   PS.PS3 |  0.51 | [ 0.44,  0.57] | 12.83 | 477 | < .001***
LS.LS4                   |                   PS.PS4 |  0.48 | [ 0.40,  0.54] | 11.79 | 477 | < .001***
LS.LS4                   |                   PS.PS5 |  0.43 | [ 0.35,  0.50] | 10.27 | 477 | < .001***
LS.LS4                   |                   PS.PS6 |  0.46 | [ 0.38,  0.52] | 11.21 | 477 | < .001***
LS.LS4                   |                   PS.PS7 |  0.50 | [ 0.43,  0.56] | 12.49 | 477 | < .001***
LS.LS4                   |                   PS.PS8 |  0.48 | [ 0.40,  0.54] | 11.83 | 477 | < .001***
LS.LS4                   |                   PS.PS9 |  0.45 | [ 0.38,  0.52] | 11.07 | 477 | < .001***
LS.LS4                   |                  PS.PS10 |  0.51 | [ 0.44,  0.57] | 12.90 | 477 | < .001***
LS.LS4                   |                  PS.PS11 |  0.52 | [ 0.45,  0.58] | 13.36 | 477 | < .001***
LS.LS4                   |                 PUI.PUI1 |  0.52 | [ 0.45,  0.59] | 13.40 | 477 | < .001***
LS.LS4                   |                 PUI.PUI2 |  0.53 | [ 0.46,  0.59] | 13.65 | 477 | < .001***
LS.LS4                   |                 PUI.PUI3 |  0.45 | [ 0.37,  0.52] | 10.99 | 477 | < .001***
LS.LS4                   |                 PUI.PUI4 |  0.46 | [ 0.39,  0.53] | 11.30 | 477 | < .001***
LS.LS4                   |                 PUI.PUI5 |  0.52 | [ 0.45,  0.58] | 13.21 | 477 | < .001***
LS.LS4                   |                 PUI.PUI6 |  0.46 | [ 0.38,  0.52] | 11.22 | 477 | < .001***
LS.LS4                   |                 PUI.PUI7 |  0.54 | [ 0.48,  0.60] | 14.12 | 477 | < .001***
LS.LS4                   |                 PUI.PUI8 |  0.49 | [ 0.42,  0.56] | 12.43 | 477 | < .001***
LS.LS4                   |                 TKR.TKR1 |  0.27 | [ 0.19,  0.35] |  6.20 | 477 | < .001***
LS.LS4                   |                 TKR.TKR2 |  0.33 | [ 0.25,  0.41] |  7.65 | 477 | < .001***
LS.LS4                   |                 TKR.TKR3 |  0.37 | [ 0.29,  0.44] |  8.65 | 477 | < .001***
LS.LS4                   |                 TKR.TKR4 |  0.29 | [ 0.21,  0.37] |  6.70 | 477 | < .001***
LS.LS4                   |                 WEI.WEI1 |  0.51 | [ 0.44,  0.57] | 12.82 | 477 | < .001***
LS.LS4                   |                 WEI.WEI2 |  0.50 | [ 0.43,  0.57] | 12.69 | 477 | < .001***
LS.LS4                   |                 WEI.WEI3 |  0.43 | [ 0.35,  0.50] | 10.28 | 477 | < .001***
LS.LS4                   |                 WEI.WEI4 |  0.45 | [ 0.38,  0.52] | 11.08 | 477 | < .001***
LS.LS4                   |                 WEI.WEI5 |  0.48 | [ 0.41,  0.55] | 12.11 | 477 | < .001***
LS.LS4                   |                 WEI.WEI6 |  0.40 | [ 0.33,  0.48] |  9.66 | 477 | < .001***
LS.LS4                   |                 WEI.WEI7 |  0.48 | [ 0.41,  0.55] | 12.11 | 477 | < .001***
LS.LS4                   |                 WEI.WEI8 |  0.45 | [ 0.38,  0.52] | 11.00 | 477 | < .001***
LS.LS4                   |            WORKPACE.SQ01 |  0.29 | [ 0.21,  0.37] |  6.72 | 475 | < .001***
LS.LS4                   |                 AUTONOMY |  0.27 | [ 0.19,  0.35] |  6.17 | 475 | < .001***
LS.LS5                   |                   LS.LS6 |  0.57 | [ 0.51,  0.63] | 15.31 | 477 | < .001***
LS.LS5                   |                   LS.LS7 |  0.51 | [ 0.44,  0.57] | 13.00 | 477 | < .001***
LS.LS5                   |                   LS.LS8 |  0.60 | [ 0.54,  0.66] | 16.44 | 477 | < .001***
LS.LS5                   |                 PPC.PPC1 |  0.51 | [ 0.44,  0.57] | 12.82 | 477 | < .001***
LS.LS5                   |                 PPC.PPC2 |  0.37 | [ 0.29,  0.45] |  8.78 | 477 | < .001***
LS.LS5                   |                 PPC.PPC3 |  0.38 | [ 0.30,  0.46] |  9.08 | 477 | < .001***
LS.LS5                   |                 PPC.PPC4 |  0.42 | [ 0.34,  0.49] | 10.10 | 477 | < .001***
LS.LS5                   |                 PPC.PPC5 |  0.47 | [ 0.39,  0.53] | 11.49 | 477 | < .001***
LS.LS5                   |                 PPC.PPC6 |  0.50 | [ 0.43,  0.56] | 12.48 | 477 | < .001***
LS.LS5                   |                   PS.PS1 |  0.52 | [ 0.46,  0.59] | 13.43 | 477 | < .001***
LS.LS5                   |                   PS.PS2 |  0.50 | [ 0.43,  0.57] | 12.77 | 477 | < .001***
LS.LS5                   |                   PS.PS3 |  0.50 | [ 0.43,  0.56] | 12.62 | 477 | < .001***
LS.LS5                   |                   PS.PS4 |  0.41 | [ 0.33,  0.48] |  9.79 | 477 | < .001***
LS.LS5                   |                   PS.PS5 |  0.42 | [ 0.35,  0.49] | 10.15 | 477 | < .001***
LS.LS5                   |                   PS.PS6 |  0.50 | [ 0.43,  0.57] | 12.65 | 477 | < .001***
LS.LS5                   |                   PS.PS7 |  0.47 | [ 0.40,  0.54] | 11.64 | 477 | < .001***
LS.LS5                   |                   PS.PS8 |  0.40 | [ 0.32,  0.47] |  9.40 | 477 | < .001***
LS.LS5                   |                   PS.PS9 |  0.49 | [ 0.42,  0.56] | 12.33 | 477 | < .001***
LS.LS5                   |                  PS.PS10 |  0.50 | [ 0.43,  0.57] | 12.69 | 477 | < .001***
LS.LS5                   |                  PS.PS11 |  0.49 | [ 0.42,  0.55] | 12.19 | 477 | < .001***
LS.LS5                   |                 PUI.PUI1 |  0.52 | [ 0.45,  0.58] | 13.15 | 477 | < .001***
LS.LS5                   |                 PUI.PUI2 |  0.54 | [ 0.47,  0.60] | 14.02 | 477 | < .001***
LS.LS5                   |                 PUI.PUI3 |  0.52 | [ 0.45,  0.58] | 13.23 | 477 | < .001***
LS.LS5                   |                 PUI.PUI4 |  0.46 | [ 0.38,  0.53] | 11.25 | 477 | < .001***
LS.LS5                   |                 PUI.PUI5 |  0.48 | [ 0.41,  0.55] | 11.96 | 477 | < .001***
LS.LS5                   |                 PUI.PUI6 |  0.42 | [ 0.34,  0.49] | 10.01 | 477 | < .001***
LS.LS5                   |                 PUI.PUI7 |  0.54 | [ 0.48,  0.60] | 14.19 | 477 | < .001***
LS.LS5                   |                 PUI.PUI8 |  0.43 | [ 0.36,  0.50] | 10.45 | 477 | < .001***
LS.LS5                   |                 TKR.TKR1 |  0.30 | [ 0.21,  0.37] |  6.75 | 477 | < .001***
LS.LS5                   |                 TKR.TKR2 |  0.38 | [ 0.30,  0.45] |  8.98 | 477 | < .001***
LS.LS5                   |                 TKR.TKR3 |  0.32 | [ 0.24,  0.40] |  7.47 | 477 | < .001***
LS.LS5                   |                 TKR.TKR4 |  0.29 | [ 0.20,  0.37] |  6.53 | 477 | < .001***
LS.LS5                   |                 WEI.WEI1 |  0.50 | [ 0.43,  0.57] | 12.74 | 477 | < .001***
LS.LS5                   |                 WEI.WEI2 |  0.52 | [ 0.45,  0.58] | 13.23 | 477 | < .001***
LS.LS5                   |                 WEI.WEI3 |  0.48 | [ 0.41,  0.55] | 12.10 | 477 | < .001***
LS.LS5                   |                 WEI.WEI4 |  0.41 | [ 0.33,  0.48] |  9.85 | 477 | < .001***
LS.LS5                   |                 WEI.WEI5 |  0.50 | [ 0.43,  0.56] | 12.53 | 477 | < .001***
LS.LS5                   |                 WEI.WEI6 |  0.40 | [ 0.32,  0.47] |  9.59 | 477 | < .001***
LS.LS5                   |                 WEI.WEI7 |  0.44 | [ 0.37,  0.51] | 10.77 | 477 | < .001***
LS.LS5                   |                 WEI.WEI8 |  0.51 | [ 0.44,  0.57] | 12.95 | 477 | < .001***
LS.LS5                   |            WORKPACE.SQ01 |  0.31 | [ 0.23,  0.39] |  7.19 | 475 | < .001***
LS.LS5                   |                 AUTONOMY |  0.31 | [ 0.23,  0.39] |  7.20 | 475 | < .001***
LS.LS6                   |                   LS.LS7 |  0.56 | [ 0.50,  0.62] | 14.91 | 477 | < .001***
LS.LS6                   |                   LS.LS8 |  0.57 | [ 0.50,  0.63] | 15.08 | 477 | < .001***
LS.LS6                   |                 PPC.PPC1 |  0.52 | [ 0.45,  0.58] | 13.27 | 477 | < .001***
LS.LS6                   |                 PPC.PPC2 |  0.34 | [ 0.26,  0.42] |  7.94 | 477 | < .001***
LS.LS6                   |                 PPC.PPC3 |  0.45 | [ 0.38,  0.52] | 11.00 | 477 | < .001***
LS.LS6                   |                 PPC.PPC4 |  0.49 | [ 0.42,  0.56] | 12.37 | 477 | < .001***
LS.LS6                   |                 PPC.PPC5 |  0.49 | [ 0.42,  0.56] | 12.28 | 477 | < .001***
LS.LS6                   |                 PPC.PPC6 |  0.49 | [ 0.42,  0.56] | 12.32 | 477 | < .001***
LS.LS6                   |                   PS.PS1 |  0.53 | [ 0.47,  0.60] | 13.83 | 477 | < .001***
LS.LS6                   |                   PS.PS2 |  0.54 | [ 0.47,  0.60] | 13.96 | 477 | < .001***
LS.LS6                   |                   PS.PS3 |  0.52 | [ 0.45,  0.58] | 13.15 | 477 | < .001***
LS.LS6                   |                   PS.PS4 |  0.48 | [ 0.41,  0.55] | 11.93 | 477 | < .001***
LS.LS6                   |                   PS.PS5 |  0.52 | [ 0.45,  0.58] | 13.12 | 477 | < .001***
LS.LS6                   |                   PS.PS6 |  0.54 | [ 0.48,  0.60] | 14.17 | 477 | < .001***
LS.LS6                   |                   PS.PS7 |  0.52 | [ 0.45,  0.58] | 13.14 | 477 | < .001***
LS.LS6                   |                   PS.PS8 |  0.45 | [ 0.37,  0.52] | 10.92 | 477 | < .001***
LS.LS6                   |                   PS.PS9 |  0.54 | [ 0.47,  0.60] | 14.05 | 477 | < .001***
LS.LS6                   |                  PS.PS10 |  0.52 | [ 0.45,  0.58] | 13.19 | 477 | < .001***
LS.LS6                   |                  PS.PS11 |  0.49 | [ 0.42,  0.56] | 12.40 | 477 | < .001***
LS.LS6                   |                 PUI.PUI1 |  0.59 | [ 0.52,  0.64] | 15.80 | 477 | < .001***
LS.LS6                   |                 PUI.PUI2 |  0.55 | [ 0.48,  0.61] | 14.21 | 477 | < .001***
LS.LS6                   |                 PUI.PUI3 |  0.50 | [ 0.43,  0.57] | 12.67 | 477 | < .001***
LS.LS6                   |                 PUI.PUI4 |  0.49 | [ 0.42,  0.56] | 12.32 | 477 | < .001***
LS.LS6                   |                 PUI.PUI5 |  0.53 | [ 0.46,  0.59] | 13.50 | 477 | < .001***
LS.LS6                   |                 PUI.PUI6 |  0.42 | [ 0.34,  0.49] | 10.14 | 477 | < .001***
LS.LS6                   |                 PUI.PUI7 |  0.55 | [ 0.48,  0.61] | 14.20 | 477 | < .001***
LS.LS6                   |                 PUI.PUI8 |  0.50 | [ 0.43,  0.57] | 12.77 | 477 | < .001***
LS.LS6                   |                 TKR.TKR1 |  0.31 | [ 0.23,  0.39] |  7.21 | 477 | < .001***
LS.LS6                   |                 TKR.TKR2 |  0.35 | [ 0.26,  0.42] |  8.04 | 477 | < .001***
LS.LS6                   |                 TKR.TKR3 |  0.40 | [ 0.32,  0.47] |  9.43 | 477 | < .001***
LS.LS6                   |                 TKR.TKR4 |  0.35 | [ 0.27,  0.42] |  8.08 | 477 | < .001***
LS.LS6                   |                 WEI.WEI1 |  0.55 | [ 0.48,  0.61] | 14.28 | 477 | < .001***
LS.LS6                   |                 WEI.WEI2 |  0.52 | [ 0.45,  0.58] | 13.17 | 477 | < .001***
LS.LS6                   |                 WEI.WEI3 |  0.50 | [ 0.43,  0.57] | 12.73 | 477 | < .001***
LS.LS6                   |                 WEI.WEI4 |  0.49 | [ 0.41,  0.55] | 12.15 | 477 | < .001***
LS.LS6                   |                 WEI.WEI5 |  0.50 | [ 0.43,  0.56] | 12.60 | 477 | < .001***
LS.LS6                   |                 WEI.WEI6 |  0.46 | [ 0.38,  0.53] | 11.27 | 477 | < .001***
LS.LS6                   |                 WEI.WEI7 |  0.57 | [ 0.51,  0.63] | 15.31 | 477 | < .001***
LS.LS6                   |                 WEI.WEI8 |  0.55 | [ 0.49,  0.61] | 14.55 | 477 | < .001***
LS.LS6                   |            WORKPACE.SQ01 |  0.31 | [ 0.23,  0.39] |  7.23 | 475 | < .001***
LS.LS6                   |                 AUTONOMY |  0.25 | [ 0.16,  0.33] |  5.56 | 475 | < .001***
LS.LS7                   |                   LS.LS8 |  0.57 | [ 0.51,  0.63] | 15.20 | 477 | < .001***
LS.LS7                   |                 PPC.PPC1 |  0.46 | [ 0.38,  0.53] | 11.24 | 477 | < .001***
LS.LS7                   |                 PPC.PPC2 |  0.37 | [ 0.29,  0.44] |  8.59 | 477 | < .001***
LS.LS7                   |                 PPC.PPC3 |  0.45 | [ 0.37,  0.52] | 10.95 | 477 | < .001***
LS.LS7                   |                 PPC.PPC4 |  0.46 | [ 0.39,  0.53] | 11.37 | 477 | < .001***
LS.LS7                   |                 PPC.PPC5 |  0.51 | [ 0.44,  0.57] | 12.81 | 477 | < .001***
LS.LS7                   |                 PPC.PPC6 |  0.43 | [ 0.36,  0.50] | 10.48 | 477 | < .001***
LS.LS7                   |                   PS.PS1 |  0.41 | [ 0.33,  0.48] |  9.84 | 477 | < .001***
LS.LS7                   |                   PS.PS2 |  0.45 | [ 0.38,  0.52] | 11.16 | 477 | < .001***
LS.LS7                   |                   PS.PS3 |  0.48 | [ 0.41,  0.55] | 11.94 | 477 | < .001***
LS.LS7                   |                   PS.PS4 |  0.38 | [ 0.30,  0.45] |  8.84 | 477 | < .001***
LS.LS7                   |                   PS.PS5 |  0.40 | [ 0.32,  0.47] |  9.46 | 477 | < .001***
LS.LS7                   |                   PS.PS6 |  0.44 | [ 0.37,  0.51] | 10.80 | 477 | < .001***
LS.LS7                   |                   PS.PS7 |  0.44 | [ 0.36,  0.51] | 10.64 | 477 | < .001***
LS.LS7                   |                   PS.PS8 |  0.35 | [ 0.27,  0.43] |  8.23 | 477 | < .001***
LS.LS7                   |                   PS.PS9 |  0.43 | [ 0.35,  0.50] | 10.28 | 477 | < .001***
LS.LS7                   |                  PS.PS10 |  0.45 | [ 0.38,  0.52] | 11.05 | 477 | < .001***
LS.LS7                   |                  PS.PS11 |  0.46 | [ 0.38,  0.52] | 11.18 | 477 | < .001***
LS.LS7                   |                 PUI.PUI1 |  0.46 | [ 0.39,  0.53] | 11.45 | 477 | < .001***
LS.LS7                   |                 PUI.PUI2 |  0.45 | [ 0.37,  0.52] | 10.94 | 477 | < .001***
LS.LS7                   |                 PUI.PUI3 |  0.41 | [ 0.34,  0.49] |  9.92 | 477 | < .001***
LS.LS7                   |                 PUI.PUI4 |  0.39 | [ 0.31,  0.46] |  9.24 | 477 | < .001***
LS.LS7                   |                 PUI.PUI5 |  0.40 | [ 0.32,  0.47] |  9.45 | 477 | < .001***
LS.LS7                   |                 PUI.PUI6 |  0.44 | [ 0.37,  0.51] | 10.76 | 477 | < .001***
LS.LS7                   |                 PUI.PUI7 |  0.45 | [ 0.37,  0.52] | 10.97 | 477 | < .001***
LS.LS7                   |                 PUI.PUI8 |  0.38 | [ 0.30,  0.45] |  8.85 | 477 | < .001***
LS.LS7                   |                 TKR.TKR1 |  0.30 | [ 0.22,  0.38] |  6.94 | 477 | < .001***
LS.LS7                   |                 TKR.TKR2 |  0.34 | [ 0.25,  0.41] |  7.79 | 477 | < .001***
LS.LS7                   |                 TKR.TKR3 |  0.39 | [ 0.31,  0.46] |  9.18 | 477 | < .001***
LS.LS7                   |                 TKR.TKR4 |  0.27 | [ 0.19,  0.35] |  6.16 | 477 | < .001***
LS.LS7                   |                 WEI.WEI1 |  0.47 | [ 0.40,  0.54] | 11.70 | 477 | < .001***
LS.LS7                   |                 WEI.WEI2 |  0.46 | [ 0.39,  0.53] | 11.32 | 477 | < .001***
LS.LS7                   |                 WEI.WEI3 |  0.45 | [ 0.37,  0.51] | 10.87 | 477 | < .001***
LS.LS7                   |                 WEI.WEI4 |  0.43 | [ 0.35,  0.50] | 10.29 | 477 | < .001***
LS.LS7                   |                 WEI.WEI5 |  0.53 | [ 0.46,  0.59] | 13.69 | 477 | < .001***
LS.LS7                   |                 WEI.WEI6 |  0.47 | [ 0.40,  0.54] | 11.65 | 477 | < .001***
LS.LS7                   |                 WEI.WEI7 |  0.53 | [ 0.46,  0.59] | 13.50 | 477 | < .001***
LS.LS7                   |                 WEI.WEI8 |  0.54 | [ 0.47,  0.60] | 13.98 | 477 | < .001***
LS.LS7                   |            WORKPACE.SQ01 |  0.37 | [ 0.29,  0.45] |  8.74 | 475 | < .001***
LS.LS7                   |                 AUTONOMY |  0.22 | [ 0.13,  0.30] |  4.84 | 475 | 0.010*   
LS.LS7                   |                 MEASURES |  0.21 | [ 0.12,  0.29] |  4.67 | 477 | 0.023*   
LS.LS8                   |                 PPC.PPC1 |  0.48 | [ 0.41,  0.55] | 11.93 | 477 | < .001***
LS.LS8                   |                 PPC.PPC2 |  0.31 | [ 0.23,  0.39] |  7.17 | 477 | < .001***
LS.LS8                   |                 PPC.PPC3 |  0.43 | [ 0.35,  0.50] | 10.35 | 477 | < .001***
LS.LS8                   |                 PPC.PPC4 |  0.46 | [ 0.39,  0.53] | 11.31 | 477 | < .001***
LS.LS8                   |                 PPC.PPC5 |  0.47 | [ 0.39,  0.53] | 11.49 | 477 | < .001***
LS.LS8                   |                 PPC.PPC6 |  0.45 | [ 0.37,  0.51] | 10.87 | 477 | < .001***
LS.LS8                   |                   PS.PS1 |  0.50 | [ 0.43,  0.57] | 12.75 | 477 | < .001***
LS.LS8                   |                   PS.PS2 |  0.53 | [ 0.46,  0.59] | 13.50 | 477 | < .001***
LS.LS8                   |                   PS.PS3 |  0.48 | [ 0.40,  0.54] | 11.81 | 477 | < .001***
LS.LS8                   |                   PS.PS4 |  0.46 | [ 0.39,  0.53] | 11.28 | 477 | < .001***
LS.LS8                   |                   PS.PS5 |  0.45 | [ 0.37,  0.52] | 10.93 | 477 | < .001***
LS.LS8                   |                   PS.PS6 |  0.52 | [ 0.45,  0.58] | 13.21 | 477 | < .001***
LS.LS8                   |                   PS.PS7 |  0.47 | [ 0.40,  0.54] | 11.59 | 477 | < .001***
LS.LS8                   |                   PS.PS8 |  0.45 | [ 0.37,  0.52] | 10.90 | 477 | < .001***
LS.LS8                   |                   PS.PS9 |  0.47 | [ 0.40,  0.54] | 11.73 | 477 | < .001***
LS.LS8                   |                  PS.PS10 |  0.50 | [ 0.42,  0.56] | 12.45 | 477 | < .001***
LS.LS8                   |                  PS.PS11 |  0.50 | [ 0.43,  0.57] | 12.71 | 477 | < .001***
LS.LS8                   |                 PUI.PUI1 |  0.53 | [ 0.46,  0.59] | 13.54 | 477 | < .001***
LS.LS8                   |                 PUI.PUI2 |  0.49 | [ 0.42,  0.56] | 12.41 | 477 | < .001***
LS.LS8                   |                 PUI.PUI3 |  0.49 | [ 0.41,  0.55] | 12.15 | 477 | < .001***
LS.LS8                   |                 PUI.PUI4 |  0.49 | [ 0.41,  0.55] | 12.15 | 477 | < .001***
LS.LS8                   |                 PUI.PUI5 |  0.51 | [ 0.44,  0.58] | 13.02 | 477 | < .001***
LS.LS8                   |                 PUI.PUI6 |  0.46 | [ 0.39,  0.53] | 11.35 | 477 | < .001***
LS.LS8                   |                 PUI.PUI7 |  0.54 | [ 0.47,  0.60] | 13.90 | 477 | < .001***
LS.LS8                   |                 PUI.PUI8 |  0.46 | [ 0.39,  0.53] | 11.31 | 477 | < .001***
LS.LS8                   |                 TKR.TKR1 |  0.25 | [ 0.17,  0.34] |  5.74 | 477 | < .001***
LS.LS8                   |                 TKR.TKR2 |  0.28 | [ 0.19,  0.36] |  6.34 | 477 | < .001***
LS.LS8                   |                 TKR.TKR3 |  0.35 | [ 0.27,  0.43] |  8.22 | 477 | < .001***
LS.LS8                   |                 TKR.TKR4 |  0.30 | [ 0.22,  0.38] |  6.96 | 477 | < .001***
LS.LS8                   |                 WEI.WEI1 |  0.55 | [ 0.49,  0.61] | 14.54 | 477 | < .001***
LS.LS8                   |                 WEI.WEI2 |  0.49 | [ 0.42,  0.56] | 12.41 | 477 | < .001***
LS.LS8                   |                 WEI.WEI3 |  0.49 | [ 0.42,  0.56] | 12.41 | 477 | < .001***
LS.LS8                   |                 WEI.WEI4 |  0.46 | [ 0.38,  0.53] | 11.24 | 477 | < .001***
LS.LS8                   |                 WEI.WEI5 |  0.51 | [ 0.44,  0.58] | 13.08 | 477 | < .001***
LS.LS8                   |                 WEI.WEI6 |  0.41 | [ 0.33,  0.48] |  9.73 | 477 | < .001***
LS.LS8                   |                 WEI.WEI7 |  0.49 | [ 0.42,  0.55] | 12.26 | 477 | < .001***
LS.LS8                   |                 WEI.WEI8 |  0.50 | [ 0.43,  0.56] | 12.54 | 477 | < .001***
LS.LS8                   |            WORKPACE.SQ01 |  0.22 | [ 0.14,  0.31] |  5.02 | 475 | 0.004**  
LS.LS8                   |                 AUTONOMY |  0.23 | [ 0.14,  0.31] |  5.10 | 475 | 0.003**  
PPC.PPC1                 |                 PPC.PPC2 |  0.51 | [ 0.44,  0.57] | 12.83 | 477 | < .001***
PPC.PPC1                 |                 PPC.PPC3 |  0.54 | [ 0.47,  0.60] | 13.84 | 477 | < .001***
PPC.PPC1                 |                 PPC.PPC4 |  0.61 | [ 0.55,  0.67] | 16.90 | 477 | < .001***
PPC.PPC1                 |                 PPC.PPC5 |  0.50 | [ 0.43,  0.56] | 12.56 | 477 | < .001***
PPC.PPC1                 |                 PPC.PPC6 |  0.60 | [ 0.53,  0.65] | 16.17 | 477 | < .001***
PPC.PPC1                 |                   PS.PS1 |  0.49 | [ 0.42,  0.56] | 12.30 | 477 | < .001***
PPC.PPC1                 |                   PS.PS2 |  0.50 | [ 0.43,  0.56] | 12.56 | 477 | < .001***
PPC.PPC1                 |                   PS.PS3 |  0.52 | [ 0.45,  0.58] | 13.14 | 477 | < .001***
PPC.PPC1                 |                   PS.PS4 |  0.45 | [ 0.38,  0.52] | 11.03 | 477 | < .001***
PPC.PPC1                 |                   PS.PS5 |  0.49 | [ 0.42,  0.55] | 12.18 | 477 | < .001***
PPC.PPC1                 |                   PS.PS6 |  0.53 | [ 0.46,  0.59] | 13.73 | 477 | < .001***
PPC.PPC1                 |                   PS.PS7 |  0.53 | [ 0.46,  0.59] | 13.64 | 477 | < .001***
PPC.PPC1                 |                   PS.PS8 |  0.50 | [ 0.43,  0.56] | 12.55 | 477 | < .001***
PPC.PPC1                 |                   PS.PS9 |  0.47 | [ 0.40,  0.54] | 11.75 | 477 | < .001***
PPC.PPC1                 |                  PS.PS10 |  0.46 | [ 0.39,  0.53] | 11.38 | 477 | < .001***
PPC.PPC1                 |                  PS.PS11 |  0.49 | [ 0.42,  0.56] | 12.34 | 477 | < .001***
PPC.PPC1                 |                 PUI.PUI1 |  0.54 | [ 0.47,  0.60] | 13.93 | 477 | < .001***
PPC.PPC1                 |                 PUI.PUI2 |  0.55 | [ 0.49,  0.61] | 14.46 | 477 | < .001***
PPC.PPC1                 |                 PUI.PUI3 |  0.55 | [ 0.48,  0.61] | 14.29 | 477 | < .001***
PPC.PPC1                 |                 PUI.PUI4 |  0.50 | [ 0.43,  0.56] | 12.56 | 477 | < .001***
PPC.PPC1                 |                 PUI.PUI5 |  0.53 | [ 0.47,  0.60] | 13.82 | 477 | < .001***
PPC.PPC1                 |                 PUI.PUI6 |  0.40 | [ 0.32,  0.47] |  9.47 | 477 | < .001***
PPC.PPC1                 |                 PUI.PUI7 |  0.55 | [ 0.49,  0.61] | 14.54 | 477 | < .001***
PPC.PPC1                 |                 PUI.PUI8 |  0.53 | [ 0.47,  0.59] | 13.76 | 477 | < .001***
PPC.PPC1                 |                 TKR.TKR1 |  0.27 | [ 0.18,  0.35] |  6.11 | 477 | < .001***
PPC.PPC1                 |                 TKR.TKR2 |  0.28 | [ 0.19,  0.36] |  6.26 | 477 | < .001***
PPC.PPC1                 |                 TKR.TKR3 |  0.35 | [ 0.26,  0.42] |  8.06 | 477 | < .001***
PPC.PPC1                 |                 TKR.TKR4 |  0.24 | [ 0.16,  0.33] |  5.48 | 477 | < .001***
PPC.PPC1                 |                 WEI.WEI1 |  0.51 | [ 0.44,  0.57] | 12.80 | 477 | < .001***
PPC.PPC1                 |                 WEI.WEI2 |  0.47 | [ 0.39,  0.53] | 11.49 | 477 | < .001***
PPC.PPC1                 |                 WEI.WEI3 |  0.47 | [ 0.39,  0.53] | 11.53 | 477 | < .001***
PPC.PPC1                 |                 WEI.WEI4 |  0.50 | [ 0.43,  0.56] | 12.58 | 477 | < .001***
PPC.PPC1                 |                 WEI.WEI5 |  0.50 | [ 0.43,  0.56] | 12.60 | 477 | < .001***
PPC.PPC1                 |                 WEI.WEI6 |  0.46 | [ 0.38,  0.53] | 11.24 | 477 | < .001***
PPC.PPC1                 |                 WEI.WEI7 |  0.51 | [ 0.44,  0.57] | 12.92 | 477 | < .001***
PPC.PPC1                 |                 WEI.WEI8 |  0.46 | [ 0.39,  0.53] | 11.47 | 477 | < .001***
PPC.PPC1                 |       PERCEPTION.PROJPOS |  0.21 | [ 0.12,  0.29] |  4.63 | 476 | 0.027*   
PPC.PPC1                 |            WORKPACE.SQ01 |  0.29 | [ 0.20,  0.37] |  6.51 | 475 | < .001***
PPC.PPC1                 |                 AUTONOMY |  0.27 | [ 0.18,  0.35] |  5.99 | 475 | < .001***
PPC.PPC2                 |                 PPC.PPC3 |  0.47 | [ 0.40,  0.54] | 11.76 | 477 | < .001***
PPC.PPC2                 |                 PPC.PPC4 |  0.49 | [ 0.42,  0.55] | 12.23 | 477 | < .001***
PPC.PPC2                 |                 PPC.PPC5 |  0.45 | [ 0.37,  0.52] | 10.97 | 477 | < .001***
PPC.PPC2                 |                 PPC.PPC6 |  0.50 | [ 0.43,  0.56] | 12.49 | 477 | < .001***
PPC.PPC2                 |                   PS.PS1 |  0.33 | [ 0.25,  0.41] |  7.64 | 477 | < .001***
PPC.PPC2                 |                   PS.PS2 |  0.36 | [ 0.28,  0.44] |  8.43 | 477 | < .001***
PPC.PPC2                 |                   PS.PS3 |  0.37 | [ 0.29,  0.44] |  8.65 | 477 | < .001***
PPC.PPC2                 |                   PS.PS4 |  0.39 | [ 0.32,  0.47] |  9.38 | 477 | < .001***
PPC.PPC2                 |                   PS.PS5 |  0.29 | [ 0.21,  0.37] |  6.61 | 477 | < .001***
PPC.PPC2                 |                   PS.PS6 |  0.37 | [ 0.29,  0.45] |  8.75 | 477 | < .001***
PPC.PPC2                 |                   PS.PS7 |  0.41 | [ 0.33,  0.48] |  9.72 | 477 | < .001***
PPC.PPC2                 |                   PS.PS8 |  0.34 | [ 0.26,  0.41] |  7.83 | 477 | < .001***
PPC.PPC2                 |                   PS.PS9 |  0.36 | [ 0.27,  0.43] |  8.31 | 477 | < .001***
PPC.PPC2                 |                  PS.PS10 |  0.37 | [ 0.29,  0.44] |  8.60 | 477 | < .001***
PPC.PPC2                 |                  PS.PS11 |  0.42 | [ 0.34,  0.49] | 10.14 | 477 | < .001***
PPC.PPC2                 |                 PUI.PUI1 |  0.40 | [ 0.33,  0.48] |  9.64 | 477 | < .001***
PPC.PPC2                 |                 PUI.PUI2 |  0.39 | [ 0.31,  0.46] |  9.12 | 477 | < .001***
PPC.PPC2                 |                 PUI.PUI3 |  0.39 | [ 0.31,  0.46] |  9.21 | 477 | < .001***
PPC.PPC2                 |                 PUI.PUI4 |  0.37 | [ 0.29,  0.45] |  8.75 | 477 | < .001***
PPC.PPC2                 |                 PUI.PUI5 |  0.36 | [ 0.28,  0.44] |  8.53 | 477 | < .001***
PPC.PPC2                 |                 PUI.PUI6 |  0.31 | [ 0.23,  0.39] |  7.16 | 477 | < .001***
PPC.PPC2                 |                 PUI.PUI7 |  0.39 | [ 0.31,  0.46] |  9.12 | 477 | < .001***
PPC.PPC2                 |                 PUI.PUI8 |  0.39 | [ 0.31,  0.46] |  9.12 | 477 | < .001***
PPC.PPC2                 |                 TKR.TKR1 |  0.31 | [ 0.23,  0.39] |  7.08 | 477 | < .001***
PPC.PPC2                 |                 TKR.TKR2 |  0.38 | [ 0.30,  0.45] |  8.97 | 477 | < .001***
PPC.PPC2                 |                 TKR.TKR3 |  0.39 | [ 0.31,  0.46] |  9.29 | 477 | < .001***
PPC.PPC2                 |                 TKR.TKR4 |  0.30 | [ 0.22,  0.38] |  6.85 | 477 | < .001***
PPC.PPC2                 |                 WEI.WEI1 |  0.35 | [ 0.27,  0.43] |  8.22 | 477 | < .001***
PPC.PPC2                 |                 WEI.WEI2 |  0.38 | [ 0.30,  0.46] |  9.00 | 477 | < .001***
PPC.PPC2                 |                 WEI.WEI3 |  0.31 | [ 0.22,  0.38] |  7.01 | 477 | < .001***
PPC.PPC2                 |                 WEI.WEI4 |  0.32 | [ 0.24,  0.40] |  7.38 | 477 | < .001***
PPC.PPC2                 |                 WEI.WEI5 |  0.43 | [ 0.36,  0.50] | 10.54 | 477 | < .001***
PPC.PPC2                 |                 WEI.WEI6 |  0.30 | [ 0.21,  0.38] |  6.77 | 477 | < .001***
PPC.PPC2                 |                 WEI.WEI7 |  0.38 | [ 0.30,  0.45] |  8.91 | 477 | < .001***
PPC.PPC2                 |                 WEI.WEI8 |  0.34 | [ 0.26,  0.42] |  7.95 | 477 | < .001***
PPC.PPC2                 |            WORKPACE.SQ01 |  0.25 | [ 0.17,  0.34] |  5.73 | 475 | < .001***
PPC.PPC2                 |                 AUTONOMY |  0.25 | [ 0.16,  0.33] |  5.59 | 475 | < .001***
PPC.PPC3                 |                 PPC.PPC4 |  0.58 | [ 0.51,  0.63] | 15.46 | 477 | < .001***
PPC.PPC3                 |                 PPC.PPC5 |  0.43 | [ 0.36,  0.50] | 10.44 | 477 | < .001***
PPC.PPC3                 |                 PPC.PPC6 |  0.52 | [ 0.45,  0.58] | 13.38 | 477 | < .001***
PPC.PPC3                 |                   PS.PS1 |  0.42 | [ 0.34,  0.49] | 10.08 | 477 | < .001***
PPC.PPC3                 |                   PS.PS2 |  0.46 | [ 0.38,  0.52] | 11.20 | 477 | < .001***
PPC.PPC3                 |                   PS.PS3 |  0.44 | [ 0.37,  0.51] | 10.80 | 477 | < .001***
PPC.PPC3                 |                   PS.PS4 |  0.41 | [ 0.33,  0.48] |  9.81 | 477 | < .001***
PPC.PPC3                 |                   PS.PS5 |  0.43 | [ 0.35,  0.50] | 10.27 | 477 | < .001***
PPC.PPC3                 |                   PS.PS6 |  0.44 | [ 0.36,  0.51] | 10.56 | 477 | < .001***
PPC.PPC3                 |                   PS.PS7 |  0.49 | [ 0.42,  0.55] | 12.21 | 477 | < .001***
PPC.PPC3                 |                   PS.PS8 |  0.46 | [ 0.38,  0.53] | 11.26 | 477 | < .001***
PPC.PPC3                 |                   PS.PS9 |  0.39 | [ 0.31,  0.46] |  9.30 | 477 | < .001***
PPC.PPC3                 |                  PS.PS10 |  0.41 | [ 0.34,  0.49] |  9.92 | 477 | < .001***
PPC.PPC3                 |                  PS.PS11 |  0.46 | [ 0.39,  0.53] | 11.46 | 477 | < .001***
PPC.PPC3                 |                 PUI.PUI1 |  0.51 | [ 0.44,  0.58] | 13.01 | 477 | < .001***
PPC.PPC3                 |                 PUI.PUI2 |  0.51 | [ 0.44,  0.57] | 12.90 | 477 | < .001***
PPC.PPC3                 |                 PUI.PUI3 |  0.47 | [ 0.40,  0.54] | 11.72 | 477 | < .001***
PPC.PPC3                 |                 PUI.PUI4 |  0.44 | [ 0.37,  0.51] | 10.85 | 477 | < .001***
PPC.PPC3                 |                 PUI.PUI5 |  0.50 | [ 0.43,  0.57] | 12.67 | 477 | < .001***
PPC.PPC3                 |                 PUI.PUI6 |  0.35 | [ 0.27,  0.42] |  8.10 | 477 | < .001***
PPC.PPC3                 |                 PUI.PUI7 |  0.48 | [ 0.40,  0.54] | 11.86 | 477 | < .001***
PPC.PPC3                 |                 PUI.PUI8 |  0.49 | [ 0.41,  0.55] | 12.13 | 477 | < .001***
PPC.PPC3                 |                 TKR.TKR1 |  0.30 | [ 0.22,  0.38] |  6.87 | 477 | < .001***
PPC.PPC3                 |                 TKR.TKR2 |  0.34 | [ 0.26,  0.42] |  7.98 | 477 | < .001***
PPC.PPC3                 |                 TKR.TKR3 |  0.40 | [ 0.32,  0.47] |  9.47 | 477 | < .001***
PPC.PPC3                 |                 TKR.TKR4 |  0.30 | [ 0.22,  0.38] |  6.90 | 477 | < .001***
PPC.PPC3                 |                 WEI.WEI1 |  0.42 | [ 0.34,  0.49] | 10.07 | 477 | < .001***
PPC.PPC3                 |                 WEI.WEI2 |  0.38 | [ 0.30,  0.46] |  9.04 | 477 | < .001***
PPC.PPC3                 |                 WEI.WEI3 |  0.37 | [ 0.29,  0.44] |  8.59 | 477 | < .001***
PPC.PPC3                 |                 WEI.WEI4 |  0.41 | [ 0.33,  0.48] |  9.88 | 477 | < .001***
PPC.PPC3                 |                 WEI.WEI5 |  0.41 | [ 0.33,  0.48] |  9.82 | 477 | < .001***
PPC.PPC3                 |                 WEI.WEI6 |  0.39 | [ 0.31,  0.46] |  9.23 | 477 | < .001***
PPC.PPC3                 |                 WEI.WEI7 |  0.47 | [ 0.39,  0.53] | 11.49 | 477 | < .001***
PPC.PPC3                 |                 WEI.WEI8 |  0.40 | [ 0.32,  0.47] |  9.48 | 477 | < .001***
PPC.PPC3                 |            WORKPACE.SQ01 |  0.29 | [ 0.20,  0.37] |  6.50 | 475 | < .001***
PPC.PPC3                 |                 AUTONOMY |  0.23 | [ 0.15,  0.32] |  5.20 | 475 | 0.002**  
PPC.PPC3                 |                MEASURES2 |  0.28 | [ 0.16,  0.39] |  4.63 | 248 | 0.034*   
PPC.PPC4                 |                 PPC.PPC5 |  0.52 | [ 0.46,  0.59] | 13.44 | 477 | < .001***
PPC.PPC4                 |                 PPC.PPC6 |  0.57 | [ 0.51,  0.63] | 15.34 | 477 | < .001***
PPC.PPC4                 |                   PS.PS1 |  0.46 | [ 0.38,  0.52] | 11.20 | 477 | < .001***
PPC.PPC4                 |                   PS.PS2 |  0.48 | [ 0.41,  0.55] | 11.99 | 477 | < .001***
PPC.PPC4                 |                   PS.PS3 |  0.48 | [ 0.41,  0.55] | 12.02 | 477 | < .001***
PPC.PPC4                 |                   PS.PS4 |  0.48 | [ 0.40,  0.54] | 11.80 | 477 | < .001***
PPC.PPC4                 |                   PS.PS5 |  0.48 | [ 0.41,  0.54] | 11.91 | 477 | < .001***
PPC.PPC4                 |                   PS.PS6 |  0.52 | [ 0.45,  0.58] | 13.33 | 477 | < .001***
PPC.PPC4                 |                   PS.PS7 |  0.50 | [ 0.43,  0.57] | 12.70 | 477 | < .001***
PPC.PPC4                 |                   PS.PS8 |  0.49 | [ 0.41,  0.55] | 12.14 | 477 | < .001***
PPC.PPC4                 |                   PS.PS9 |  0.48 | [ 0.41,  0.54] | 11.87 | 477 | < .001***
PPC.PPC4                 |                  PS.PS10 |  0.48 | [ 0.40,  0.54] | 11.79 | 477 | < .001***
PPC.PPC4                 |                  PS.PS11 |  0.49 | [ 0.42,  0.56] | 12.29 | 477 | < .001***
PPC.PPC4                 |                 PUI.PUI1 |  0.53 | [ 0.47,  0.60] | 13.79 | 477 | < .001***
PPC.PPC4                 |                 PUI.PUI2 |  0.51 | [ 0.44,  0.57] | 12.94 | 477 | < .001***
PPC.PPC4                 |                 PUI.PUI3 |  0.51 | [ 0.44,  0.57] | 12.87 | 477 | < .001***
PPC.PPC4                 |                 PUI.PUI4 |  0.57 | [ 0.50,  0.63] | 15.08 | 477 | < .001***
PPC.PPC4                 |                 PUI.PUI5 |  0.54 | [ 0.48,  0.60] | 14.15 | 477 | < .001***
PPC.PPC4                 |                 PUI.PUI6 |  0.41 | [ 0.33,  0.48] |  9.85 | 477 | < .001***
PPC.PPC4                 |                 PUI.PUI7 |  0.53 | [ 0.46,  0.59] | 13.60 | 477 | < .001***
PPC.PPC4                 |                 PUI.PUI8 |  0.54 | [ 0.48,  0.60] | 14.15 | 477 | < .001***
PPC.PPC4                 |                 TKR.TKR1 |  0.29 | [ 0.20,  0.37] |  6.57 | 477 | < .001***
PPC.PPC4                 |                 TKR.TKR2 |  0.30 | [ 0.22,  0.38] |  6.93 | 477 | < .001***
PPC.PPC4                 |                 TKR.TKR3 |  0.39 | [ 0.31,  0.46] |  9.22 | 477 | < .001***
PPC.PPC4                 |                 TKR.TKR4 |  0.35 | [ 0.27,  0.43] |  8.14 | 477 | < .001***
PPC.PPC4                 |                 WEI.WEI1 |  0.47 | [ 0.40,  0.54] | 11.68 | 477 | < .001***
PPC.PPC4                 |                 WEI.WEI2 |  0.46 | [ 0.39,  0.53] | 11.43 | 477 | < .001***
PPC.PPC4                 |                 WEI.WEI3 |  0.41 | [ 0.33,  0.48] |  9.73 | 477 | < .001***
PPC.PPC4                 |                 WEI.WEI4 |  0.42 | [ 0.35,  0.49] | 10.19 | 477 | < .001***
PPC.PPC4                 |                 WEI.WEI5 |  0.45 | [ 0.37,  0.52] | 10.94 | 477 | < .001***
PPC.PPC4                 |                 WEI.WEI6 |  0.40 | [ 0.32,  0.47] |  9.46 | 477 | < .001***
PPC.PPC4                 |                 WEI.WEI7 |  0.49 | [ 0.42,  0.55] | 12.24 | 477 | < .001***
PPC.PPC4                 |                 WEI.WEI8 |  0.43 | [ 0.36,  0.50] | 10.46 | 477 | < .001***
PPC.PPC4                 |            WORKPACE.SQ01 |  0.29 | [ 0.21,  0.37] |  6.64 | 475 | < .001***
PPC.PPC4                 |                 AUTONOMY |  0.23 | [ 0.14,  0.31] |  5.12 | 475 | 0.003**  
PPC.PPC5                 |                 PPC.PPC6 |  0.55 | [ 0.49,  0.61] | 14.42 | 477 | < .001***
PPC.PPC5                 |                   PS.PS1 |  0.40 | [ 0.33,  0.48] |  9.66 | 477 | < .001***
PPC.PPC5                 |                   PS.PS2 |  0.44 | [ 0.37,  0.51] | 10.83 | 477 | < .001***
PPC.PPC5                 |                   PS.PS3 |  0.43 | [ 0.35,  0.50] | 10.32 | 477 | < .001***
PPC.PPC5                 |                   PS.PS4 |  0.35 | [ 0.27,  0.43] |  8.26 | 477 | < .001***
PPC.PPC5                 |                   PS.PS5 |  0.38 | [ 0.30,  0.45] |  8.90 | 477 | < .001***
PPC.PPC5                 |                   PS.PS6 |  0.45 | [ 0.38,  0.52] | 11.02 | 477 | < .001***
PPC.PPC5                 |                   PS.PS7 |  0.42 | [ 0.34,  0.49] | 10.11 | 477 | < .001***
PPC.PPC5                 |                   PS.PS8 |  0.34 | [ 0.25,  0.41] |  7.77 | 477 | < .001***
PPC.PPC5                 |                   PS.PS9 |  0.37 | [ 0.29,  0.45] |  8.70 | 477 | < .001***
PPC.PPC5                 |                  PS.PS10 |  0.43 | [ 0.35,  0.50] | 10.41 | 477 | < .001***
PPC.PPC5                 |                  PS.PS11 |  0.40 | [ 0.32,  0.47] |  9.59 | 477 | < .001***
PPC.PPC5                 |                 PUI.PUI1 |  0.49 | [ 0.42,  0.56] | 12.33 | 477 | < .001***
PPC.PPC5                 |                 PUI.PUI2 |  0.46 | [ 0.39,  0.53] | 11.41 | 477 | < .001***
PPC.PPC5                 |                 PUI.PUI3 |  0.49 | [ 0.42,  0.55] | 12.17 | 477 | < .001***
PPC.PPC5                 |                 PUI.PUI4 |  0.40 | [ 0.32,  0.47] |  9.43 | 477 | < .001***
PPC.PPC5                 |                 PUI.PUI5 |  0.43 | [ 0.35,  0.50] | 10.37 | 477 | < .001***
PPC.PPC5                 |                 PUI.PUI6 |  0.48 | [ 0.41,  0.54] | 11.89 | 477 | < .001***
PPC.PPC5                 |                 PUI.PUI7 |  0.46 | [ 0.39,  0.53] | 11.45 | 477 | < .001***
PPC.PPC5                 |                 PUI.PUI8 |  0.45 | [ 0.37,  0.52] | 10.97 | 477 | < .001***
PPC.PPC5                 |                 TKR.TKR1 |  0.36 | [ 0.28,  0.44] |  8.54 | 477 | < .001***
PPC.PPC5                 |                 TKR.TKR2 |  0.41 | [ 0.33,  0.48] |  9.68 | 477 | < .001***
PPC.PPC5                 |                 TKR.TKR3 |  0.40 | [ 0.32,  0.47] |  9.49 | 477 | < .001***
PPC.PPC5                 |                 TKR.TKR4 |  0.32 | [ 0.23,  0.40] |  7.31 | 477 | < .001***
PPC.PPC5                 |                 WEI.WEI1 |  0.43 | [ 0.36,  0.50] | 10.46 | 477 | < .001***
PPC.PPC5                 |                 WEI.WEI2 |  0.43 | [ 0.36,  0.50] | 10.50 | 477 | < .001***
PPC.PPC5                 |                 WEI.WEI3 |  0.46 | [ 0.38,  0.52] | 11.17 | 477 | < .001***
PPC.PPC5                 |                 WEI.WEI4 |  0.39 | [ 0.31,  0.46] |  9.18 | 477 | < .001***
PPC.PPC5                 |                 WEI.WEI5 |  0.49 | [ 0.42,  0.56] | 12.34 | 477 | < .001***
PPC.PPC5                 |                 WEI.WEI6 |  0.40 | [ 0.32,  0.47] |  9.54 | 477 | < .001***
PPC.PPC5                 |                 WEI.WEI7 |  0.55 | [ 0.48,  0.61] | 14.39 | 477 | < .001***
PPC.PPC5                 |                 WEI.WEI8 |  0.47 | [ 0.39,  0.53] | 11.52 | 477 | < .001***
PPC.PPC5                 |            WORKPACE.SQ01 |  0.29 | [ 0.21,  0.37] |  6.61 | 475 | < .001***
PPC.PPC5                 |                 AUTONOMY |  0.22 | [ 0.14,  0.31] |  5.02 | 475 | 0.004**  
PPC.PPC5                 |                 MEASURES |  0.25 | [ 0.16,  0.33] |  5.59 | 477 | < .001***
PPC.PPC5                 |                MEASURES2 |  0.30 | [ 0.19,  0.41] |  4.99 | 248 | 0.007**  
PPC.PPC6                 |                   PS.PS1 |  0.47 | [ 0.39,  0.53] | 11.48 | 477 | < .001***
PPC.PPC6                 |                   PS.PS2 |  0.45 | [ 0.38,  0.52] | 11.08 | 477 | < .001***
PPC.PPC6                 |                   PS.PS3 |  0.47 | [ 0.40,  0.54] | 11.69 | 477 | < .001***
PPC.PPC6                 |                   PS.PS4 |  0.41 | [ 0.34,  0.48] |  9.91 | 477 | < .001***
PPC.PPC6                 |                   PS.PS5 |  0.47 | [ 0.40,  0.54] | 11.76 | 477 | < .001***
PPC.PPC6                 |                   PS.PS6 |  0.47 | [ 0.40,  0.54] | 11.66 | 477 | < .001***
PPC.PPC6                 |                   PS.PS7 |  0.50 | [ 0.43,  0.56] | 12.58 | 477 | < .001***
PPC.PPC6                 |                   PS.PS8 |  0.42 | [ 0.35,  0.50] | 10.24 | 477 | < .001***
PPC.PPC6                 |                   PS.PS9 |  0.47 | [ 0.40,  0.54] | 11.57 | 477 | < .001***
PPC.PPC6                 |                  PS.PS10 |  0.50 | [ 0.43,  0.56] | 12.47 | 477 | < .001***
PPC.PPC6                 |                  PS.PS11 |  0.47 | [ 0.40,  0.54] | 11.65 | 477 | < .001***
PPC.PPC6                 |                 PUI.PUI1 |  0.53 | [ 0.46,  0.59] | 13.65 | 477 | < .001***
PPC.PPC6                 |                 PUI.PUI2 |  0.46 | [ 0.39,  0.53] | 11.47 | 477 | < .001***
PPC.PPC6                 |                 PUI.PUI3 |  0.50 | [ 0.43,  0.56] | 12.56 | 477 | < .001***
PPC.PPC6                 |                 PUI.PUI4 |  0.48 | [ 0.40,  0.54] | 11.80 | 477 | < .001***
PPC.PPC6                 |                 PUI.PUI5 |  0.53 | [ 0.46,  0.59] | 13.52 | 477 | < .001***
PPC.PPC6                 |                 PUI.PUI6 |  0.44 | [ 0.37,  0.51] | 10.83 | 477 | < .001***
PPC.PPC6                 |                 PUI.PUI7 |  0.51 | [ 0.44,  0.57] | 12.98 | 477 | < .001***
PPC.PPC6                 |                 PUI.PUI8 |  0.50 | [ 0.42,  0.56] | 12.45 | 477 | < .001***
PPC.PPC6                 |                 TKR.TKR1 |  0.31 | [ 0.23,  0.39] |  7.10 | 477 | < .001***
PPC.PPC6                 |                 TKR.TKR2 |  0.33 | [ 0.25,  0.41] |  7.68 | 477 | < .001***
PPC.PPC6                 |                 TKR.TKR3 |  0.46 | [ 0.39,  0.53] | 11.38 | 477 | < .001***
PPC.PPC6                 |                 TKR.TKR4 |  0.32 | [ 0.23,  0.40] |  7.31 | 477 | < .001***
PPC.PPC6                 |                 WEI.WEI1 |  0.45 | [ 0.37,  0.52] | 10.94 | 477 | < .001***
PPC.PPC6                 |                 WEI.WEI2 |  0.44 | [ 0.36,  0.51] | 10.66 | 477 | < .001***
PPC.PPC6                 |                 WEI.WEI3 |  0.45 | [ 0.37,  0.52] | 10.94 | 477 | < .001***
PPC.PPC6                 |                 WEI.WEI4 |  0.44 | [ 0.37,  0.51] | 10.73 | 477 | < .001***
PPC.PPC6                 |                 WEI.WEI5 |  0.50 | [ 0.43,  0.56] | 12.63 | 477 | < .001***
PPC.PPC6                 |                 WEI.WEI6 |  0.41 | [ 0.33,  0.48] |  9.82 | 477 | < .001***
PPC.PPC6                 |                 WEI.WEI7 |  0.46 | [ 0.38,  0.52] | 11.19 | 477 | < .001***
PPC.PPC6                 |                 WEI.WEI8 |  0.44 | [ 0.36,  0.51] | 10.62 | 477 | < .001***
PPC.PPC6                 |            WORKPACE.SQ01 |  0.31 | [ 0.23,  0.39] |  7.15 | 475 | < .001***
PPC.PPC6                 |                MEASURES2 |  0.32 | [ 0.21,  0.43] |  5.39 | 248 | 0.001**  
PS.PS1                   |                   PS.PS2 |  0.69 | [ 0.64,  0.73] | 20.74 | 477 | < .001***
PS.PS1                   |                   PS.PS3 |  0.65 | [ 0.60,  0.70] | 18.80 | 477 | < .001***
PS.PS1                   |                   PS.PS4 |  0.57 | [ 0.50,  0.63] | 15.06 | 477 | < .001***
PS.PS1                   |                   PS.PS5 |  0.63 | [ 0.57,  0.68] | 17.78 | 477 | < .001***
PS.PS1                   |                   PS.PS6 |  0.66 | [ 0.61,  0.71] | 19.30 | 477 | < .001***
PS.PS1                   |                   PS.PS7 |  0.63 | [ 0.57,  0.68] | 17.73 | 477 | < .001***
PS.PS1                   |                   PS.PS8 |  0.59 | [ 0.53,  0.65] | 15.99 | 477 | < .001***
PS.PS1                   |                   PS.PS9 |  0.63 | [ 0.57,  0.68] | 17.51 | 477 | < .001***
PS.PS1                   |                  PS.PS10 |  0.60 | [ 0.54,  0.66] | 16.47 | 477 | < .001***
PS.PS1                   |                  PS.PS11 |  0.61 | [ 0.55,  0.67] | 16.95 | 477 | < .001***
PS.PS1                   |                 PUI.PUI1 |  0.57 | [ 0.50,  0.62] | 14.99 | 477 | < .001***
PS.PS1                   |                 PUI.PUI2 |  0.60 | [ 0.54,  0.65] | 16.21 | 477 | < .001***
PS.PS1                   |                 PUI.PUI3 |  0.56 | [ 0.50,  0.62] | 14.81 | 477 | < .001***
PS.PS1                   |                 PUI.PUI4 |  0.54 | [ 0.47,  0.60] | 13.88 | 477 | < .001***
PS.PS1                   |                 PUI.PUI5 |  0.59 | [ 0.53,  0.65] | 16.05 | 477 | < .001***
PS.PS1                   |                 PUI.PUI6 |  0.34 | [ 0.26,  0.42] |  7.95 | 477 | < .001***
PS.PS1                   |                 PUI.PUI7 |  0.60 | [ 0.54,  0.65] | 16.36 | 477 | < .001***
PS.PS1                   |                 PUI.PUI8 |  0.54 | [ 0.48,  0.60] | 14.09 | 477 | < .001***
PS.PS1                   |                 TKR.TKR1 |  0.26 | [ 0.17,  0.34] |  5.87 | 477 | < .001***
PS.PS1                   |                 TKR.TKR2 |  0.31 | [ 0.23,  0.39] |  7.10 | 477 | < .001***
PS.PS1                   |                 TKR.TKR3 |  0.35 | [ 0.27,  0.43] |  8.29 | 477 | < .001***
PS.PS1                   |                 TKR.TKR4 |  0.25 | [ 0.16,  0.33] |  5.54 | 477 | < .001***
PS.PS1                   |                 WEI.WEI1 |  0.50 | [ 0.43,  0.56] | 12.53 | 477 | < .001***
PS.PS1                   |                 WEI.WEI2 |  0.58 | [ 0.51,  0.63] | 15.38 | 477 | < .001***
PS.PS1                   |                 WEI.WEI3 |  0.51 | [ 0.44,  0.57] | 12.81 | 477 | < .001***
PS.PS1                   |                 WEI.WEI4 |  0.56 | [ 0.50,  0.62] | 14.80 | 477 | < .001***
PS.PS1                   |                 WEI.WEI5 |  0.56 | [ 0.49,  0.61] | 14.58 | 477 | < .001***
PS.PS1                   |                 WEI.WEI6 |  0.45 | [ 0.38,  0.52] | 11.05 | 477 | < .001***
PS.PS1                   |                 WEI.WEI7 |  0.45 | [ 0.37,  0.52] | 10.99 | 477 | < .001***
PS.PS1                   |                 WEI.WEI8 |  0.53 | [ 0.47,  0.60] | 13.81 | 477 | < .001***
PS.PS1                   |       PERCEPTION.PROJPOS |  0.24 | [ 0.15,  0.32] |  5.38 | 476 | < .001***
PS.PS1                   |            WORKPACE.SQ01 |  0.36 | [ 0.28,  0.44] |  8.50 | 475 | < .001***
PS.PS1                   |                 AUTONOMY |  0.26 | [ 0.17,  0.34] |  5.78 | 475 | < .001***
PS.PS2                   |                   PS.PS3 |  0.69 | [ 0.64,  0.73] | 20.60 | 477 | < .001***
PS.PS2                   |                   PS.PS4 |  0.60 | [ 0.54,  0.65] | 16.25 | 477 | < .001***
PS.PS2                   |                   PS.PS5 |  0.61 | [ 0.55,  0.66] | 16.75 | 477 | < .001***
PS.PS2                   |                   PS.PS6 |  0.59 | [ 0.53,  0.65] | 16.14 | 477 | < .001***
PS.PS2                   |                   PS.PS7 |  0.64 | [ 0.58,  0.69] | 18.23 | 477 | < .001***
PS.PS2                   |                   PS.PS8 |  0.57 | [ 0.51,  0.63] | 15.20 | 477 | < .001***
PS.PS2                   |                   PS.PS9 |  0.60 | [ 0.54,  0.66] | 16.50 | 477 | < .001***
PS.PS2                   |                  PS.PS10 |  0.57 | [ 0.51,  0.63] | 15.24 | 477 | < .001***
PS.PS2                   |                  PS.PS11 |  0.63 | [ 0.57,  0.68] | 17.75 | 477 | < .001***
PS.PS2                   |                 PUI.PUI1 |  0.60 | [ 0.54,  0.66] | 16.51 | 477 | < .001***
PS.PS2                   |                 PUI.PUI2 |  0.61 | [ 0.55,  0.66] | 16.69 | 477 | < .001***
PS.PS2                   |                 PUI.PUI3 |  0.58 | [ 0.51,  0.63] | 15.38 | 477 | < .001***
PS.PS2                   |                 PUI.PUI4 |  0.50 | [ 0.43,  0.57] | 12.64 | 477 | < .001***
PS.PS2                   |                 PUI.PUI5 |  0.61 | [ 0.55,  0.66] | 16.85 | 477 | < .001***
PS.PS2                   |                 PUI.PUI6 |  0.39 | [ 0.31,  0.46] |  9.16 | 477 | < .001***
PS.PS2                   |                 PUI.PUI7 |  0.59 | [ 0.53,  0.65] | 16.03 | 477 | < .001***
PS.PS2                   |                 PUI.PUI8 |  0.57 | [ 0.50,  0.63] | 15.05 | 477 | < .001***
PS.PS2                   |                 TKR.TKR1 |  0.27 | [ 0.19,  0.35] |  6.21 | 477 | < .001***
PS.PS2                   |                 TKR.TKR2 |  0.32 | [ 0.23,  0.39] |  7.27 | 477 | < .001***
PS.PS2                   |                 TKR.TKR3 |  0.42 | [ 0.34,  0.49] | 10.00 | 477 | < .001***
PS.PS2                   |                 TKR.TKR4 |  0.24 | [ 0.16,  0.33] |  5.47 | 477 | < .001***
PS.PS2                   |                 WEI.WEI1 |  0.53 | [ 0.46,  0.59] | 13.60 | 477 | < .001***
PS.PS2                   |                 WEI.WEI2 |  0.54 | [ 0.47,  0.60] | 14.02 | 477 | < .001***
PS.PS2                   |                 WEI.WEI3 |  0.49 | [ 0.41,  0.55] | 12.12 | 477 | < .001***
PS.PS2                   |                 WEI.WEI4 |  0.52 | [ 0.46,  0.59] | 13.42 | 477 | < .001***
PS.PS2                   |                 WEI.WEI5 |  0.54 | [ 0.47,  0.60] | 13.90 | 477 | < .001***
PS.PS2                   |                 WEI.WEI6 |  0.46 | [ 0.38,  0.52] | 11.18 | 477 | < .001***
PS.PS2                   |                 WEI.WEI7 |  0.47 | [ 0.40,  0.54] | 11.69 | 477 | < .001***
PS.PS2                   |                 WEI.WEI8 |  0.54 | [ 0.47,  0.60] | 14.01 | 477 | < .001***
PS.PS2                   |       PERCEPTION.PROJPOS |  0.24 | [ 0.15,  0.32] |  5.42 | 476 | < .001***
PS.PS2                   |         PERCEPTION.DTPOS |  0.22 | [ 0.13,  0.31] |  4.96 | 475 | 0.006**  
PS.PS2                   |            WORKPACE.SQ01 |  0.34 | [ 0.26,  0.42] |  7.84 | 475 | < .001***
PS.PS2                   |                 AUTONOMY |  0.23 | [ 0.14,  0.31] |  5.19 | 475 | 0.002**  
PS.PS3                   |                   PS.PS4 |  0.64 | [ 0.59,  0.69] | 18.33 | 477 | < .001***
PS.PS3                   |                   PS.PS5 |  0.62 | [ 0.56,  0.67] | 17.17 | 477 | < .001***
PS.PS3                   |                   PS.PS6 |  0.61 | [ 0.55,  0.66] | 16.81 | 477 | < .001***
PS.PS3                   |                   PS.PS7 |  0.65 | [ 0.60,  0.70] | 18.93 | 477 | < .001***
PS.PS3                   |                   PS.PS8 |  0.62 | [ 0.56,  0.67] | 17.07 | 477 | < .001***
PS.PS3                   |                   PS.PS9 |  0.65 | [ 0.60,  0.70] | 18.90 | 477 | < .001***
PS.PS3                   |                  PS.PS10 |  0.56 | [ 0.50,  0.62] | 14.83 | 477 | < .001***
PS.PS3                   |                  PS.PS11 |  0.63 | [ 0.57,  0.68] | 17.50 | 477 | < .001***
PS.PS3                   |                 PUI.PUI1 |  0.59 | [ 0.53,  0.65] | 15.96 | 477 | < .001***
PS.PS3                   |                 PUI.PUI2 |  0.61 | [ 0.55,  0.66] | 16.77 | 477 | < .001***
PS.PS3                   |                 PUI.PUI3 |  0.60 | [ 0.54,  0.65] | 16.24 | 477 | < .001***
PS.PS3                   |                 PUI.PUI4 |  0.55 | [ 0.49,  0.61] | 14.49 | 477 | < .001***
PS.PS3                   |                 PUI.PUI5 |  0.60 | [ 0.54,  0.65] | 16.31 | 477 | < .001***
PS.PS3                   |                 PUI.PUI6 |  0.36 | [ 0.28,  0.43] |  8.35 | 477 | < .001***
PS.PS3                   |                 PUI.PUI7 |  0.62 | [ 0.56,  0.67] | 17.35 | 477 | < .001***
PS.PS3                   |                 PUI.PUI8 |  0.59 | [ 0.53,  0.65] | 16.06 | 477 | < .001***
PS.PS3                   |                 TKR.TKR1 |  0.23 | [ 0.14,  0.31] |  5.11 | 477 | 0.003**  
PS.PS3                   |                 TKR.TKR2 |  0.29 | [ 0.21,  0.37] |  6.68 | 477 | < .001***
PS.PS3                   |                 TKR.TKR3 |  0.40 | [ 0.32,  0.47] |  9.42 | 477 | < .001***
PS.PS3                   |                 TKR.TKR4 |  0.21 | [ 0.13,  0.30] |  4.76 | 477 | 0.015*   
PS.PS3                   |                 WEI.WEI1 |  0.46 | [ 0.39,  0.53] | 11.36 | 477 | < .001***
PS.PS3                   |                 WEI.WEI2 |  0.57 | [ 0.50,  0.62] | 15.01 | 477 | < .001***
PS.PS3                   |                 WEI.WEI3 |  0.47 | [ 0.40,  0.54] | 11.68 | 477 | < .001***
PS.PS3                   |                 WEI.WEI4 |  0.51 | [ 0.44,  0.58] | 13.01 | 477 | < .001***
PS.PS3                   |                 WEI.WEI5 |  0.47 | [ 0.40,  0.54] | 11.72 | 477 | < .001***
PS.PS3                   |                 WEI.WEI6 |  0.45 | [ 0.38,  0.52] | 11.13 | 477 | < .001***
PS.PS3                   |                 WEI.WEI7 |  0.43 | [ 0.35,  0.50] | 10.26 | 477 | < .001***
PS.PS3                   |                 WEI.WEI8 |  0.52 | [ 0.45,  0.59] | 13.40 | 477 | < .001***
PS.PS3                   |       PERCEPTION.PROJPOS |  0.27 | [ 0.19,  0.36] |  6.23 | 476 | < .001***
PS.PS3                   |         PERCEPTION.DTPOS |  0.24 | [ 0.15,  0.32] |  5.34 | 475 | < .001***
PS.PS3                   |            WORKPACE.SQ01 |  0.32 | [ 0.24,  0.40] |  7.41 | 475 | < .001***
PS.PS4                   |                   PS.PS5 |  0.55 | [ 0.49,  0.61] | 14.46 | 477 | < .001***
PS.PS4                   |                   PS.PS6 |  0.58 | [ 0.51,  0.63] | 15.44 | 477 | < .001***
PS.PS4                   |                   PS.PS7 |  0.61 | [ 0.55,  0.67] | 16.91 | 477 | < .001***
PS.PS4                   |                   PS.PS8 |  0.62 | [ 0.57,  0.68] | 17.46 | 477 | < .001***
PS.PS4                   |                   PS.PS9 |  0.62 | [ 0.57,  0.67] | 17.40 | 477 | < .001***
PS.PS4                   |                  PS.PS10 |  0.53 | [ 0.47,  0.60] | 13.80 | 477 | < .001***
PS.PS4                   |                  PS.PS11 |  0.58 | [ 0.52,  0.63] | 15.47 | 477 | < .001***
PS.PS4                   |                 PUI.PUI1 |  0.51 | [ 0.44,  0.57] | 12.91 | 477 | < .001***
PS.PS4                   |                 PUI.PUI2 |  0.48 | [ 0.41,  0.55] | 11.92 | 477 | < .001***
PS.PS4                   |                 PUI.PUI3 |  0.56 | [ 0.49,  0.61] | 14.60 | 477 | < .001***
PS.PS4                   |                 PUI.PUI4 |  0.55 | [ 0.49,  0.61] | 14.52 | 477 | < .001***
PS.PS4                   |                 PUI.PUI5 |  0.53 | [ 0.46,  0.59] | 13.49 | 477 | < .001***
PS.PS4                   |                 PUI.PUI6 |  0.27 | [ 0.18,  0.35] |  6.12 | 477 | < .001***
PS.PS4                   |                 PUI.PUI7 |  0.50 | [ 0.43,  0.56] | 12.62 | 477 | < .001***
PS.PS4                   |                 PUI.PUI8 |  0.56 | [ 0.50,  0.62] | 14.87 | 477 | < .001***
PS.PS4                   |                 TKR.TKR2 |  0.22 | [ 0.13,  0.30] |  4.92 | 477 | 0.007**  
PS.PS4                   |                 TKR.TKR3 |  0.31 | [ 0.23,  0.39] |  7.16 | 477 | < .001***
PS.PS4                   |                 WEI.WEI1 |  0.43 | [ 0.35,  0.50] | 10.29 | 477 | < .001***
PS.PS4                   |                 WEI.WEI2 |  0.52 | [ 0.46,  0.59] | 13.43 | 477 | < .001***
PS.PS4                   |                 WEI.WEI3 |  0.40 | [ 0.33,  0.48] |  9.63 | 477 | < .001***
PS.PS4                   |                 WEI.WEI4 |  0.44 | [ 0.36,  0.51] | 10.56 | 477 | < .001***
PS.PS4                   |                 WEI.WEI5 |  0.36 | [ 0.28,  0.44] |  8.55 | 477 | < .001***
PS.PS4                   |                 WEI.WEI6 |  0.38 | [ 0.30,  0.46] |  9.01 | 477 | < .001***
PS.PS4                   |                 WEI.WEI7 |  0.37 | [ 0.29,  0.44] |  8.67 | 477 | < .001***
PS.PS4                   |                 WEI.WEI8 |  0.43 | [ 0.35,  0.50] | 10.32 | 477 | < .001***
PS.PS4                   |       PERCEPTION.PROJPOS |  0.28 | [ 0.20,  0.36] |  6.40 | 476 | < .001***
PS.PS4                   |         PERCEPTION.DTPOS |  0.24 | [ 0.15,  0.32] |  5.35 | 475 | < .001***
PS.PS4                   |            WORKPACE.SQ01 |  0.26 | [ 0.18,  0.34] |  5.94 | 475 | < .001***
PS.PS5                   |                   PS.PS6 |  0.57 | [ 0.50,  0.62] | 15.00 | 477 | < .001***
PS.PS5                   |                   PS.PS7 |  0.63 | [ 0.57,  0.68] | 17.75 | 477 | < .001***
PS.PS5                   |                   PS.PS8 |  0.53 | [ 0.46,  0.59] | 13.63 | 477 | < .001***
PS.PS5                   |                   PS.PS9 |  0.65 | [ 0.60,  0.70] | 18.93 | 477 | < .001***
PS.PS5                   |                  PS.PS10 |  0.53 | [ 0.46,  0.59] | 13.70 | 477 | < .001***
PS.PS5                   |                  PS.PS11 |  0.58 | [ 0.51,  0.63] | 15.35 | 477 | < .001***
PS.PS5                   |                 PUI.PUI1 |  0.52 | [ 0.45,  0.58] | 13.27 | 477 | < .001***
PS.PS5                   |                 PUI.PUI2 |  0.58 | [ 0.52,  0.64] | 15.51 | 477 | < .001***
PS.PS5                   |                 PUI.PUI3 |  0.55 | [ 0.48,  0.61] | 14.33 | 477 | < .001***
PS.PS5                   |                 PUI.PUI4 |  0.51 | [ 0.44,  0.58] | 13.06 | 477 | < .001***
PS.PS5                   |                 PUI.PUI5 |  0.63 | [ 0.57,  0.68] | 17.75 | 477 | < .001***
PS.PS5                   |                 PUI.PUI6 |  0.37 | [ 0.29,  0.44] |  8.65 | 477 | < .001***
PS.PS5                   |                 PUI.PUI7 |  0.53 | [ 0.46,  0.59] | 13.73 | 477 | < .001***
PS.PS5                   |                 PUI.PUI8 |  0.55 | [ 0.48,  0.61] | 14.26 | 477 | < .001***
PS.PS5                   |                 TKR.TKR1 |  0.29 | [ 0.21,  0.37] |  6.64 | 477 | < .001***
PS.PS5                   |                 TKR.TKR2 |  0.28 | [ 0.20,  0.36] |  6.46 | 477 | < .001***
PS.PS5                   |                 TKR.TKR3 |  0.41 | [ 0.33,  0.48] |  9.85 | 477 | < .001***
PS.PS5                   |                 TKR.TKR4 |  0.27 | [ 0.18,  0.35] |  6.01 | 477 | < .001***
PS.PS5                   |                 WEI.WEI1 |  0.49 | [ 0.42,  0.55] | 12.23 | 477 | < .001***
PS.PS5                   |                 WEI.WEI2 |  0.59 | [ 0.53,  0.65] | 16.03 | 477 | < .001***
PS.PS5                   |                 WEI.WEI3 |  0.48 | [ 0.41,  0.55] | 11.96 | 477 | < .001***
PS.PS5                   |                 WEI.WEI4 |  0.48 | [ 0.41,  0.55] | 12.11 | 477 | < .001***
PS.PS5                   |                 WEI.WEI5 |  0.48 | [ 0.41,  0.55] | 12.06 | 477 | < .001***
PS.PS5                   |                 WEI.WEI6 |  0.45 | [ 0.37,  0.51] | 10.86 | 477 | < .001***
PS.PS5                   |                 WEI.WEI7 |  0.45 | [ 0.38,  0.52] | 11.09 | 477 | < .001***
PS.PS5                   |                 WEI.WEI8 |  0.48 | [ 0.41,  0.55] | 11.99 | 477 | < .001***
PS.PS5                   |         PERCEPTION.DTPOS |  0.21 | [ 0.13,  0.30] |  4.75 | 475 | 0.016*   
PS.PS5                   |            WORKPACE.SQ01 |  0.30 | [ 0.21,  0.38] |  6.83 | 475 | < .001***
PS.PS5                   |                 AUTONOMY |  0.25 | [ 0.17,  0.34] |  5.73 | 475 | < .001***
PS.PS5                   |                MEASURES2 |  0.33 | [ 0.21,  0.44] |  5.51 | 248 | < .001***
PS.PS6                   |                   PS.PS7 |  0.61 | [ 0.55,  0.66] | 16.78 | 477 | < .001***
PS.PS6                   |                   PS.PS8 |  0.58 | [ 0.51,  0.63] | 15.43 | 477 | < .001***
PS.PS6                   |                   PS.PS9 |  0.60 | [ 0.54,  0.65] | 16.27 | 477 | < .001***
PS.PS6                   |                  PS.PS10 |  0.58 | [ 0.52,  0.64] | 15.68 | 477 | < .001***
PS.PS6                   |                  PS.PS11 |  0.52 | [ 0.46,  0.59] | 13.46 | 477 | < .001***
PS.PS6                   |                 PUI.PUI1 |  0.63 | [ 0.57,  0.68] | 17.81 | 477 | < .001***
PS.PS6                   |                 PUI.PUI2 |  0.57 | [ 0.51,  0.63] | 15.11 | 477 | < .001***
PS.PS6                   |                 PUI.PUI3 |  0.53 | [ 0.46,  0.59] | 13.63 | 477 | < .001***
PS.PS6                   |                 PUI.PUI4 |  0.51 | [ 0.44,  0.57] | 12.80 | 477 | < .001***
PS.PS6                   |                 PUI.PUI5 |  0.56 | [ 0.49,  0.62] | 14.75 | 477 | < .001***
PS.PS6                   |                 PUI.PUI6 |  0.37 | [ 0.29,  0.45] |  8.78 | 477 | < .001***
PS.PS6                   |                 PUI.PUI7 |  0.62 | [ 0.56,  0.67] | 17.22 | 477 | < .001***
PS.PS6                   |                 PUI.PUI8 |  0.56 | [ 0.49,  0.62] | 14.73 | 477 | < .001***
PS.PS6                   |                 TKR.TKR1 |  0.31 | [ 0.23,  0.39] |  7.20 | 477 | < .001***
PS.PS6                   |                 TKR.TKR2 |  0.30 | [ 0.22,  0.38] |  6.84 | 477 | < .001***
PS.PS6                   |                 TKR.TKR3 |  0.36 | [ 0.28,  0.43] |  8.34 | 477 | < .001***
PS.PS6                   |                 TKR.TKR4 |  0.26 | [ 0.18,  0.34] |  5.93 | 477 | < .001***
PS.PS6                   |                 WEI.WEI1 |  0.55 | [ 0.48,  0.61] | 14.24 | 477 | < .001***
PS.PS6                   |                 WEI.WEI2 |  0.54 | [ 0.48,  0.60] | 14.08 | 477 | < .001***
PS.PS6                   |                 WEI.WEI3 |  0.45 | [ 0.38,  0.52] | 11.12 | 477 | < .001***
PS.PS6                   |                 WEI.WEI4 |  0.52 | [ 0.45,  0.58] | 13.36 | 477 | < .001***
PS.PS6                   |                 WEI.WEI5 |  0.50 | [ 0.43,  0.56] | 12.54 | 477 | < .001***
PS.PS6                   |                 WEI.WEI6 |  0.41 | [ 0.33,  0.48] |  9.85 | 477 | < .001***
PS.PS6                   |                 WEI.WEI7 |  0.48 | [ 0.41,  0.55] | 11.91 | 477 | < .001***
PS.PS6                   |                 WEI.WEI8 |  0.50 | [ 0.43,  0.57] | 12.68 | 477 | < .001***
PS.PS6                   |            WORKPACE.SQ01 |  0.32 | [ 0.23,  0.39] |  7.25 | 475 | < .001***
PS.PS6                   |                 AUTONOMY |  0.24 | [ 0.15,  0.32] |  5.32 | 475 | < .001***
PS.PS7                   |                   PS.PS8 |  0.62 | [ 0.56,  0.67] | 17.33 | 477 | < .001***
PS.PS7                   |                   PS.PS9 |  0.61 | [ 0.55,  0.67] | 16.91 | 477 | < .001***
PS.PS7                   |                  PS.PS10 |  0.55 | [ 0.48,  0.61] | 14.39 | 477 | < .001***
PS.PS7                   |                  PS.PS11 |  0.58 | [ 0.52,  0.64] | 15.60 | 477 | < .001***
PS.PS7                   |                 PUI.PUI1 |  0.58 | [ 0.52,  0.64] | 15.58 | 477 | < .001***
PS.PS7                   |                 PUI.PUI2 |  0.56 | [ 0.50,  0.62] | 14.89 | 477 | < .001***
PS.PS7                   |                 PUI.PUI3 |  0.58 | [ 0.52,  0.64] | 15.67 | 477 | < .001***
PS.PS7                   |                 PUI.PUI4 |  0.50 | [ 0.43,  0.56] | 12.61 | 477 | < .001***
PS.PS7                   |                 PUI.PUI5 |  0.58 | [ 0.52,  0.64] | 15.68 | 477 | < .001***
PS.PS7                   |                 PUI.PUI6 |  0.32 | [ 0.24,  0.40] |  7.47 | 477 | < .001***
PS.PS7                   |                 PUI.PUI7 |  0.56 | [ 0.49,  0.62] | 14.63 | 477 | < .001***
PS.PS7                   |                 PUI.PUI8 |  0.63 | [ 0.58,  0.68] | 17.84 | 477 | < .001***
PS.PS7                   |                 TKR.TKR1 |  0.31 | [ 0.23,  0.39] |  7.15 | 477 | < .001***
PS.PS7                   |                 TKR.TKR2 |  0.33 | [ 0.25,  0.41] |  7.58 | 477 | < .001***
PS.PS7                   |                 TKR.TKR3 |  0.41 | [ 0.33,  0.48] |  9.87 | 477 | < .001***
PS.PS7                   |                 TKR.TKR4 |  0.26 | [ 0.18,  0.34] |  5.90 | 477 | < .001***
PS.PS7                   |                 WEI.WEI1 |  0.56 | [ 0.49,  0.62] | 14.70 | 477 | < .001***
PS.PS7                   |                 WEI.WEI2 |  0.57 | [ 0.50,  0.63] | 15.05 | 477 | < .001***
PS.PS7                   |                 WEI.WEI3 |  0.47 | [ 0.40,  0.54] | 11.75 | 477 | < .001***
PS.PS7                   |                 WEI.WEI4 |  0.50 | [ 0.43,  0.56] | 12.61 | 477 | < .001***
PS.PS7                   |                 WEI.WEI5 |  0.48 | [ 0.41,  0.55] | 11.94 | 477 | < .001***
PS.PS7                   |                 WEI.WEI6 |  0.44 | [ 0.36,  0.51] | 10.56 | 477 | < .001***
PS.PS7                   |                 WEI.WEI7 |  0.43 | [ 0.35,  0.50] | 10.40 | 477 | < .001***
PS.PS7                   |                 WEI.WEI8 |  0.47 | [ 0.39,  0.53] | 11.55 | 477 | < .001***
PS.PS7                   |       PERCEPTION.PROJPOS |  0.26 | [ 0.17,  0.34] |  5.77 | 476 | < .001***
PS.PS7                   |            WORKPACE.SQ01 |  0.31 | [ 0.23,  0.39] |  7.16 | 475 | < .001***
PS.PS7                   |                 AUTONOMY |  0.26 | [ 0.18,  0.35] |  5.96 | 475 | < .001***
PS.PS8                   |                   PS.PS9 |  0.61 | [ 0.55,  0.66] | 16.73 | 477 | < .001***
PS.PS8                   |                  PS.PS10 |  0.56 | [ 0.50,  0.62] | 14.94 | 477 | < .001***
PS.PS8                   |                  PS.PS11 |  0.58 | [ 0.51,  0.63] | 15.45 | 477 | < .001***
PS.PS8                   |                 PUI.PUI1 |  0.53 | [ 0.46,  0.59] | 13.53 | 477 | < .001***
PS.PS8                   |                 PUI.PUI2 |  0.51 | [ 0.44,  0.57] | 12.79 | 477 | < .001***
PS.PS8                   |                 PUI.PUI3 |  0.52 | [ 0.45,  0.58] | 13.38 | 477 | < .001***
PS.PS8                   |                 PUI.PUI4 |  0.55 | [ 0.48,  0.61] | 14.26 | 477 | < .001***
PS.PS8                   |                 PUI.PUI5 |  0.52 | [ 0.45,  0.58] | 13.30 | 477 | < .001***
PS.PS8                   |                 PUI.PUI6 |  0.27 | [ 0.19,  0.35] |  6.15 | 477 | < .001***
PS.PS8                   |                 PUI.PUI7 |  0.51 | [ 0.44,  0.57] | 12.89 | 477 | < .001***
PS.PS8                   |                 PUI.PUI8 |  0.60 | [ 0.53,  0.65] | 16.17 | 477 | < .001***
PS.PS8                   |                 TKR.TKR1 |  0.22 | [ 0.13,  0.31] |  4.97 | 477 | 0.006**  
PS.PS8                   |                 TKR.TKR2 |  0.21 | [ 0.12,  0.29] |  4.65 | 477 | 0.025*   
PS.PS8                   |                 TKR.TKR3 |  0.31 | [ 0.22,  0.39] |  7.06 | 477 | < .001***
PS.PS8                   |                 TKR.TKR4 |  0.20 | [ 0.12,  0.29] |  4.56 | 477 | 0.037*   
PS.PS8                   |                 WEI.WEI1 |  0.45 | [ 0.38,  0.52] | 11.05 | 477 | < .001***
PS.PS8                   |                 WEI.WEI2 |  0.50 | [ 0.43,  0.57] | 12.72 | 477 | < .001***
PS.PS8                   |                 WEI.WEI3 |  0.42 | [ 0.34,  0.49] | 10.05 | 477 | < .001***
PS.PS8                   |                 WEI.WEI4 |  0.49 | [ 0.42,  0.55] | 12.24 | 477 | < .001***
PS.PS8                   |                 WEI.WEI5 |  0.41 | [ 0.33,  0.48] |  9.87 | 477 | < .001***
PS.PS8                   |                 WEI.WEI6 |  0.39 | [ 0.31,  0.46] |  9.26 | 477 | < .001***
PS.PS8                   |                 WEI.WEI7 |  0.35 | [ 0.26,  0.42] |  8.05 | 477 | < .001***
PS.PS8                   |                 WEI.WEI8 |  0.44 | [ 0.36,  0.51] | 10.56 | 477 | < .001***
PS.PS8                   |       PERCEPTION.PROJPOS |  0.27 | [ 0.19,  0.35] |  6.16 | 476 | < .001***
PS.PS8                   |            WORKPACE.SQ01 |  0.24 | [ 0.15,  0.32] |  5.35 | 475 | < .001***
PS.PS9                   |                  PS.PS10 |  0.58 | [ 0.52,  0.64] | 15.59 | 477 | < .001***
PS.PS9                   |                  PS.PS11 |  0.57 | [ 0.50,  0.62] | 15.01 | 477 | < .001***
PS.PS9                   |                 PUI.PUI1 |  0.53 | [ 0.46,  0.59] | 13.64 | 477 | < .001***
PS.PS9                   |                 PUI.PUI2 |  0.57 | [ 0.50,  0.63] | 15.09 | 477 | < .001***
PS.PS9                   |                 PUI.PUI3 |  0.58 | [ 0.52,  0.64] | 15.57 | 477 | < .001***
PS.PS9                   |                 PUI.PUI4 |  0.58 | [ 0.52,  0.64] | 15.64 | 477 | < .001***
PS.PS9                   |                 PUI.PUI5 |  0.60 | [ 0.54,  0.65] | 16.28 | 477 | < .001***
PS.PS9                   |                 PUI.PUI6 |  0.31 | [ 0.23,  0.39] |  7.18 | 477 | < .001***
PS.PS9                   |                 PUI.PUI7 |  0.54 | [ 0.47,  0.60] | 13.95 | 477 | < .001***
PS.PS9                   |                 PUI.PUI8 |  0.53 | [ 0.47,  0.59] | 13.75 | 477 | < .001***
PS.PS9                   |                 TKR.TKR1 |  0.26 | [ 0.18,  0.35] |  5.98 | 477 | < .001***
PS.PS9                   |                 TKR.TKR2 |  0.30 | [ 0.21,  0.38] |  6.77 | 477 | < .001***
PS.PS9                   |                 TKR.TKR3 |  0.37 | [ 0.29,  0.44] |  8.66 | 477 | < .001***
PS.PS9                   |                 TKR.TKR4 |  0.21 | [ 0.12,  0.29] |  4.62 | 477 | 0.029*   
PS.PS9                   |                 WEI.WEI1 |  0.49 | [ 0.42,  0.55] | 12.20 | 477 | < .001***
PS.PS9                   |                 WEI.WEI2 |  0.59 | [ 0.52,  0.64] | 15.78 | 477 | < .001***
PS.PS9                   |                 WEI.WEI3 |  0.42 | [ 0.34,  0.49] |  9.99 | 477 | < .001***
PS.PS9                   |                 WEI.WEI4 |  0.51 | [ 0.44,  0.57] | 12.83 | 477 | < .001***
PS.PS9                   |                 WEI.WEI5 |  0.45 | [ 0.38,  0.52] | 11.08 | 477 | < .001***
PS.PS9                   |                 WEI.WEI6 |  0.41 | [ 0.34,  0.49] |  9.94 | 477 | < .001***
PS.PS9                   |                 WEI.WEI7 |  0.41 | [ 0.33,  0.48] |  9.75 | 477 | < .001***
PS.PS9                   |                 WEI.WEI8 |  0.50 | [ 0.43,  0.57] | 12.69 | 477 | < .001***
PS.PS9                   |       PERCEPTION.PROJPOS |  0.26 | [ 0.17,  0.34] |  5.87 | 476 | < .001***
PS.PS9                   |         PERCEPTION.DTPOS |  0.22 | [ 0.13,  0.30] |  4.84 | 475 | 0.010*   
PS.PS9                   |            WORKPACE.SQ01 |  0.29 | [ 0.20,  0.37] |  6.49 | 475 | < .001***
PS.PS9                   |                 AUTONOMY |  0.25 | [ 0.17,  0.33] |  5.66 | 475 | < .001***
PS.PS10                  |                  PS.PS11 |  0.64 | [ 0.58,  0.69] | 18.04 | 477 | < .001***
PS.PS10                  |                 PUI.PUI1 |  0.57 | [ 0.50,  0.62] | 15.04 | 477 | < .001***
PS.PS10                  |                 PUI.PUI2 |  0.51 | [ 0.44,  0.58] | 13.05 | 477 | < .001***
PS.PS10                  |                 PUI.PUI3 |  0.49 | [ 0.41,  0.55] | 12.15 | 477 | < .001***
PS.PS10                  |                 PUI.PUI4 |  0.53 | [ 0.46,  0.59] | 13.48 | 477 | < .001***
PS.PS10                  |                 PUI.PUI5 |  0.56 | [ 0.49,  0.61] | 14.59 | 477 | < .001***
PS.PS10                  |                 PUI.PUI6 |  0.34 | [ 0.26,  0.42] |  7.95 | 477 | < .001***
PS.PS10                  |                 PUI.PUI7 |  0.53 | [ 0.46,  0.59] | 13.65 | 477 | < .001***
PS.PS10                  |                 PUI.PUI8 |  0.50 | [ 0.43,  0.57] | 12.68 | 477 | < .001***
PS.PS10                  |                 TKR.TKR1 |  0.27 | [ 0.19,  0.35] |  6.14 | 477 | < .001***
PS.PS10                  |                 TKR.TKR2 |  0.32 | [ 0.24,  0.40] |  7.34 | 477 | < .001***
PS.PS10                  |                 TKR.TKR3 |  0.36 | [ 0.28,  0.44] |  8.47 | 477 | < .001***
PS.PS10                  |                 TKR.TKR4 |  0.31 | [ 0.23,  0.39] |  7.10 | 477 | < .001***
PS.PS10                  |                 WEI.WEI1 |  0.47 | [ 0.40,  0.54] | 11.72 | 477 | < .001***
PS.PS10                  |                 WEI.WEI2 |  0.48 | [ 0.41,  0.55] | 12.02 | 477 | < .001***
PS.PS10                  |                 WEI.WEI3 |  0.49 | [ 0.42,  0.56] | 12.41 | 477 | < .001***
PS.PS10                  |                 WEI.WEI4 |  0.47 | [ 0.40,  0.54] | 11.69 | 477 | < .001***
PS.PS10                  |                 WEI.WEI5 |  0.49 | [ 0.42,  0.55] | 12.19 | 477 | < .001***
PS.PS10                  |                 WEI.WEI6 |  0.40 | [ 0.33,  0.48] |  9.62 | 477 | < .001***
PS.PS10                  |                 WEI.WEI7 |  0.44 | [ 0.37,  0.51] | 10.72 | 477 | < .001***
PS.PS10                  |                 WEI.WEI8 |  0.50 | [ 0.43,  0.56] | 12.59 | 477 | < .001***
PS.PS10                  |            WORKPACE.SQ01 |  0.29 | [ 0.21,  0.37] |  6.68 | 475 | < .001***
PS.PS10                  |                 AUTONOMY |  0.21 | [ 0.12,  0.29] |  4.57 | 475 | 0.035*   
PS.PS11                  |                 PUI.PUI1 |  0.54 | [ 0.48,  0.60] | 14.11 | 477 | < .001***
PS.PS11                  |                 PUI.PUI2 |  0.52 | [ 0.45,  0.58] | 13.36 | 477 | < .001***
PS.PS11                  |                 PUI.PUI3 |  0.52 | [ 0.45,  0.58] | 13.36 | 477 | < .001***
PS.PS11                  |                 PUI.PUI4 |  0.52 | [ 0.45,  0.58] | 13.30 | 477 | < .001***
PS.PS11                  |                 PUI.PUI5 |  0.54 | [ 0.48,  0.60] | 14.13 | 477 | < .001***
PS.PS11                  |                 PUI.PUI6 |  0.34 | [ 0.26,  0.42] |  7.97 | 477 | < .001***
PS.PS11                  |                 PUI.PUI7 |  0.54 | [ 0.47,  0.60] | 13.93 | 477 | < .001***
PS.PS11                  |                 PUI.PUI8 |  0.49 | [ 0.42,  0.56] | 12.39 | 477 | < .001***
PS.PS11                  |                 TKR.TKR1 |  0.25 | [ 0.17,  0.33] |  5.68 | 477 | < .001***
PS.PS11                  |                 TKR.TKR2 |  0.34 | [ 0.26,  0.42] |  7.91 | 477 | < .001***
PS.PS11                  |                 TKR.TKR3 |  0.37 | [ 0.29,  0.45] |  8.76 | 477 | < .001***
PS.PS11                  |                 TKR.TKR4 |  0.25 | [ 0.17,  0.34] |  5.74 | 477 | < .001***
PS.PS11                  |                 WEI.WEI1 |  0.47 | [ 0.40,  0.54] | 11.68 | 477 | < .001***
PS.PS11                  |                 WEI.WEI2 |  0.52 | [ 0.46,  0.59] | 13.44 | 477 | < .001***
PS.PS11                  |                 WEI.WEI3 |  0.48 | [ 0.40,  0.54] | 11.80 | 477 | < .001***
PS.PS11                  |                 WEI.WEI4 |  0.49 | [ 0.42,  0.56] | 12.29 | 477 | < .001***
PS.PS11                  |                 WEI.WEI5 |  0.51 | [ 0.44,  0.57] | 12.88 | 477 | < .001***
PS.PS11                  |                 WEI.WEI6 |  0.42 | [ 0.34,  0.49] |  9.99 | 477 | < .001***
PS.PS11                  |                 WEI.WEI7 |  0.44 | [ 0.36,  0.51] | 10.65 | 477 | < .001***
PS.PS11                  |                 WEI.WEI8 |  0.52 | [ 0.45,  0.58] | 13.19 | 477 | < .001***
PS.PS11                  |       PERCEPTION.PROJPOS |  0.25 | [ 0.17,  0.33] |  5.67 | 476 | < .001***
PS.PS11                  |            WORKPACE.SQ01 |  0.28 | [ 0.19,  0.36] |  6.25 | 475 | < .001***
PS.PS11                  |                 AUTONOMY |  0.21 | [ 0.13,  0.30] |  4.76 | 475 | 0.015*   
PUI.PUI1                 |                 PUI.PUI2 |  0.64 | [ 0.59,  0.69] | 18.40 | 477 | < .001***
PUI.PUI1                 |                 PUI.PUI3 |  0.65 | [ 0.59,  0.70] | 18.48 | 477 | < .001***
PUI.PUI1                 |                 PUI.PUI4 |  0.61 | [ 0.55,  0.66] | 16.64 | 477 | < .001***
PUI.PUI1                 |                 PUI.PUI5 |  0.65 | [ 0.59,  0.70] | 18.49 | 477 | < .001***
PUI.PUI1                 |                 PUI.PUI6 |  0.40 | [ 0.33,  0.48] |  9.67 | 477 | < .001***
PUI.PUI1                 |                 PUI.PUI7 |  0.69 | [ 0.64,  0.73] | 20.59 | 477 | < .001***
PUI.PUI1                 |                 PUI.PUI8 |  0.63 | [ 0.57,  0.68] | 17.73 | 477 | < .001***
PUI.PUI1                 |                 TKR.TKR1 |  0.32 | [ 0.24,  0.40] |  7.36 | 477 | < .001***
PUI.PUI1                 |                 TKR.TKR2 |  0.34 | [ 0.26,  0.42] |  7.91 | 477 | < .001***
PUI.PUI1                 |                 TKR.TKR3 |  0.42 | [ 0.35,  0.50] | 10.24 | 477 | < .001***
PUI.PUI1                 |                 TKR.TKR4 |  0.29 | [ 0.21,  0.37] |  6.62 | 477 | < .001***
PUI.PUI1                 |                 WEI.WEI1 |  0.53 | [ 0.46,  0.59] | 13.56 | 477 | < .001***
PUI.PUI1                 |                 WEI.WEI2 |  0.58 | [ 0.51,  0.63] | 15.43 | 477 | < .001***
PUI.PUI1                 |                 WEI.WEI3 |  0.50 | [ 0.43,  0.56] | 12.54 | 477 | < .001***
PUI.PUI1                 |                 WEI.WEI4 |  0.54 | [ 0.47,  0.60] | 13.94 | 477 | < .001***
PUI.PUI1                 |                 WEI.WEI5 |  0.49 | [ 0.42,  0.56] | 12.35 | 477 | < .001***
PUI.PUI1                 |                 WEI.WEI6 |  0.44 | [ 0.36,  0.51] | 10.67 | 477 | < .001***
PUI.PUI1                 |                 WEI.WEI7 |  0.54 | [ 0.48,  0.60] | 14.17 | 477 | < .001***
PUI.PUI1                 |                 WEI.WEI8 |  0.52 | [ 0.45,  0.58] | 13.20 | 477 | < .001***
PUI.PUI1                 |       PERCEPTION.PROJPOS |  0.22 | [ 0.13,  0.30] |  4.80 | 476 | 0.012*   
PUI.PUI1                 |            WORKPACE.SQ01 |  0.39 | [ 0.31,  0.47] |  9.32 | 475 | < .001***
PUI.PUI1                 |                 AUTONOMY |  0.28 | [ 0.20,  0.36] |  6.39 | 475 | < .001***
PUI.PUI2                 |                 PUI.PUI3 |  0.65 | [ 0.60,  0.70] | 18.71 | 477 | < .001***
PUI.PUI2                 |                 PUI.PUI4 |  0.61 | [ 0.55,  0.67] | 16.93 | 477 | < .001***
PUI.PUI2                 |                 PUI.PUI5 |  0.66 | [ 0.61,  0.71] | 19.26 | 477 | < .001***
PUI.PUI2                 |                 PUI.PUI6 |  0.46 | [ 0.38,  0.52] | 11.18 | 477 | < .001***
PUI.PUI2                 |                 PUI.PUI7 |  0.65 | [ 0.59,  0.70] | 18.54 | 477 | < .001***
PUI.PUI2                 |                 PUI.PUI8 |  0.59 | [ 0.53,  0.65] | 16.05 | 477 | < .001***
PUI.PUI2                 |                 TKR.TKR1 |  0.26 | [ 0.18,  0.35] |  5.99 | 477 | < .001***
PUI.PUI2                 |                 TKR.TKR2 |  0.31 | [ 0.23,  0.39] |  7.23 | 477 | < .001***
PUI.PUI2                 |                 TKR.TKR3 |  0.32 | [ 0.24,  0.40] |  7.41 | 477 | < .001***
PUI.PUI2                 |                 TKR.TKR4 |  0.23 | [ 0.14,  0.31] |  5.14 | 477 | 0.002**  
PUI.PUI2                 |                 WEI.WEI1 |  0.51 | [ 0.44,  0.58] | 13.02 | 477 | < .001***
PUI.PUI2                 |                 WEI.WEI2 |  0.54 | [ 0.47,  0.60] | 14.06 | 477 | < .001***
PUI.PUI2                 |                 WEI.WEI3 |  0.50 | [ 0.43,  0.57] | 12.70 | 477 | < .001***
PUI.PUI2                 |                 WEI.WEI4 |  0.53 | [ 0.47,  0.59] | 13.78 | 477 | < .001***
PUI.PUI2                 |                 WEI.WEI5 |  0.50 | [ 0.43,  0.56] | 12.62 | 477 | < .001***
PUI.PUI2                 |                 WEI.WEI6 |  0.48 | [ 0.41,  0.55] | 12.04 | 477 | < .001***
PUI.PUI2                 |                 WEI.WEI7 |  0.52 | [ 0.45,  0.58] | 13.34 | 477 | < .001***
PUI.PUI2                 |                 WEI.WEI8 |  0.54 | [ 0.47,  0.60] | 14.05 | 477 | < .001***
PUI.PUI2                 |       PERCEPTION.PROJPOS |  0.26 | [ 0.18,  0.34] |  5.93 | 476 | < .001***
PUI.PUI2                 |         PERCEPTION.DTPOS |  0.23 | [ 0.15,  0.32] |  5.23 | 475 | 0.001**  
PUI.PUI2                 |            WORKPACE.SQ01 |  0.35 | [ 0.26,  0.42] |  8.03 | 475 | < .001***
PUI.PUI2                 |                 AUTONOMY |  0.31 | [ 0.23,  0.39] |  7.15 | 475 | < .001***
PUI.PUI3                 |                 PUI.PUI4 |  0.64 | [ 0.58,  0.69] | 18.06 | 477 | < .001***
PUI.PUI3                 |                 PUI.PUI5 |  0.67 | [ 0.62,  0.72] | 19.63 | 477 | < .001***
PUI.PUI3                 |                 PUI.PUI6 |  0.38 | [ 0.30,  0.46] |  9.03 | 477 | < .001***
PUI.PUI3                 |                 PUI.PUI7 |  0.61 | [ 0.55,  0.67] | 16.95 | 477 | < .001***
PUI.PUI3                 |                 PUI.PUI8 |  0.65 | [ 0.59,  0.70] | 18.68 | 477 | < .001***
PUI.PUI3                 |                 TKR.TKR1 |  0.25 | [ 0.16,  0.33] |  5.65 | 477 | < .001***
PUI.PUI3                 |                 TKR.TKR2 |  0.33 | [ 0.24,  0.41] |  7.57 | 477 | < .001***
PUI.PUI3                 |                 TKR.TKR3 |  0.39 | [ 0.31,  0.46] |  9.18 | 477 | < .001***
PUI.PUI3                 |                 TKR.TKR4 |  0.21 | [ 0.12,  0.29] |  4.70 | 477 | 0.020*   
PUI.PUI3                 |                 WEI.WEI1 |  0.47 | [ 0.40,  0.54] | 11.72 | 477 | < .001***
PUI.PUI3                 |                 WEI.WEI2 |  0.52 | [ 0.45,  0.58] | 13.37 | 477 | < .001***
PUI.PUI3                 |                 WEI.WEI3 |  0.46 | [ 0.39,  0.53] | 11.29 | 477 | < .001***
PUI.PUI3                 |                 WEI.WEI4 |  0.47 | [ 0.39,  0.53] | 11.52 | 477 | < .001***
PUI.PUI3                 |                 WEI.WEI5 |  0.48 | [ 0.41,  0.55] | 12.03 | 477 | < .001***
PUI.PUI3                 |                 WEI.WEI6 |  0.47 | [ 0.40,  0.54] | 11.62 | 477 | < .001***
PUI.PUI3                 |                 WEI.WEI7 |  0.43 | [ 0.35,  0.50] | 10.27 | 477 | < .001***
PUI.PUI3                 |                 WEI.WEI8 |  0.52 | [ 0.45,  0.58] | 13.22 | 477 | < .001***
PUI.PUI3                 |       PERCEPTION.PROJPOS |  0.28 | [ 0.19,  0.36] |  6.33 | 476 | < .001***
PUI.PUI3                 |         PERCEPTION.DTPOS |  0.27 | [ 0.18,  0.35] |  6.01 | 475 | < .001***
PUI.PUI3                 |            WORKPACE.SQ01 |  0.29 | [ 0.20,  0.37] |  6.59 | 475 | < .001***
PUI.PUI3                 |                 AUTONOMY |  0.22 | [ 0.13,  0.30] |  4.88 | 475 | 0.008**  
PUI.PUI4                 |                 PUI.PUI5 |  0.58 | [ 0.52,  0.64] | 15.55 | 477 | < .001***
PUI.PUI4                 |                 PUI.PUI6 |  0.33 | [ 0.25,  0.41] |  7.71 | 477 | < .001***
PUI.PUI4                 |                 PUI.PUI7 |  0.57 | [ 0.51,  0.63] | 15.12 | 477 | < .001***
PUI.PUI4                 |                 PUI.PUI8 |  0.62 | [ 0.56,  0.67] | 17.28 | 477 | < .001***
PUI.PUI4                 |                 TKR.TKR1 |  0.26 | [ 0.18,  0.35] |  6.00 | 477 | < .001***
PUI.PUI4                 |                 TKR.TKR2 |  0.29 | [ 0.20,  0.37] |  6.54 | 477 | < .001***
PUI.PUI4                 |                 TKR.TKR3 |  0.37 | [ 0.29,  0.44] |  8.61 | 477 | < .001***
PUI.PUI4                 |                 TKR.TKR4 |  0.26 | [ 0.17,  0.34] |  5.76 | 477 | < .001***
PUI.PUI4                 |                 WEI.WEI1 |  0.48 | [ 0.40,  0.54] | 11.85 | 477 | < .001***
PUI.PUI4                 |                 WEI.WEI2 |  0.53 | [ 0.46,  0.59] | 13.53 | 477 | < .001***
PUI.PUI4                 |                 WEI.WEI3 |  0.47 | [ 0.40,  0.54] | 11.57 | 477 | < .001***
PUI.PUI4                 |                 WEI.WEI4 |  0.48 | [ 0.41,  0.55] | 12.04 | 477 | < .001***
PUI.PUI4                 |                 WEI.WEI5 |  0.47 | [ 0.40,  0.54] | 11.79 | 477 | < .001***
PUI.PUI4                 |                 WEI.WEI6 |  0.42 | [ 0.35,  0.49] | 10.21 | 477 | < .001***
PUI.PUI4                 |                 WEI.WEI7 |  0.47 | [ 0.40,  0.54] | 11.58 | 477 | < .001***
PUI.PUI4                 |                 WEI.WEI8 |  0.48 | [ 0.40,  0.54] | 11.79 | 477 | < .001***
PUI.PUI4                 |       PERCEPTION.PROJPOS |  0.29 | [ 0.20,  0.37] |  6.59 | 476 | < .001***
PUI.PUI4                 |         PERCEPTION.DTPOS |  0.28 | [ 0.19,  0.36] |  6.28 | 475 | < .001***
PUI.PUI4                 |            WORKPACE.SQ01 |  0.30 | [ 0.22,  0.38] |  6.95 | 475 | < .001***
PUI.PUI4                 |                 AUTONOMY |  0.22 | [ 0.13,  0.30] |  4.84 | 475 | 0.010*   
PUI.PUI5                 |                 PUI.PUI6 |  0.39 | [ 0.31,  0.46] |  9.29 | 477 | < .001***
PUI.PUI5                 |                 PUI.PUI7 |  0.66 | [ 0.61,  0.71] | 19.44 | 477 | < .001***
PUI.PUI5                 |                 PUI.PUI8 |  0.62 | [ 0.56,  0.67] | 17.32 | 477 | < .001***
PUI.PUI5                 |                 TKR.TKR1 |  0.28 | [ 0.19,  0.36] |  6.35 | 477 | < .001***
PUI.PUI5                 |                 TKR.TKR2 |  0.33 | [ 0.24,  0.41] |  7.57 | 477 | < .001***
PUI.PUI5                 |                 TKR.TKR3 |  0.41 | [ 0.33,  0.48] |  9.84 | 477 | < .001***
PUI.PUI5                 |                 TKR.TKR4 |  0.27 | [ 0.19,  0.35] |  6.16 | 477 | < .001***
PUI.PUI5                 |                 WEI.WEI1 |  0.52 | [ 0.45,  0.58] | 13.22 | 477 | < .001***
PUI.PUI5                 |                 WEI.WEI2 |  0.60 | [ 0.54,  0.65] | 16.38 | 477 | < .001***
PUI.PUI5                 |                 WEI.WEI3 |  0.45 | [ 0.38,  0.52] | 11.08 | 477 | < .001***
PUI.PUI5                 |                 WEI.WEI4 |  0.54 | [ 0.48,  0.60] | 14.11 | 477 | < .001***
PUI.PUI5                 |                 WEI.WEI5 |  0.51 | [ 0.44,  0.57] | 12.88 | 477 | < .001***
PUI.PUI5                 |                 WEI.WEI6 |  0.46 | [ 0.39,  0.53] | 11.45 | 477 | < .001***
PUI.PUI5                 |                 WEI.WEI7 |  0.48 | [ 0.41,  0.54] | 11.90 | 477 | < .001***
PUI.PUI5                 |                 WEI.WEI8 |  0.49 | [ 0.42,  0.56] | 12.31 | 477 | < .001***
PUI.PUI5                 |       PERCEPTION.PROJPOS |  0.28 | [ 0.20,  0.36] |  6.45 | 476 | < .001***
PUI.PUI5                 |         PERCEPTION.DTPOS |  0.21 | [ 0.13,  0.30] |  4.74 | 475 | 0.016*   
PUI.PUI5                 |            WORKPACE.SQ01 |  0.32 | [ 0.24,  0.40] |  7.39 | 475 | < .001***
PUI.PUI5                 |                 AUTONOMY |  0.24 | [ 0.15,  0.32] |  5.42 | 475 | < .001***
PUI.PUI5                 |                MEASURES2 |  0.33 | [ 0.22,  0.44] |  5.57 | 248 | < .001***
PUI.PUI6                 |                 PUI.PUI7 |  0.43 | [ 0.35,  0.50] | 10.33 | 477 | < .001***
PUI.PUI6                 |                 PUI.PUI8 |  0.33 | [ 0.25,  0.41] |  7.72 | 477 | < .001***
PUI.PUI6                 |                 TKR.TKR1 |  0.36 | [ 0.28,  0.43] |  8.39 | 477 | < .001***
PUI.PUI6                 |                 TKR.TKR2 |  0.36 | [ 0.28,  0.44] |  8.41 | 477 | < .001***
PUI.PUI6                 |                 TKR.TKR3 |  0.38 | [ 0.30,  0.46] |  9.00 | 477 | < .001***
PUI.PUI6                 |                 TKR.TKR4 |  0.36 | [ 0.28,  0.44] |  8.49 | 477 | < .001***
PUI.PUI6                 |                 WEI.WEI1 |  0.37 | [ 0.29,  0.44] |  8.67 | 477 | < .001***
PUI.PUI6                 |                 WEI.WEI2 |  0.39 | [ 0.31,  0.46] |  9.13 | 477 | < .001***
PUI.PUI6                 |                 WEI.WEI3 |  0.40 | [ 0.32,  0.47] |  9.53 | 477 | < .001***
PUI.PUI6                 |                 WEI.WEI4 |  0.40 | [ 0.32,  0.47] |  9.53 | 477 | < .001***
PUI.PUI6                 |                 WEI.WEI5 |  0.49 | [ 0.42,  0.55] | 12.17 | 477 | < .001***
PUI.PUI6                 |                 WEI.WEI6 |  0.37 | [ 0.29,  0.44] |  8.69 | 477 | < .001***
PUI.PUI6                 |                 WEI.WEI7 |  0.47 | [ 0.40,  0.54] | 11.63 | 477 | < .001***
PUI.PUI6                 |                 WEI.WEI8 |  0.48 | [ 0.41,  0.55] | 12.08 | 477 | < .001***
PUI.PUI6                 |            WORKPACE.SQ01 |  0.27 | [ 0.19,  0.35] |  6.17 | 475 | < .001***
PUI.PUI6                 |                 AUTONOMY |  0.22 | [ 0.14,  0.31] |  4.99 | 475 | 0.005**  
PUI.PUI6                 |                 MEASURES |  0.30 | [ 0.22,  0.38] |  6.96 | 477 | < .001***
PUI.PUI6                 |                MEASURES2 |  0.30 | [ 0.19,  0.41] |  5.00 | 248 | 0.006**  
PUI.PUI7                 |                 PUI.PUI8 |  0.62 | [ 0.56,  0.67] | 17.14 | 477 | < .001***
PUI.PUI7                 |                 TKR.TKR1 |  0.28 | [ 0.19,  0.36] |  6.28 | 477 | < .001***
PUI.PUI7                 |                 TKR.TKR2 |  0.34 | [ 0.26,  0.42] |  7.95 | 477 | < .001***
PUI.PUI7                 |                 TKR.TKR3 |  0.39 | [ 0.31,  0.46] |  9.24 | 477 | < .001***
PUI.PUI7                 |                 TKR.TKR4 |  0.26 | [ 0.17,  0.34] |  5.87 | 477 | < .001***
PUI.PUI7                 |                 WEI.WEI1 |  0.50 | [ 0.43,  0.56] | 12.53 | 477 | < .001***
PUI.PUI7                 |                 WEI.WEI2 |  0.57 | [ 0.51,  0.63] | 15.22 | 477 | < .001***
PUI.PUI7                 |                 WEI.WEI3 |  0.51 | [ 0.44,  0.57] | 13.01 | 477 | < .001***
PUI.PUI7                 |                 WEI.WEI4 |  0.56 | [ 0.50,  0.62] | 14.82 | 477 | < .001***
PUI.PUI7                 |                 WEI.WEI5 |  0.50 | [ 0.43,  0.56] | 12.54 | 477 | < .001***
PUI.PUI7                 |                 WEI.WEI6 |  0.44 | [ 0.37,  0.51] | 10.77 | 477 | < .001***
PUI.PUI7                 |                 WEI.WEI7 |  0.53 | [ 0.46,  0.59] | 13.59 | 477 | < .001***
PUI.PUI7                 |                 WEI.WEI8 |  0.49 | [ 0.42,  0.56] | 12.38 | 477 | < .001***
PUI.PUI7                 |       PERCEPTION.PROJPOS |  0.31 | [ 0.23,  0.39] |  7.18 | 476 | < .001***
PUI.PUI7                 |         PERCEPTION.DTPOS |  0.23 | [ 0.14,  0.31] |  5.17 | 475 | 0.002**  
PUI.PUI7                 |            WORKPACE.SQ01 |  0.28 | [ 0.20,  0.36] |  6.41 | 475 | < .001***
PUI.PUI7                 |                 AUTONOMY |  0.25 | [ 0.17,  0.33] |  5.68 | 475 | < .001***
PUI.PUI8                 |                 TKR.TKR1 |  0.26 | [ 0.17,  0.34] |  5.80 | 477 | < .001***
PUI.PUI8                 |                 TKR.TKR2 |  0.26 | [ 0.17,  0.34] |  5.78 | 477 | < .001***
PUI.PUI8                 |                 TKR.TKR3 |  0.37 | [ 0.29,  0.45] |  8.82 | 477 | < .001***
PUI.PUI8                 |                 TKR.TKR4 |  0.21 | [ 0.12,  0.29] |  4.67 | 477 | 0.023*   
PUI.PUI8                 |                 WEI.WEI1 |  0.54 | [ 0.47,  0.60] | 13.95 | 477 | < .001***
PUI.PUI8                 |                 WEI.WEI2 |  0.53 | [ 0.46,  0.59] | 13.73 | 477 | < .001***
PUI.PUI8                 |                 WEI.WEI3 |  0.44 | [ 0.37,  0.51] | 10.83 | 477 | < .001***
PUI.PUI8                 |                 WEI.WEI4 |  0.52 | [ 0.45,  0.58] | 13.13 | 477 | < .001***
PUI.PUI8                 |                 WEI.WEI5 |  0.46 | [ 0.38,  0.53] | 11.23 | 477 | < .001***
PUI.PUI8                 |                 WEI.WEI6 |  0.41 | [ 0.33,  0.48] |  9.71 | 477 | < .001***
PUI.PUI8                 |                 WEI.WEI7 |  0.44 | [ 0.37,  0.51] | 10.84 | 477 | < .001***
PUI.PUI8                 |                 WEI.WEI8 |  0.46 | [ 0.39,  0.53] | 11.39 | 477 | < .001***
PUI.PUI8                 |       PERCEPTION.PROJPOS |  0.30 | [ 0.22,  0.38] |  6.93 | 476 | < .001***
PUI.PUI8                 |         PERCEPTION.DTPOS |  0.26 | [ 0.18,  0.35] |  5.97 | 475 | < .001***
PUI.PUI8                 |            WORKPACE.SQ01 |  0.31 | [ 0.23,  0.39] |  7.10 | 475 | < .001***
TKR.TKR1                 |                 TKR.TKR2 |  0.65 | [ 0.60,  0.70] | 18.91 | 477 | < .001***
TKR.TKR1                 |                 TKR.TKR3 |  0.57 | [ 0.50,  0.63] | 15.04 | 477 | < .001***
TKR.TKR1                 |                 TKR.TKR4 |  0.61 | [ 0.55,  0.67] | 16.99 | 477 | < .001***
TKR.TKR1                 |                 WEI.WEI1 |  0.33 | [ 0.24,  0.40] |  7.51 | 477 | < .001***
TKR.TKR1                 |                 WEI.WEI2 |  0.28 | [ 0.19,  0.36] |  6.35 | 477 | < .001***
TKR.TKR1                 |                 WEI.WEI3 |  0.29 | [ 0.21,  0.37] |  6.70 | 477 | < .001***
TKR.TKR1                 |                 WEI.WEI4 |  0.26 | [ 0.17,  0.34] |  5.89 | 477 | < .001***
TKR.TKR1                 |                 WEI.WEI5 |  0.39 | [ 0.31,  0.46] |  9.12 | 477 | < .001***
TKR.TKR1                 |                 WEI.WEI6 |  0.26 | [ 0.18,  0.34] |  5.92 | 477 | < .001***
TKR.TKR1                 |                 WEI.WEI7 |  0.38 | [ 0.30,  0.45] |  8.95 | 477 | < .001***
TKR.TKR1                 |                 WEI.WEI8 |  0.35 | [ 0.27,  0.43] |  8.19 | 477 | < .001***
TKR.TKR1                 |            WORKPACE.SQ01 |  0.20 | [ 0.12,  0.29] |  4.52 | 475 | 0.045*   
TKR.TKR1                 |                 MEASURES |  0.22 | [ 0.14,  0.31] |  5.02 | 477 | 0.004**  
TKR.TKR1                 |                  WEITime | -0.21 | [-0.30, -0.12] | -4.72 | 477 | 0.018*   
TKR.TKR2                 |                 TKR.TKR3 |  0.63 | [ 0.57,  0.68] | 17.57 | 477 | < .001***
TKR.TKR2                 |                 TKR.TKR4 |  0.58 | [ 0.52,  0.64] | 15.59 | 477 | < .001***
TKR.TKR2                 |                 WEI.WEI1 |  0.32 | [ 0.24,  0.40] |  7.45 | 477 | < .001***
TKR.TKR2                 |                 WEI.WEI2 |  0.35 | [ 0.27,  0.42] |  8.07 | 477 | < .001***
TKR.TKR2                 |                 WEI.WEI3 |  0.30 | [ 0.22,  0.38] |  6.98 | 477 | < .001***
TKR.TKR2                 |                 WEI.WEI4 |  0.34 | [ 0.25,  0.41] |  7.78 | 477 | < .001***
TKR.TKR2                 |                 WEI.WEI5 |  0.44 | [ 0.36,  0.51] | 10.63 | 477 | < .001***
TKR.TKR2                 |                 WEI.WEI6 |  0.35 | [ 0.27,  0.43] |  8.19 | 477 | < .001***
TKR.TKR2                 |                 WEI.WEI7 |  0.37 | [ 0.29,  0.44] |  8.58 | 477 | < .001***
TKR.TKR2                 |                 WEI.WEI8 |  0.38 | [ 0.30,  0.46] |  9.08 | 477 | < .001***
TKR.TKR2                 |            WORKPACE.SQ01 |  0.28 | [ 0.20,  0.36] |  6.40 | 475 | < .001***
TKR.TKR2                 |                 AUTONOMY |  0.22 | [ 0.14,  0.31] |  4.96 | 475 | 0.006**  
TKR.TKR2                 |                 MEASURES |  0.25 | [ 0.16,  0.33] |  5.55 | 477 | < .001***
TKR.TKR3                 |                 TKR.TKR4 |  0.56 | [ 0.49,  0.62] | 14.62 | 477 | < .001***
TKR.TKR3                 |                 WEI.WEI1 |  0.37 | [ 0.29,  0.45] |  8.75 | 477 | < .001***
TKR.TKR3                 |                 WEI.WEI2 |  0.39 | [ 0.31,  0.46] |  9.17 | 477 | < .001***
TKR.TKR3                 |                 WEI.WEI3 |  0.35 | [ 0.27,  0.43] |  8.14 | 477 | < .001***
TKR.TKR3                 |                 WEI.WEI4 |  0.36 | [ 0.28,  0.44] |  8.49 | 477 | < .001***
TKR.TKR3                 |                 WEI.WEI5 |  0.48 | [ 0.41,  0.55] | 11.95 | 477 | < .001***
TKR.TKR3                 |                 WEI.WEI6 |  0.37 | [ 0.29,  0.44] |  8.70 | 477 | < .001***
TKR.TKR3                 |                 WEI.WEI7 |  0.42 | [ 0.34,  0.49] | 10.00 | 477 | < .001***
TKR.TKR3                 |                 WEI.WEI8 |  0.44 | [ 0.36,  0.51] | 10.64 | 477 | < .001***
TKR.TKR3                 |            WORKPACE.SQ01 |  0.28 | [ 0.19,  0.36] |  6.31 | 475 | < .001***
TKR.TKR4                 |                 WEI.WEI1 |  0.27 | [ 0.19,  0.35] |  6.13 | 477 | < .001***
TKR.TKR4                 |                 WEI.WEI2 |  0.26 | [ 0.17,  0.34] |  5.85 | 477 | < .001***
TKR.TKR4                 |                 WEI.WEI3 |  0.28 | [ 0.20,  0.36] |  6.42 | 477 | < .001***
TKR.TKR4                 |                 WEI.WEI4 |  0.24 | [ 0.16,  0.32] |  5.44 | 477 | < .001***
TKR.TKR4                 |                 WEI.WEI5 |  0.41 | [ 0.33,  0.48] |  9.70 | 477 | < .001***
TKR.TKR4                 |                 WEI.WEI6 |  0.32 | [ 0.24,  0.40] |  7.38 | 477 | < .001***
TKR.TKR4                 |                 WEI.WEI7 |  0.40 | [ 0.32,  0.47] |  9.49 | 477 | < .001***
TKR.TKR4                 |                 WEI.WEI8 |  0.37 | [ 0.29,  0.44] |  8.61 | 477 | < .001***
TKR.TKR4                 |            WORKPACE.SQ01 |  0.20 | [ 0.12,  0.29] |  4.54 | 475 | 0.041*   
TKR.TKR4                 |                MEASURES2 |  0.29 | [ 0.17,  0.40] |  4.76 | 248 | 0.019*   
WEI.WEI1                 |                 WEI.WEI2 |  0.59 | [ 0.53,  0.65] | 16.13 | 477 | < .001***
WEI.WEI1                 |                 WEI.WEI3 |  0.53 | [ 0.46,  0.59] | 13.50 | 477 | < .001***
WEI.WEI1                 |                 WEI.WEI4 |  0.65 | [ 0.59,  0.70] | 18.49 | 477 | < .001***
WEI.WEI1                 |                 WEI.WEI5 |  0.51 | [ 0.44,  0.57] | 12.96 | 477 | < .001***
WEI.WEI1                 |                 WEI.WEI6 |  0.53 | [ 0.46,  0.59] | 13.73 | 477 | < .001***
WEI.WEI1                 |                 WEI.WEI7 |  0.52 | [ 0.45,  0.58] | 13.22 | 477 | < .001***
WEI.WEI1                 |                 WEI.WEI8 |  0.53 | [ 0.46,  0.59] | 13.64 | 477 | < .001***
WEI.WEI1                 |            WORKPACE.SQ01 |  0.28 | [ 0.20,  0.36] |  6.42 | 475 | < .001***
WEI.WEI1                 |                 AUTONOMY |  0.25 | [ 0.16,  0.33] |  5.60 | 475 | < .001***
WEI.WEI2                 |                 WEI.WEI3 |  0.52 | [ 0.46,  0.59] | 13.47 | 477 | < .001***
WEI.WEI2                 |                 WEI.WEI4 |  0.55 | [ 0.49,  0.61] | 14.55 | 477 | < .001***
WEI.WEI2                 |                 WEI.WEI5 |  0.55 | [ 0.48,  0.61] | 14.27 | 477 | < .001***
WEI.WEI2                 |                 WEI.WEI6 |  0.50 | [ 0.44,  0.57] | 12.78 | 477 | < .001***
WEI.WEI2                 |                 WEI.WEI7 |  0.50 | [ 0.43,  0.57] | 12.75 | 477 | < .001***
WEI.WEI2                 |                 WEI.WEI8 |  0.57 | [ 0.51,  0.63] | 15.16 | 477 | < .001***
WEI.WEI2                 |       PERCEPTION.PROJPOS |  0.25 | [ 0.16,  0.33] |  5.62 | 476 | < .001***
WEI.WEI2                 |            WORKPACE.SQ01 |  0.30 | [ 0.21,  0.37] |  6.73 | 475 | < .001***
WEI.WEI2                 |                 AUTONOMY |  0.29 | [ 0.20,  0.37] |  6.50 | 475 | < .001***
WEI.WEI2                 |                MEASURES2 |  0.28 | [ 0.16,  0.39] |  4.57 | 248 | 0.043*   
WEI.WEI3                 |                 WEI.WEI4 |  0.59 | [ 0.53,  0.65] | 16.06 | 477 | < .001***
WEI.WEI3                 |                 WEI.WEI5 |  0.56 | [ 0.50,  0.62] | 14.94 | 477 | < .001***
WEI.WEI3                 |                 WEI.WEI6 |  0.52 | [ 0.45,  0.58] | 13.30 | 477 | < .001***
WEI.WEI3                 |                 WEI.WEI7 |  0.56 | [ 0.49,  0.61] | 14.59 | 477 | < .001***
WEI.WEI3                 |                 WEI.WEI8 |  0.60 | [ 0.54,  0.66] | 16.53 | 477 | < .001***
WEI.WEI3                 |            WORKPACE.SQ01 |  0.27 | [ 0.19,  0.36] |  6.23 | 475 | < .001***
WEI.WEI3                 |                 AUTONOMY |  0.24 | [ 0.15,  0.32] |  5.38 | 475 | < .001***
WEI.WEI3                 |                MEASURES2 |  0.31 | [ 0.19,  0.42] |  5.14 | 248 | 0.003**  
WEI.WEI4                 |                 WEI.WEI5 |  0.54 | [ 0.47,  0.60] | 13.89 | 477 | < .001***
WEI.WEI4                 |                 WEI.WEI6 |  0.52 | [ 0.45,  0.58] | 13.29 | 477 | < .001***
WEI.WEI4                 |                 WEI.WEI7 |  0.55 | [ 0.48,  0.61] | 14.32 | 477 | < .001***
WEI.WEI4                 |                 WEI.WEI8 |  0.57 | [ 0.51,  0.63] | 15.25 | 477 | < .001***
WEI.WEI4                 |       PERCEPTION.PROJPOS |  0.22 | [ 0.14,  0.31] |  5.02 | 476 | 0.004**  
WEI.WEI4                 |            WORKPACE.SQ01 |  0.33 | [ 0.24,  0.40] |  7.50 | 475 | < .001***
WEI.WEI5                 |                 WEI.WEI6 |  0.56 | [ 0.50,  0.62] | 14.85 | 477 | < .001***
WEI.WEI5                 |                 WEI.WEI7 |  0.65 | [ 0.60,  0.70] | 18.75 | 477 | < .001***
WEI.WEI5                 |                 WEI.WEI8 |  0.66 | [ 0.60,  0.71] | 19.10 | 477 | < .001***
WEI.WEI5                 |            WORKPACE.SQ01 |  0.29 | [ 0.20,  0.37] |  6.56 | 475 | < .001***
WEI.WEI5                 |                 AUTONOMY |  0.23 | [ 0.14,  0.31] |  5.12 | 475 | 0.003**  
WEI.WEI5                 |                MEASURES2 |  0.33 | [ 0.22,  0.44] |  5.59 | 248 | < .001***
WEI.WEI6                 |                 WEI.WEI7 |  0.55 | [ 0.48,  0.61] | 14.29 | 477 | < .001***
WEI.WEI6                 |                 WEI.WEI8 |  0.59 | [ 0.53,  0.64] | 15.85 | 477 | < .001***
WEI.WEI6                 |            WORKPACE.SQ01 |  0.29 | [ 0.21,  0.37] |  6.72 | 475 | < .001***
WEI.WEI6                 |                MEASURES2 |  0.29 | [ 0.17,  0.40] |  4.71 | 248 | 0.024*   
WEI.WEI7                 |                 WEI.WEI8 |  0.59 | [ 0.52,  0.64] | 15.82 | 477 | < .001***
WEI.WEI7                 |            WORKPACE.SQ01 |  0.30 | [ 0.22,  0.38] |  6.88 | 475 | < .001***
WEI.WEI7                 |                 AUTONOMY |  0.23 | [ 0.14,  0.31] |  5.08 | 475 | 0.003**  
WEI.WEI7                 |                 MEASURES |  0.22 | [ 0.13,  0.30] |  4.87 | 477 | 0.009**  
WEI.WEI8                 |            WORKPACE.SQ01 |  0.29 | [ 0.21,  0.37] |  6.70 | 475 | < .001***
PERCEPTION.PROJPOS       |         PERCEPTION.DTPOS |  0.70 | [ 0.65,  0.74] | 21.45 | 474 | < .001***
PERCEPTION.PROJPOS       |                      Age |  0.21 | [ 0.12,  0.29] |  4.59 | 475 | 0.033*   
PERCEPTION.PROJPOS       |                  WEITime |  0.23 | [ 0.14,  0.31] |  5.06 | 476 | 0.004**  
PERCEPTION.PROJPOS       |             PARALLELTime |  0.22 | [ 0.14,  0.31] |  4.98 | 476 | 0.005**  
PERCEPTION.PROJNEG       |         PERCEPTION.DTPOS |  0.23 | [ 0.15,  0.32] |  5.23 | 474 | 0.002**  
PERCEPTION.PROJNEG       |         PERCEPTION.DTNEG |  0.68 | [ 0.63,  0.73] | 20.36 | 475 | < .001***
PERCEPTION.DTPOS         |         PERCEPTION.DTNEG |  0.23 | [ 0.14,  0.31] |  5.10 | 473 | 0.003**  
PERCEPTION.DTPOS         |                  WEITime |  0.21 | [ 0.13,  0.30] |  4.75 | 475 | 0.016*   
WORKAMOUNT               |                 PARALLEL |  0.28 | [ 0.20,  0.37] |  6.26 | 447 | < .001***
WORKAMOUNT               |                 WORKLOAD |  0.46 | [ 0.39,  0.53] | 11.09 | 446 | < .001***
PARALLEL                 |                 WORKLOAD |  0.31 | [ 0.22,  0.39] |  6.93 | 452 | < .001***
PARALLEL                 |                MEASURES2 |  0.29 | [ 0.17,  0.40] |  4.65 | 236 | 0.032*   
interviewtime            |                 WELCTime |  0.28 | [ 0.20,  0.36] |  6.43 | 477 | < .001***
interviewtime            |                 DESCTime |  0.47 | [ 0.40,  0.54] | 11.75 | 477 | < .001***
interviewtime            |                  IMGTime |  0.30 | [ 0.22,  0.38] |  6.95 | 477 | < .001***
interviewtime            |                 PEOUTime |  0.33 | [ 0.25,  0.41] |  7.61 | 477 | < .001***
interviewtime            |                  VISTime |  0.43 | [ 0.36,  0.50] | 10.44 | 477 | < .001***
interviewtime            |                  VOITime |  0.25 | [ 0.17,  0.33] |  5.69 | 477 | < .001***
interviewtime            |                  PUATime |  0.62 | [ 0.56,  0.67] | 17.11 | 477 | < .001***
interviewtime            |                  RESTime |  0.34 | [ 0.26,  0.41] |  7.83 | 477 | < .001***
interviewtime            |                  SQRTime |  0.27 | [ 0.19,  0.35] |  6.20 | 477 | < .001***
interviewtime            |                   SRTime |  0.35 | [ 0.27,  0.43] |  8.24 | 477 | < .001***
interviewtime            |                   LSTime |  0.47 | [ 0.40,  0.54] | 11.75 | 477 | < .001***
interviewtime            |                  PPCTime |  0.36 | [ 0.28,  0.44] |  8.53 | 477 | < .001***
interviewtime            |                   PSTime |  0.60 | [ 0.54,  0.65] | 16.28 | 477 | < .001***
interviewtime            |                   PUTime |  0.57 | [ 0.51,  0.63] | 15.30 | 477 | < .001***
interviewtime            |                  TKRTime |  0.44 | [ 0.36,  0.51] | 10.56 | 477 | < .001***
interviewtime            |                  WEITime |  0.49 | [ 0.42,  0.55] | 12.25 | 477 | < .001***
interviewtime            |           PERCEPTIONTime |  0.39 | [ 0.32,  0.47] |  9.37 | 477 | < .001***
interviewtime            |             WORKPACETime |  0.24 | [ 0.15,  0.32] |  5.32 | 477 | < .001***
interviewtime            |             AUTONOMYTime |  0.24 | [ 0.15,  0.32] |  5.43 | 477 | < .001***
interviewtime            |             PARALLELTime |  0.37 | [ 0.29,  0.44] |  8.59 | 477 | < .001***
interviewtime            |             MEASURESTime |  0.44 | [ 0.36,  0.51] | 10.67 | 477 | < .001***
interviewtime            |            MEASURES2Time |  0.48 | [ 0.38,  0.57] |  8.75 | 250 | < .001***
interviewtime            |         DIGICHALSPECTime |  0.59 | [ 0.52,  0.64] | 15.82 | 477 | < .001***
interviewtime            |          DIGIBENSPECTime |  0.46 | [ 0.39,  0.53] | 11.28 | 477 | < .001***
interviewtime            |          DIGICHALGENTime |  0.49 | [ 0.42,  0.55] | 12.23 | 477 | < .001***
interviewtime            |           DIGIBENGENTime |  0.42 | [ 0.34,  0.49] | 10.05 | 477 | < .001***
interviewtime            |            EducationTime |  0.21 | [ 0.12,  0.29] |  4.69 | 477 | 0.021*   
interviewtime            | ExperienceHealthcareTime |  0.23 | [ 0.14,  0.31] |  5.11 | 477 | 0.003**  
WELCTime                 |                  VISTime |  0.22 | [ 0.13,  0.30] |  4.92 | 477 | 0.007**  
DESCTime                 |                  PUATime |  0.32 | [ 0.24,  0.40] |  7.47 | 477 | < .001***
DESCTime                 |                   LSTime |  0.31 | [ 0.23,  0.39] |  7.24 | 477 | < .001***
DESCTime                 |                   PUTime |  0.20 | [ 0.12,  0.29] |  4.52 | 477 | 0.046*   
DESCTime                 |         DIGICHALSPECTime |  0.21 | [ 0.12,  0.30] |  4.74 | 477 | 0.017*   
DESCTime                 |          DIGIBENSPECTime |  0.40 | [ 0.32,  0.47] |  9.58 | 477 | < .001***
DESCINFOTime             |                 PEOUTime |  0.34 | [ 0.26,  0.42] |  7.99 | 477 | < .001***
IMGTime                  |                   SRTime |  0.24 | [ 0.15,  0.32] |  5.29 | 477 | 0.001**  
PEOUTime                 |                   SRTime |  0.40 | [ 0.32,  0.47] |  9.41 | 477 | < .001***
VISTime                  |                  RESTime |  0.27 | [ 0.19,  0.35] |  6.20 | 477 | < .001***
VISTime                  |                  PPCTime |  0.24 | [ 0.15,  0.32] |  5.41 | 477 | < .001***
VISTime                  |                   PUTime |  0.22 | [ 0.14,  0.31] |  5.00 | 477 | 0.005**  
VISTime                  |                  TKRTime |  0.25 | [ 0.16,  0.33] |  5.57 | 477 | < .001***
VISTime                  |                  WEITime |  0.25 | [ 0.16,  0.33] |  5.56 | 477 | < .001***
VISTime                  |         DIGICHALSPECTime |  0.33 | [ 0.24,  0.40] |  7.56 | 477 | < .001***
PUATime                  |                  RESTime |  0.25 | [ 0.16,  0.33] |  5.66 | 477 | < .001***
PUATime                  |                   LSTime |  0.47 | [ 0.39,  0.53] | 11.50 | 477 | < .001***
PUATime                  |                  PPCTime |  0.22 | [ 0.14,  0.31] |  5.01 | 477 | 0.004**  
PUATime                  |                   PSTime |  0.53 | [ 0.46,  0.59] | 13.65 | 477 | < .001***
PUATime                  |                   PUTime |  0.58 | [ 0.52,  0.64] | 15.54 | 477 | < .001***
PUATime                  |                  WEITime |  0.36 | [ 0.28,  0.44] |  8.46 | 477 | < .001***
PUATime                  |           PERCEPTIONTime |  0.24 | [ 0.15,  0.32] |  5.29 | 477 | 0.001**  
PUATime                  |             PARALLELTime |  0.31 | [ 0.23,  0.39] |  7.10 | 477 | < .001***
PUATime                  |             MEASURESTime |  0.39 | [ 0.32,  0.47] |  9.35 | 477 | < .001***
PUATime                  |            MEASURES2Time |  0.43 | [ 0.33,  0.53] |  7.61 | 250 | < .001***
PUATime                  |         DIGICHALSPECTime |  0.43 | [ 0.36,  0.50] | 10.49 | 477 | < .001***
PUATime                  |          DIGIBENSPECTime |  0.22 | [ 0.13,  0.30] |  4.84 | 477 | 0.010*   
PUATime                  |          DIGICHALGENTime |  0.30 | [ 0.21,  0.38] |  6.76 | 477 | < .001***
PUATime                  | ExperienceHealthcareTime |  0.20 | [ 0.12,  0.29] |  4.53 | 477 | 0.044*   
RESTime                  |                   PUTime |  0.23 | [ 0.14,  0.31] |  5.05 | 477 | 0.004**  
SRTime                   |                  TKRTime |  0.23 | [ 0.14,  0.31] |  5.18 | 477 | 0.002**  
SRTime                   |          DIGIBENSPECTime |  0.21 | [ 0.12,  0.30] |  4.74 | 477 | 0.016*   
LSTime                   |                   PSTime |  0.25 | [ 0.16,  0.33] |  5.56 | 477 | < .001***
LSTime                   |                   PUTime |  0.38 | [ 0.30,  0.46] |  9.06 | 477 | < .001***
LSTime                   |           PERCEPTIONTime |  0.21 | [ 0.12,  0.29] |  4.58 | 477 | 0.034*   
LSTime                   |             PARALLELTime |  0.22 | [ 0.13,  0.30] |  4.84 | 477 | 0.010*   
LSTime                   |          DIGIBENSPECTime |  0.24 | [ 0.16,  0.33] |  5.51 | 477 | < .001***
LSTime                   |            EducationTime |  0.27 | [ 0.19,  0.35] |  6.19 | 477 | < .001***
PPCTime                  |                   PUTime |  0.24 | [ 0.16,  0.33] |  5.48 | 477 | < .001***
PPCTime                  |         DIGICHALSPECTime |  0.30 | [ 0.22,  0.38] |  6.91 | 477 | < .001***
PPCTime                  |           DIGIBENGENTime |  0.25 | [ 0.16,  0.33] |  5.65 | 477 | < .001***
PSTime                   |                   PUTime |  0.59 | [ 0.53,  0.64] | 15.91 | 477 | < .001***
PSTime                   |                  WEITime |  0.43 | [ 0.36,  0.50] | 10.53 | 477 | < .001***
PSTime                   |             MEASURESTime |  0.70 | [ 0.66,  0.75] | 21.63 | 477 | < .001***
PSTime                   |            MEASURES2Time |  0.47 | [ 0.37,  0.56] |  8.49 | 250 | < .001***
PSTime                   |         DIGICHALSPECTime |  0.49 | [ 0.42,  0.55] | 12.17 | 477 | < .001***
PSTime                   |          DIGICHALGENTime |  0.67 | [ 0.61,  0.71] | 19.52 | 477 | < .001***
PSTime                   |           DIGIBENGENTime |  0.40 | [ 0.32,  0.47] |  9.57 | 477 | < .001***
PUTime                   |                  WEITime |  0.37 | [ 0.28,  0.44] |  8.56 | 477 | < .001***
PUTime                   |           PERCEPTIONTime |  0.33 | [ 0.25,  0.41] |  7.65 | 477 | < .001***
PUTime                   |             PARALLELTime |  0.24 | [ 0.15,  0.32] |  5.31 | 477 | 0.001**  
PUTime                   |             MEASURESTime |  0.31 | [ 0.23,  0.39] |  7.19 | 477 | < .001***
PUTime                   |            MEASURES2Time |  0.29 | [ 0.17,  0.40] |  4.76 | 250 | 0.019*   
PUTime                   |         DIGICHALSPECTime |  0.37 | [ 0.29,  0.45] |  8.71 | 477 | < .001***
PUTime                   |          DIGIBENSPECTime |  0.21 | [ 0.13,  0.30] |  4.75 | 477 | 0.016*   
PUTime                   |          DIGICHALGENTime |  0.24 | [ 0.16,  0.32] |  5.44 | 477 | < .001***
TKRTime                  |           PERCEPTIONTime |  0.37 | [ 0.29,  0.45] |  8.74 | 477 | < .001***
TKRTime                  |             AUTONOMYTime |  0.22 | [ 0.14,  0.31] |  5.03 | 477 | 0.004**  
WEITime                  |           PERCEPTIONTime |  0.21 | [ 0.12,  0.29] |  4.70 | 477 | 0.020*   
WEITime                  |             PARALLELTime |  0.24 | [ 0.15,  0.32] |  5.35 | 477 | < .001***
WEITime                  |             MEASURESTime |  0.36 | [ 0.28,  0.44] |  8.49 | 477 | < .001***
WEITime                  |            MEASURES2Time |  0.47 | [ 0.37,  0.56] |  8.46 | 250 | < .001***
WEITime                  |         DIGICHALSPECTime |  0.39 | [ 0.31,  0.46] |  9.20 | 477 | < .001***
WEITime                  |          DIGICHALGENTime |  0.25 | [ 0.16,  0.33] |  5.58 | 477 | < .001***
PERCEPTIONTime           |             WORKPACETime |  0.33 | [ 0.24,  0.40] |  7.56 | 477 | < .001***
PERCEPTIONTime           |             AUTONOMYTime |  0.26 | [ 0.18,  0.34] |  5.96 | 477 | < .001***
PERCEPTIONTime           |             PARALLELTime |  0.23 | [ 0.14,  0.31] |  5.14 | 477 | 0.002**  
WORKPACETime             |             AUTONOMYTime |  0.71 | [ 0.67,  0.75] | 22.25 | 477 | < .001***
AUTONOMYTime             |             PARALLELTime |  0.21 | [ 0.12,  0.29] |  4.67 | 477 | 0.023*   
WORKAMOUNTTime           |             WORKLOADTime |  0.92 | [ 0.91,  0.94] | 52.30 | 477 | < .001***
WORKAMOUNTTime           |            MEASURES2Time |  0.43 | [ 0.32,  0.52] |  7.43 | 250 | < .001***
PARALLELTime             |            MEASURES2Time |  0.36 | [ 0.25,  0.46] |  6.14 | 250 | < .001***
PARALLELTime             |         DIGICHALSPECTime |  0.21 | [ 0.12,  0.29] |  4.61 | 477 | 0.030*   
PARALLELTime             |          DIGIBENSPECTime |  0.26 | [ 0.17,  0.34] |  5.87 | 477 | < .001***
PARALLELTime             |            ResidenceTime |  0.27 | [ 0.19,  0.35] |  6.13 | 477 | < .001***
WORKLOADTime             |            MEASURES2Time |  0.32 | [ 0.21,  0.43] |  5.37 | 250 | 0.001**  
MEASURESTime             |            MEASURES2Time |  0.48 | [ 0.38,  0.57] |  8.65 | 250 | < .001***
MEASURESTime             |         DIGICHALSPECTime |  0.56 | [ 0.50,  0.62] | 14.95 | 477 | < .001***
MEASURESTime             |          DIGICHALGENTime |  0.42 | [ 0.34,  0.49] | 10.10 | 477 | < .001***
MEASURES2Time            |         DIGICHALSPECTime |  0.50 | [ 0.41,  0.59] |  9.24 | 250 | < .001***
MEASURES2Time            |          DIGICHALGENTime |  0.53 | [ 0.43,  0.61] |  9.78 | 250 | < .001***
MEASURES2Time            | ExperienceHealthcareTime |  0.31 | [ 0.20,  0.42] |  5.23 | 250 | 0.002**  
MEASURES2Time            |               GenderTime |  0.43 | [ 0.32,  0.52] |  7.49 | 250 | < .001***
DIGICHALSPECTime         |          DIGIBENSPECTime |  0.29 | [ 0.20,  0.37] |  6.50 | 477 | < .001***
DIGICHALSPECTime         |          DIGICHALGENTime |  0.43 | [ 0.35,  0.50] | 10.37 | 477 | < .001***
DIGICHALSPECTime         |           DIGIBENGENTime |  0.34 | [ 0.26,  0.42] |  7.90 | 477 | < .001***
DIGIBENSPECTime          |          DIGICHALGENTime |  0.27 | [ 0.18,  0.35] |  6.10 | 477 | < .001***
DIGIBENSPECTime          |           DIGIBENGENTime |  0.20 | [ 0.12,  0.29] |  4.56 | 477 | 0.037*   
DIGICHALGENTime          |           DIGIBENGENTime |  0.63 | [ 0.57,  0.68] | 17.56 | 477 | < .001***
ResidenceTime            |            EducationTime |  0.21 | [ 0.12,  0.29] |  4.60 | 477 | 0.032*   
AgeTime                  |            EducationTime |  0.27 | [ 0.19,  0.35] |  6.18 | 477 | < .001***
AgeTime                  |               GenderTime |  0.38 | [ 0.30,  0.46] |  9.00 | 477 | < .001***
EducationTime            | ExperienceHealthcareTime |  0.43 | [ 0.35,  0.50] | 10.35 | 477 | < .001***
EducationTime            |           EmploymentTime |  0.22 | [ 0.14,  0.31] |  5.04 | 477 | 0.004**  
ExperienceHealthcareTime |           EmploymentTime |  0.48 | [ 0.40,  0.54] | 11.79 | 477 | < .001***
GenderTime               |           EmploymentTime |  0.48 | [ 0.41,  0.55] | 11.92 | 477 | < .001***

p-value adjustment method: Holm (1979)
Observations: 238-479
