"id","submitdate","lastpage","startlanguage","seed","ID","WELC","OWNEXPERIENCE","DESC","DESCINFO","IMG[IMG1]","IMG[IMG2]","IMG[IMG3]","PEOU[PEOU1]","PEOU[PEOU2]","PEOU[PEOU3]","PEOU[PEOU4]","PEOU[PEOU5]","PEOU[PEOU6]","VIS[VIS1]","VIS[VIS2]","VIS[VIS3]","VOI[VOI1]","VOI[VOI2]","VOI[VOI3]","VOI[VOI4]","PUA[PUA1]","PUA[PUA2]","PUA[PUA3]","PUA[PUA4]","PUA[PUA5]","PUA[PUA6]","PUA[PUA7]","PUA[PUA8]","RES[RES1]","RES[RES2]","RES[RES3]","RES[RES4]","SQR[SQR1]","SQR[SQR2]","SQR[SQR3]","SQR[SQR4]","SR[SR1]","SR[SR2]","SR[SR3]","SR[SR4]","LS[LS1]","LS[LS2]","LS[LS3]","LS[LS4]","LS[LS5]","LS[LS6]","LS[LS7]","LS[LS8]","PPC[PPC1]","PPC[PPC2]","PPC[PPC3]","PPC[PPC4]","PPC[PPC5]","PPC[PPC6]","PS[PS01]","PS[PS02]","PS[PS03]","PS[PS04]","PS[PS05]","PS[PS06]","PS[PS07]","PS[PS08]","PS[PS09]","PS[PS10]","PS[PS11]","PU[PUI1]","PU[PUI2]","PU[PUI3]","PU[PUI4]","PU[PUI5]","PU[PUI6]","PU[PUI7]","PU[PUI8]","TKR[TKR1]","TKR[TKR2]","TKR[TKR3]","TKR[TKR4]","WEI[WEI1]","WEI[WEI2]","WEI[WEI3]","WEI[WEI4]","WEI[WEI5]","WEI[WEI6]","WEI[WEI7]","WEI[WEI8]","PERCEPTION[PROJPOS]","PERCEPTION[PROJNEG]","PERCEPTION[DTPOS]","PERCEPTION[DTNEG]","WORKPACE[SQ001]","AUTONOMY","WORKAMOUNT","PARALLEL","WORKLOAD","MEASURES","MEASURES2","DIGICHALSPEC","DIGIBENSPEC","DIGICHALGEN","DIGIBENGEN","Residence","Residence[other]","Age","Education","Education[other]","ExperienceHealthcare","Gender","Gender[other]","Employment","Employment[other]","interviewtime","groupTime32816","IDTime","WELCTime","groupTime31639","OWNEXPERIENCETime","DESCTime","DESCINFOTime","groupTime31636","IMGTime","PEOUTime","VISTime","VOITime","PUATime","RESTime","SQRTime","SRTime","LSTime","PPCTime","PSTime","PUTime","TKRTime","WEITime","groupTime31640","PERCEPTIONTime","groupTime31638","WORKPACETime","AUTONOMYTime","WORKAMOUNTTime","PARALLELTime","WORKLOADTime","MEASURESTime","MEASURES2Time","groupTime32817","DIGICHALSPECTime","DIGIBENSPECTime","DIGICHALGENTime","DIGIBENGENTime","groupTime31637","ResidenceTime","AgeTime","EducationTime","ExperienceHealthcareTime","GenderTime","EmploymentTime"
"16","1980-01-01 00:00:00","37","en","980663479","6458ce56-03db-fd15-7c94-905779c7ceb6","I accept the outlined privacy policy","Yes","svvevew","","3 - Somewhat disagree","2 - Disagree","4 - Neither agree nor disagree","4 - Neither agree nor disagree","4 - Neither agree nor disagree","2 - Disagree","3 - Somewhat disagree","","6 - Agree","4 - Neither agree nor disagree","4 - Neither agree nor disagree","5 - Somewhat agree","4 - Neither agree nor disagree","3 - Somewhat disagree","4 - Neither agree nor disagree","","3 - Somewhat disagree","3 - Somewhat disagree","4 - Neither agree nor disagree","2 - Disagree","2 - Disagree","2 - Disagree","5 - Somewhat agree","3 - Somewhat disagree","5 - Somewhat agree","3 - Somewhat disagree","4 - Neither agree nor disagree","2 - Disagree","5 - Somewhat agree","2 - Disagree","4 - Neither agree nor disagree","3 - Somewhat disagree","5 - Somewhat agree","","6 - Agree","7 - Strongly agree","5 - Somewhat agree","3 - Somewhat disagree","5 - Somewhat agree","6 - Agree","4 - Neither agree nor disagree","4 - Neither agree nor disagree","4 - Neither agree nor disagree","2 - Disagree","2 - Disagree","4 - Neither agree nor disagree","3 - Somewhat disagree","3 - Somewhat disagree","5 - Somewhat agree","2 - Disagree","4 - Neither agree nor disagree","4 - Neither agree nor disagree","5 - Somewhat agree","2 - Disagree","2 - Disagree","3 - Somewhat disagree","3 - Somewhat disagree","4 - Neither agree nor disagree","4 - Neither agree nor disagree","3 - Somewhat disagree","3 - Somewhat disagree","3 - Somewhat disagree","3 - Somewhat disagree","4 - Neither agree nor disagree","3 - Somewhat disagree","2 - Disagree","2 - Disagree","5 - Somewhat agree","4 - Neither agree nor disagree","1 - Strongly disagree","2 - Disagree","3 - Somewhat disagree","4 - Neither agree nor disagree","2 - Disagree","5 - Somewhat agree","3 - Somewhat disagree","3 - Somewhat disagree","3 - Somewhat disagree","4 - Neither agree nor disagree","7 - Strongly agree","2 - Disagree","2 - likely","3 - somewhat likely","4 - fifty-fifty","3 - somewhat likely","3 - Somewhat disagree","","... remained the same","... remained the same","... increased","Yes","to a high degree","aaffsf","dvsdvv"," vsvs","cv","United Kingdom","","30-39","Bachelor's/Prediploma","","2 to 5 years","Male","","Production","","311.83","","","4.8","","4","4.41","2.79","","3.41","7.97","9.05","5.1","7.06","5.51","4.85","5.17","9.89","5.35","13.89","7.06","5.24","9.37","","5.8","","3.87","7.56","3.39","3.36","3.28","3.55","3.43","","5.16","3.62","4.02","3.78","","4.28","3.95","4.52","3.91","120.96","8.47"
"17","","37","en","1996389090","6458cfcd-53fd-fd97-3e66-ed3b4d8f55b1","I accept the outlined privacy policy","No","","","","","","","","","","","","","","","","","","","","","","","","","","","","","","","","","","","","","","","","","","","","","","","","","","","","","","","","","","","","","","","","","","","","","","","","","","","","","","","","","","","","","","","","","","","","","N/A","","","","","","","","","","","","","","","","17.15","","","10.54","","6.61","","","","","","","","","","","","","","","","","","","","","","","","","","","","","","","","","","","","","","",""
"20","","37","en","1751651418","6458e61f-4900-7286-f546-77d31d7d7e27","I accept the outlined privacy policy","No","","","","","","","","","","","","","","","","","","","","","","","","","","","","","","","","","","","","","","","","","","","","","","","","","","","","","","","","","","","","","","","","","","","","","","","","","","","","","","","","","","","","","","","","","","","","","N/A","","","","","","","","","","","","","","","","15.72","","","9.16","","6.56","","","","","","","","","","","","","","","","","","","","","","","","","","","","","","","","","","","","","","",""
"21","","37","en","485741948","6458e620-6395-1230-e037-f2630ef3eff4","I accept the outlined privacy policy","No","","","","","","","","","","","","","","","","","","","","","","","","","","","","","","","","","","","","","","","","","","","","","","","","","","","","","","","","","","","","","","","","","","","","","","","","","","","","","","","","","","","","","","","","","","","","","N/A","","","","","","","","","","","","","","","","22.24","","","15.8","","6.44","","","","","","","","","","","","","","","","","","","","","","","","","","","","","","","","","","","","","","",""
"22","","37","en","192897051","6458e612-cf4a-f83f-e1bf-e708ba59a9e5","I accept the outlined privacy policy","No","","","","","","","","","","","","","","","","","","","","","","","","","","","","","","","","","","","","","","","","","","","","","","","","","","","","","","","","","","","","","","","","","","","","","","","","","","","","","","","","","","","","","","","","","","","","","N/A","","","","","","","","","","","","","","","","31.57","","","7.07","","24.5","","","","","","","","","","","","","","","","","","","","","","","","","","","","","","","","","","","","","","",""
"23","","3","en","736526496","6458e611-99a8-551a-16b0-090b78d944a4","I accept the outlined privacy policy","Yes","","","","","","","","","","","","","","","","","","","","","","","","","","","","","","","","","","","","","","","","","","","","","","","","","","","","","","","","","","","","","","","","","","","","","","","","","","","","","","","","","","","","","","","","","","","","","N/A","","","","","","","","","","","","","","","","1498.79","","","11.82","","1486.97","","","","","","","","","","","","","","","","","","","","","","","","","","","","","","","","","","","","","","",""
"24","1980-01-01 00:00:00","37","en","990479681","6458e624-fa33-1499-95e1-98c481ed90c6","I accept the outlined privacy policy","Yes","Health care ","","1 - Strongly disagree","1 - Strongly disagree","7 - Strongly agree","7 - Strongly agree","7 - Strongly agree","7 - Strongly agree","6 - Agree","5 - Somewhat agree","6 - Agree","2 - Disagree","2 - Disagree","7 - Strongly agree","1 - Strongly disagree","1 - Strongly disagree","1 - Strongly disagree","7 - Strongly agree","7 - Strongly agree","7 - Strongly agree","7 - Strongly agree","7 - Strongly agree","7 - Strongly agree","4 - Neither agree nor disagree","6 - Agree","7 - Strongly agree","7 - Strongly agree","7 - Strongly agree","7 - Strongly agree","4 - Neither agree nor disagree","7 - Strongly agree","7 - Strongly agree","7 - Strongly agree","7 - Strongly agree","3 - Somewhat disagree","3 - Somewhat disagree","3 - Somewhat disagree","4 - Neither agree nor disagree","6 - Agree","7 - Strongly agree","2 - Disagree","4 - Neither agree nor disagree","4 - Neither agree nor disagree","4 - Neither agree nor disagree","3 - Somewhat disagree","2 - Disagree","4 - Neither agree nor disagree","5 - Somewhat agree","5 - Somewhat agree","5 - Somewhat agree","4 - Neither agree nor disagree","5 - Somewhat agree","7 - Strongly agree","7 - Strongly agree","7 - Strongly agree","7 - Strongly agree","6 - Agree","6 - Agree","7 - Strongly agree","7 - Strongly agree","7 - Strongly agree","7 - Strongly agree","7 - Strongly agree","7 - Strongly agree","5 - Somewhat agree","7 - Strongly agree","7 - Strongly agree","7 - Strongly agree","4 - Neither agree nor disagree","7 - Strongly agree","6 - Agree","7 - Strongly agree","5 - Somewhat agree","6 - Agree","7 - Strongly agree","3 - Somewhat disagree","5 - Somewhat agree","3 - Somewhat disagree","6 - Agree","4 - Neither agree nor disagree","4 - Neither agree nor disagree","2 - Disagree","6 - Agree","1 - certain","6 - unlikely","4 - fifty-fifty","5 - somewhat unlikely","7 - Strongly agree","... remained the same","... increased","... remained the same","... remained the same","No","","No chance to recover between calls","Accuracy","","Consistency ","United Kingdom","","67 or older","Vocational training","","5 to 10 years","Female","","Medical/Healthcare","","1458.54","","","16.41","","41.61","67.31","15.71","","37.75","48.21","49.52","41.83","71.11","52.81","37.96","67.98","91.17","74.34","76.03","81.53","53.94","110.92","","101.45","","16.4","13.45","12.75","17.03","12.33","36.42","","","84.81","18.6","1.64","23.18","","8.72","11.7","17.67","17.83","8.63","19.79"
"25","","37","en","547959821","6458e61c-718f-bd6d-7f3a-8a9014f4e0a3","I accept the outlined privacy policy","No","","","","","","","","","","","","","","","","","","","","","","","","","","","","","","","","","","","","","","","","","","","","","","","","","","","","","","","","","","","","","","","","","","","","","","","","","","","","","","","","","","","","","","","","","","","","","N/A","","","","","","","","","","","","","","","","14.52","","","4.86","","9.66","","","","","","","","","","","","","","","","","","","","","","","","","","","","","","","","","","","","","","",""
"26","1980-01-01 00:00:00","37","en","1228677869","6458e621-aa34-c6e0-f2d9-90911957b6e5","I accept the outlined privacy policy","Yes","Sicherheit ","","7 - Strongly agree","7 - Strongly agree","7 - Strongly agree","7 - Strongly agree","7 - Strongly agree","7 - Strongly agree","7 - Strongly agree","7 - Strongly agree","7 - Strongly agree","7 - Strongly agree","7 - Strongly agree","7 - Strongly agree","7 - Strongly agree","7 - Strongly agree","7 - Strongly agree","7 - Strongly agree","7 - Strongly agree","7 - Strongly agree","7 - Strongly agree","7 - Strongly agree","7 - Strongly agree","7 - Strongly agree","7 - Strongly agree","7 - Strongly agree","7 - Strongly agree","7 - Strongly agree","7 - Strongly agree","7 - Strongly agree","7 - Strongly agree","6 - Agree","7 - Strongly agree","7 - Strongly agree","7 - Strongly agree","7 - Strongly agree","7 - Strongly agree","7 - Strongly agree","7 - Strongly agree","7 - Strongly agree","7 - Strongly agree","7 - Strongly agree","7 - Strongly agree","7 - Strongly agree","7 - Strongly agree","7 - Strongly agree","7 - Strongly agree","7 - Strongly agree","7 - Strongly agree","7 - Strongly agree","7 - Strongly agree","7 - Strongly agree","7 - Strongly agree","6 - Agree","7 - Strongly agree","7 - Strongly agree","7 - Strongly agree","6 - Agree","7 - Strongly agree","7 - Strongly agree","7 - Strongly agree","6 - Agree","7 - Strongly agree","7 - Strongly agree","7 - Strongly agree","7 - Strongly agree","7 - Strongly agree","7 - Strongly agree","7 - Strongly agree","7 - Strongly agree","7 - Strongly agree","7 - Strongly agree","7 - Strongly agree","7 - Strongly agree","7 - Strongly agree","7 - Strongly agree","6 - Agree","7 - Strongly agree","7 - Strongly agree","7 - Strongly agree","7 - Strongly agree","7 - Strongly agree","7 - Strongly agree","2 - likely","1 - certain","2 - likely","2 - likely","7 - Strongly agree","... remained the same","... remained the same","... remained the same","... remained the same","Yes","to a very high degree","Innovation ","Innovation ","Innovation ","Innovation ","Germany","","30-39","Advanced technical college certificate","","5 to 10 years","Female","","Production","","392.08","","","10.43","","7.52","17.55","6.82","","11.11","15.22","7.8","8.52","14.94","9.79","11.36","8.87","13.81","13.16","21.15","18.23","38.42","21.62","","20.14","","5.51","8.08","4.1","4.36","4.99","7.27","6.51","","8.15","6.72","7.36","6.09","","6.77","6.69","7.39","13.62","5.54","6.47"
"27","1980-01-01 00:00:00","37","en","2108976351","6458e613-4e3e-e8cd-88f9-efc3dc348e99","I accept the outlined privacy policy","Yes","Deployment of an upgrade for customer from Dynamics NAV to 365 Business Central software ","","7 - Strongly agree","7 - Strongly agree","7 - Strongly agree","7 - Strongly agree","7 - Strongly agree","7 - Strongly agree","7 - Strongly agree","6 - Agree","7 - Strongly agree","7 - Strongly agree","7 - Strongly agree","7 - Strongly agree","1 - Strongly disagree","1 - Strongly disagree","1 - Strongly disagree","7 - Strongly agree","7 - Strongly agree","7 - Strongly agree","7 - Strongly agree","7 - Strongly agree","7 - Strongly agree","7 - Strongly agree","7 - Strongly agree","7 - Strongly agree","7 - Strongly agree","7 - Strongly agree","7 - Strongly agree","1 - Strongly disagree","7 - Strongly agree","7 - Strongly agree","7 - Strongly agree","7 - Strongly agree","7 - Strongly agree","5 - Somewhat agree","2 - Disagree","2 - Disagree","7 - Strongly agree","7 - Strongly agree","7 - Strongly agree","7 - Strongly agree","7 - Strongly agree","7 - Strongly agree","7 - Strongly agree","7 - Strongly agree","6 - Agree","7 - Strongly agree","7 - Strongly agree","6 - Agree","7 - Strongly agree","6 - Agree","7 - Strongly agree","7 - Strongly agree","7 - Strongly agree","7 - Strongly agree","7 - Strongly agree","7 - Strongly agree","7 - Strongly agree","7 - Strongly agree","7 - Strongly agree","7 - Strongly agree","7 - Strongly agree","7 - Strongly agree","7 - Strongly agree","7 - Strongly agree","7 - Strongly agree","7 - Strongly agree","7 - Strongly agree","7 - Strongly agree","7 - Strongly agree","2 - Disagree","5 - Somewhat agree","2 - Disagree","2 - Disagree","7 - Strongly agree","7 - Strongly agree","7 - Strongly agree","7 - Strongly agree","7 - Strongly agree","7 - Strongly agree","7 - Strongly agree","7 - Strongly agree","1 - certain","1 - certain","1 - certain","1 - certain","7 - Strongly agree","... increased","... increased","... increased","... increased","Yes","to a high degree","Allocating time spent on each task on the time management software ","The biggest benefit is having to work completely remote over a vpn ","","Working completely remote is a deal breaker in the digital transformation ","United Kingdom","","30-39","Bachelor's/Prediploma","","2 to 5 years","Male","","Other","Software support and development ","979.43","","","15.62","","5.28","61.74","2.25","","30.69","38.76","22.5","27.67","19.68","57.17","31.16","34.21","31.73","39.77","49.95","36.43","45.63","21.81","","47.42","","8.76","11.51","17.91","10.83","7.04","13.12","11.95","","47.6","33.39","1.5","46.49","","9.53","41.99","10.29","35.93","5.29","46.83"
"28","","37","en","1620759702","6458e61c-3a99-f6f6-78d6-7a1ca1f22932","I accept the outlined privacy policy","No","","","","","","","","","","","","","","","","","","","","","","","","","","","","","","","","","","","","","","","","","","","","","","","","","","","","","","","","","","","","","","","","","","","","","","","","","","","","","","","","","","","","","","","","","","","","","N/A","","","","","","","","","","","","","","","","19.5","","","9.86","","9.64","","","","","","","","","","","","","","","","","","","","","","","","","","","","","","","","","","","","","","",""
"29","","37","en","1974753109","6458e635-6fab-a7c6-2006-38ee41446fa4","I accept the outlined privacy policy","No","","","","","","","","","","","","","","","","","","","","","","","","","","","","","","","","","","","","","","","","","","","","","","","","","","","","","","","","","","","","","","","","","","","","","","","","","","","","","","","","","","","","","","","","","","","","","N/A","","","","","","","","","","","","","","","","17.24","","","8.41","","8.83","","","","","","","","","","","","","","","","","","","","","","","","","","","","","","","","","","","","","","",""
"30","","3","en","588060163","6458e604-b5ee-4c18-8581-a29f70d37c02","I accept the outlined privacy policy","Yes","","","","","","","","","","","","","","","","","","","","","","","","","","","","","","","","","","","","","","","","","","","","","","","","","","","","","","","","","","","","","","","","","","","","","","","","","","","","","","","","","","","","","","","","","","","","","N/A","","","","","","","","","","","","","","","","12.94","","","8.61","","4.33","","","","","","","","","","","","","","","","","","","","","","","","","","","","","","","","","","","","","","",""
"31","","3","en","1433601687","6458e61f-2b40-3d8c-1ad7-e2c7e4cb6624","I accept the outlined privacy policy","Yes","","","","","","","","","","","","","","","","","","","","","","","","","","","","","","","","","","","","","","","","","","","","","","","","","","","","","","","","","","","","","","","","","","","","","","","","","","","","","","","","","","","","","","","","","","","","","N/A","","","","","","","","","","","","","","","","15.32","","","8.94","","6.38","","","","","","","","","","","","","","","","","","","","","","","","","","","","","","","","","","","","","","",""
"32","","37","en","1941351464","6458e637-8d8b-028f-2905-279b326c6486","I accept the outlined privacy policy","No","","","","","","","","","","","","","","","","","","","","","","","","","","","","","","","","","","","","","","","","","","","","","","","","","","","","","","","","","","","","","","","","","","","","","","","","","","","","","","","","","","","","","","","","","","","","","N/A","","","","","","","","","","","","","","","","24.41","","","16.92","","7.49","","","","","","","","","","","","","","","","","","","","","","","","","","","","","","","","","","","","","","",""
"33","","37","en","653250527","6458e632-8dff-a449-f3a7-df9dc3d9cc18","I accept the outlined privacy policy","No","","","","","","","","","","","","","","","","","","","","","","","","","","","","","","","","","","","","","","","","","","","","","","","","","","","","","","","","","","","","","","","","","","","","","","","","","","","","","","","","","","","","","","","","","","","","","N/A","","","","","","","","","","","","","","","","21.33","","","11.36","","9.97","","","","","","","","","","","","","","","","","","","","","","","","","","","","","","","","","","","","","","",""
"34","","37","en","780247173","6458e632-43b1-6a6b-b2e8-f24b5d8686e8","I accept the outlined privacy policy","No","","","","","","","","","","","","","","","","","","","","","","","","","","","","","","","","","","","","","","","","","","","","","","","","","","","","","","","","","","","","","","","","","","","","","","","","","","","","","","","","","","","","","","","","","","","","","N/A","","","","","","","","","","","","","","","","18.95","","","8.57","","10.38","","","","","","","","","","","","","","","","","","","","","","","","","","","","","","","","","","","","","","",""
"35","","37","en","1484797409","6458e609-870e-5d5e-916c-d3726367b393","I accept the outlined privacy policy","No","","","","","","","","","","","","","","","","","","","","","","","","","","","","","","","","","","","","","","","","","","","","","","","","","","","","","","","","","","","","","","","","","","","","","","","","","","","","","","","","","","","","","","","","","","","","","N/A","","","","","","","","","","","","","","","","36.25","","","10.86","","25.39","","","","","","","","","","","","","","","","","","","","","","","","","","","","","","","","","","","","","","",""
"36","","37","en","1758235462","6458e637-1dfd-17af-c7aa-d0eb33143c4c","I accept the outlined privacy policy","No","","","","","","","","","","","","","","","","","","","","","","","","","","","","","","","","","","","","","","","","","","","","","","","","","","","","","","","","","","","","","","","","","","","","","","","","","","","","","","","","","","","","","","","","","","","","","N/A","","","","","","","","","","","","","","","","22.25","","","10.17","","12.08","","","","","","","","","","","","","","","","","","","","","","","","","","","","","","","","","","","","","","",""
"37","1980-01-01 00:00:00","37","en","485919029","6458e60b-e2d0-87be-535f-da8956f1f567","I accept the outlined privacy policy","Yes","Zoom. Sweatcoin","","6 - Agree","6 - Agree","5 - Somewhat agree","5 - Somewhat agree","5 - Somewhat agree","4 - Neither agree nor disagree","4 - Neither agree nor disagree","4 - Neither agree nor disagree","4 - Neither agree nor disagree","4 - Neither agree nor disagree","5 - Somewhat agree","5 - Somewhat agree","5 - Somewhat agree","4 - Neither agree nor disagree","7 - Strongly agree","6 - Agree","6 - Agree","7 - Strongly agree","6 - Agree","6 - Agree","7 - Strongly agree","6 - Agree","7 - Strongly agree","6 - Agree","4 - Neither agree nor disagree","5 - Somewhat agree","4 - Neither agree nor disagree","4 - Neither agree nor disagree","5 - Somewhat agree","4 - Neither agree nor disagree","4 - Neither agree nor disagree","4 - Neither agree nor disagree","6 - Agree","6 - Agree","6 - Agree","3 - Somewhat disagree","5 - Somewhat agree","5 - Somewhat agree","6 - Agree","5 - Somewhat agree","6 - Agree","5 - Somewhat agree","5 - Somewhat agree","4 - Neither agree nor disagree","7 - Strongly agree","7 - Strongly agree","4 - Neither agree nor disagree","5 - Somewhat agree","7 - Strongly agree","7 - Strongly agree","3 - Somewhat disagree","5 - Somewhat agree","4 - Neither agree nor disagree","4 - Neither agree nor disagree","7 - Strongly agree","4 - Neither agree nor disagree","7 - Strongly agree","3 - Somewhat disagree","7 - Strongly agree","4 - Neither agree nor disagree","4 - Neither agree nor disagree","5 - Somewhat agree","6 - Agree","7 - Strongly agree","5 - Somewhat agree","6 - Agree","5 - Somewhat agree","6 - Agree","5 - Somewhat agree","4 - Neither agree nor disagree","5 - Somewhat agree","5 - Somewhat agree","5 - Somewhat agree","5 - Somewhat agree","7 - Strongly agree","5 - Somewhat agree","5 - Somewhat agree","6 - Agree","5 - Somewhat agree","5 - Somewhat agree","4 - Neither agree nor disagree","2 - likely","2 - likely","2 - likely","2 - likely","4 - Neither agree nor disagree","... increased","... increased","... increased","... increased","Yes","to a very high degree","Communication with a lot of people","Skills","Lack of useful information","Possibility to know something new","United Kingdom","","50-59","Master's/Diploma","","less than 2 years","Female","","Service/public service","","1576.96","","","15.76","","13.94","106.05","5.82","","14.04","51.2","24.16","53.24","29.45","38.33","35.72","41.17","58.89","122.45","55.53","54.84","42.19","117.13","","64.4","","12.06","30.36","12.04","26.48","10.19","38.06","26.3","","83.45","81.76","100.56","119.02","","10.38","6.34","13.01","45.35","4.58","12.71"
"38","","-1","en","1152989499","6458e630-5c51-6527-fd18-ded4b1078faf","","N/A","","","","","","","","","","","","","","","","","","","","","","","","","","","","","","","","","","","","","","","","","","","","","","","","","","","","","","","","","","","","","","","","","","","","","","","","","","","","","","","","","","","","","","","","","","","","","N/A","","","","","","","","","","","","","","","","0","","","","","","","","","","","","","","","","","","","","","","","","","","","","","","","","","","","","","","","","","","","",""
"39","","37","en","988318719","6458e634-6467-e209-aa17-13bcaf60cf3a","I accept the outlined privacy policy","No","","","","","","","","","","","","","","","","","","","","","","","","","","","","","","","","","","","","","","","","","","","","","","","","","","","","","","","","","","","","","","","","","","","","","","","","","","","","","","","","","","","","","","","","","","","","","N/A","","","","","","","","","","","","","","","","21.86","","","5.61","","16.25","","","","","","","","","","","","","","","","","","","","","","","","","","","","","","","","","","","","","","",""
"40","","37","en","31791626","6458e637-afec-04f2-dbc1-aaa89db7ed92","I accept the outlined privacy policy","No","","","","","","","","","","","","","","","","","","","","","","","","","","","","","","","","","","","","","","","","","","","","","","","","","","","","","","","","","","","","","","","","","","","","","","","","","","","","","","","","","","","","","","","","","","","","","N/A","","","","","","","","","","","","","","","","18.48","","","8.37","","10.11","","","","","","","","","","","","","","","","","","","","","","","","","","","","","","","","","","","","","","",""
"41","","-1","en","726842938","6458e63d-b38d-4c24-1e19-501a44411d21","","N/A","","","","","","","","","","","","","","","","","","","","","","","","","","","","","","","","","","","","","","","","","","","","","","","","","","","","","","","","","","","","","","","","","","","","","","","","","","","","","","","","","","","","","","","","","","","","","N/A","","","","","","","","","","","","","","","","0","","","","","","","","","","","","","","","","","","","","","","","","","","","","","","","","","","","","","","","","","","","",""
"42","","37","en","1986631194","6458e634-f906-cbdc-a982-9c8ce360096e","I accept the outlined privacy policy","No","","","","","","","","","","","","","","","","","","","","","","","","","","","","","","","","","","","","","","","","","","","","","","","","","","","","","","","","","","","","","","","","","","","","","","","","","","","","","","","","","","","","","","","","","","","","","N/A","","","","","","","","","","","","","","","","21.77","","","10.59","","11.18","","","","","","","","","","","","","","","","","","","","","","","","","","","","","","","","","","","","","","",""
"43","1980-01-01 00:00:00","37","en","953862440","6458e60c-b985-d2f0-831d-2a7eb0e46576","I accept the outlined privacy policy","Yes","modern","","6 - Agree","6 - Agree","6 - Agree","6 - Agree","6 - Agree","6 - Agree","6 - Agree","6 - Agree","6 - Agree","6 - Agree","6 - Agree","6 - Agree","5 - Somewhat agree","5 - Somewhat agree","5 - Somewhat agree","5 - Somewhat agree","5 - Somewhat agree","5 - Somewhat agree","5 - Somewhat agree","5 - Somewhat agree","5 - Somewhat agree","5 - Somewhat agree","5 - Somewhat agree","5 - Somewhat agree","2 - Disagree","2 - Disagree","2 - Disagree","2 - Disagree","4 - Neither agree nor disagree","4 - Neither agree nor disagree","4 - Neither agree nor disagree","4 - Neither agree nor disagree","3 - Somewhat disagree","3 - Somewhat disagree","3 - Somewhat disagree","3 - Somewhat disagree","5 - Somewhat agree","5 - Somewhat agree","5 - Somewhat agree","5 - Somewhat agree","5 - Somewhat agree","5 - Somewhat agree","5 - Somewhat agree","5 - Somewhat agree","2 - Disagree","2 - Disagree","2 - Disagree","2 - Disagree","2 - Disagree","2 - Disagree","","6 - Agree","6 - Agree","6 - Agree","6 - Agree","6 - Agree","6 - Agree","6 - Agree","6 - Agree","6 - Agree","6 - Agree","","5 - Somewhat agree","5 - Somewhat agree","5 - Somewhat agree","5 - Somewhat agree","5 - Somewhat agree","5 - Somewhat agree","5 - Somewhat agree","6 - Agree","6 - Agree","6 - Agree","6 - Agree","2 - Disagree","2 - Disagree","2 - Disagree","2 - Disagree","2 - Disagree","2 - Disagree","2 - Disagree","2 - Disagree","3 - somewhat likely","3 - somewhat likely","3 - somewhat likely","3 - somewhat likely","4 - Neither agree nor disagree","... remained the same","... remained the same","... remained the same","... remained the same","Yes","to a low degree","crisis of all markets","none","all the crisis","none","Germany","","40-49","Doctorate/PhD","","10 to 20 years","Male","","Service/public service","","349.07","","","6.27","","4.06","18.4","3.11","","7.01","13.73","5.85","9.2","34.82","6.79","17.45","10.29","10.64","12.57","14.18","10.7","5.74","9.71","","12.98","","8.75","4.76","4.38","3.41","4.75","10.39","7.98","","22.73","9.09","13.57","9.07","","4.5","4.53","5.31","9.22","3.97","9.16"
"44","","-1","en","931744943","6458e63d-dcca-ee80-8d89-9a1d05380ed5","","N/A","","","","","","","","","","","","","","","","","","","","","","","","","","","","","","","","","","","","","","","","","","","","","","","","","","","","","","","","","","","","","","","","","","","","","","","","","","","","","","","","","","","","","","","","","","","","","N/A","","","","","","","","","","","","","","","","0","","","","","","","","","","","","","","","","","","","","","","","","","","","","","","","","","","","","","","","","","","","",""
"45","","37","en","2056286574","6458e636-904a-8119-ff49-20b476ee9055","I accept the outlined privacy policy","No","","","","","","","","","","","","","","","","","","","","","","","","","","","","","","","","","","","","","","","","","","","","","","","","","","","","","","","","","","","","","","","","","","","","","","","","","","","","","","","","","","","","","","","","","","","","","N/A","","","","","","","","","","","","","","","","12.15","","","5.25","","6.9","","","","","","","","","","","","","","","","","","","","","","","","","","","","","","","","","","","","","","",""
"46","","37","en","1996020779","6458e63a-f672-86f2-aa8a-0e8bec03fa57","I accept the outlined privacy policy","No","","","","","","","","","","","","","","","","","","","","","","","","","","","","","","","","","","","","","","","","","","","","","","","","","","","","","","","","","","","","","","","","","","","","","","","","","","","","","","","","","","","","","","","","","","","","","N/A","","","","","","","","","","","","","","","","28.24","","","14.57","","13.67","","","","","","","","","","","","","","","","","","","","","","","","","","","","","","","","","","","","","","",""
"47","","37","en","1588229419","6458e630-aee8-e1fd-769c-4a90ddd274d6","I accept the outlined privacy policy","No","","","","","","","","","","","","","","","","","","","","","","","","","","","","","","","","","","","","","","","","","","","","","","","","","","","","","","","","","","","","","","","","","","","","","","","","","","","","","","","","","","","","","","","","","","","","","N/A","","","","","","","","","","","","","","","","13.4","","","6.98","","6.42","","","","","","","","","","","","","","","","","","","","","","","","","","","","","","","","","","","","","","",""
"48","","37","en","749525759","6458e62a-f8f2-62dc-b1e2-e4131ff8cd93","I accept the outlined privacy policy","No","","","","","","","","","","","","","","","","","","","","","","","","","","","","","","","","","","","","","","","","","","","","","","","","","","","","","","","","","","","","","","","","","","","","","","","","","","","","","","","","","","","","","","","","","","","","","N/A","","","","","","","","","","","","","","","","29.49","","","15.43","","14.06","","","","","","","","","","","","","","","","","","","","","","","","","","","","","","","","","","","","","","",""
"49","","2","en","79551488","6458e62a-c7de-7970-dada-4e04f5dc829c","I accept the outlined privacy policy","No","","","","","","","","","","","","","","","","","","","","","","","","","","","","","","","","","","","","","","","","","","","","","","","","","","","","","","","","","","","","","","","","","","","","","","","","","","","","","","","","","","","","","","","","","","","","","N/A","","","","","","","","","","","","","","","","29.07","","","6.39","","22.68","","","","","","","","","","","","","","","","","","","","","","","","","","","","","","","","","","","","","","",""
"50","","37","en","1016745096","6458e64f-221c-41b0-1395-2334e4a366d8","I accept the outlined privacy policy","No","","","","","","","","","","","","","","","","","","","","","","","","","","","","","","","","","","","","","","","","","","","","","","","","","","","","","","","","","","","","","","","","","","","","","","","","","","","","","","","","","","","","","","","","","","","","","N/A","","","","","","","","","","","","","","","","164.96","","","139.51","","25.45","","","","","","","","","","","","","","","","","","","","","","","","","","","","","","","","","","","","","","",""
"51","1980-01-01 00:00:00","37","en","221890725","6458e64b-65f8-ab7e-600a-502b41033747","I accept the outlined privacy policy","Yes","Sales crm ","","6 - Agree","3 - Somewhat disagree","5 - Somewhat agree","3 - Somewhat disagree","5 - Somewhat agree","3 - Somewhat disagree","5 - Somewhat agree","4 - Neither agree nor disagree","4 - Neither agree nor disagree","4 - Neither agree nor disagree","5 - Somewhat agree","6 - Agree","5 - Somewhat agree","4 - Neither agree nor disagree","5 - Somewhat agree","3 - Somewhat disagree","3 - Somewhat disagree","5 - Somewhat agree","3 - Somewhat disagree","4 - Neither agree nor disagree","7 - Strongly agree","4 - Neither agree nor disagree","5 - Somewhat agree","4 - Neither agree nor disagree","5 - Somewhat agree","7 - Strongly agree","6 - Agree","4 - Neither agree nor disagree","6 - Agree","5 - Somewhat agree","5 - Somewhat agree","5 - Somewhat agree","4 - Neither agree nor disagree","3 - Somewhat disagree","4 - Neither agree nor disagree","4 - Neither agree nor disagree","6 - Agree","4 - Neither agree nor disagree","6 - Agree","4 - Neither agree nor disagree","6 - Agree","6 - Agree","5 - Somewhat agree","5 - Somewhat agree","5 - Somewhat agree","4 - Neither agree nor disagree","4 - Neither agree nor disagree","5 - Somewhat agree","3 - Somewhat disagree","5 - Somewhat agree","4 - Neither agree nor disagree","5 - Somewhat agree","4 - Neither agree nor disagree","4 - Neither agree nor disagree","6 - Agree","5 - Somewhat agree","6 - Agree","5 - Somewhat agree","4 - Neither agree nor disagree","5 - Somewhat agree","3 - Somewhat disagree","4 - Neither agree nor disagree","5 - Somewhat agree","6 - Agree","4 - Neither agree nor disagree","5 - Somewhat agree","4 - Neither agree nor disagree","3 - Somewhat disagree","5 - Somewhat agree","5 - Somewhat agree","4 - Neither agree nor disagree","6 - Agree","4 - Neither agree nor disagree","6 - Agree","6 - Agree","3 - Somewhat disagree","6 - Agree","7 - Strongly agree","4 - Neither agree nor disagree","4 - Neither agree nor disagree","5 - Somewhat agree","5 - somewhat unlikely","4 - fifty-fifty","4 - fifty-fifty","5 - somewhat unlikely","5 - Somewhat agree","... remained the same","... remained the same","... remained the same","","No","","Changes","Informayion","Collaboration ","Information","United States","","40-49","Bachelor's/Prediploma","","10 to 20 years","Female","","Other","Wholesale","320.83","","","6.16","","3.32","17.89","3.26","","5.89","19.95","8.17","10.9","14.27","8.56","20.78","9.24","13.86","11.16","16.22","12.36","7.4","12.91","","11.26","","6.44","6.68","3.26","2.85","3.02","7.26","","","9.44","7.88","8.7","7.27","","5.47","5.17","6.43","7.63","6.09","13.68"
"52","","37","en","1768229701","6458e659-3311-a06d-babb-1e72f38bdf6b","I accept the outlined privacy policy","No","","","","","","","","","","","","","","","","","","","","","","","","","","","","","","","","","","","","","","","","","","","","","","","","","","","","","","","","","","","","","","","","","","","","","","","","","","","","","","","","","","","","","","","","","","","","","N/A","","","","","","","","","","","","","","","","24.72","","","11.08","","13.64","","","","","","","","","","","","","","","","","","","","","","","","","","","","","","","","","","","","","","",""
"53","","37","en","407194929","6458e657-98c8-5f15-a3ae-0bf95fb2d9a1","I accept the outlined privacy policy","No","","","","","","","","","","","","","","","","","","","","","","","","","","","","","","","","","","","","","","","","","","","","","","","","","","","","","","","","","","","","","","","","","","","","","","","","","","","","","","","","","","","","","","","","","","","","","N/A","","","","","","","","","","","","","","","","23.65","","","10.95","","12.7","","","","","","","","","","","","","","","","","","","","","","","","","","","","","","","","","","","","","","",""
"54","","37","en","564774453","6458e661-84cc-57a0-1803-a3a9356b75bc","I accept the outlined privacy policy","No","","","","","","","","","","","","","","","","","","","","","","","","","","","","","","","","","","","","","","","","","","","","","","","","","","","","","","","","","","","","","","","","","","","","","","","","","","","","","","","","","","","","","","","","","","","","","N/A","","","","","","","","","","","","","","","","18.64","","","10.42","","8.22","","","","","","","","","","","","","","","","","","","","","","","","","","","","","","","","","","","","","","",""
"55","","2","en","929226196","6458e65b-936d-6af2-b2d8-8a1a65f56463","I accept the outlined privacy policy","N/A","","","","","","","","","","","","","","","","","","","","","","","","","","","","","","","","","","","","","","","","","","","","","","","","","","","","","","","","","","","","","","","","","","","","","","","","","","","","","","","","","","","","","","","","","","","","","N/A","","","","","","","","","","","","","","","","56.87","","","56.87","","","","","","","","","","","","","","","","","","","","","","","","","","","","","","","","","","","","","","","","",""
"56","","3","en","1317496657","6458e63a-f672-86f2-aa8a-0e8bec03fa57","I accept the outlined privacy policy","Yes","","","","","","","","","","","","","","","","","","","","","","","","","","","","","","","","","","","","","","","","","","","","","","","","","","","","","","","","","","","","","","","","","","","","","","","","","","","","","","","","","","","","","","","","","","","","","N/A","","","","","","","","","","","","","","","","15.54","","","9.53","","6.01","","","","","","","","","","","","","","","","","","","","","","","","","","","","","","","","","","","","","","",""
"57","","3","en","1018716910","6458e66a-ee39-ae1c-8af7-1c2a5e9778ba","I accept the outlined privacy policy","Yes","","","","","","","","","","","","","","","","","","","","","","","","","","","","","","","","","","","","","","","","","","","","","","","","","","","","","","","","","","","","","","","","","","","","","","","","","","","","","","","","","","","","","","","","","","","","","N/A","","","","","","","","","","","","","","","","18.17","","","7.92","","10.25","","","","","","","","","","","","","","","","","","","","","","","","","","","","","","","","","","","","","","",""
"58","1980-01-01 00:00:00","37","en","735355836","6458e664-9756-ac48-e4f1-47695d44dd63","I accept the outlined privacy policy","Yes","Adobe creative suites with a multitude of programs in it ","","3 - Somewhat disagree","4 - Neither agree nor disagree","1 - Strongly disagree","6 - Agree","6 - Agree","5 - Somewhat agree","5 - Somewhat agree","5 - Somewhat agree","5 - Somewhat agree","7 - Strongly agree","7 - Strongly agree","7 - Strongly agree","5 - Somewhat agree","6 - Agree","6 - Agree","2 - Disagree","5 - Somewhat agree","4 - Neither agree nor disagree","5 - Somewhat agree","5 - Somewhat agree","5 - Somewhat agree","4 - Neither agree nor disagree","5 - Somewhat agree","6 - Agree","6 - Agree","6 - Agree","6 - Agree","1 - Strongly disagree","1 - Strongly disagree","1 - Strongly disagree","1 - Strongly disagree","7 - Strongly agree","4 - Neither agree nor disagree","3 - Somewhat disagree","2 - Disagree","4 - Neither agree nor disagree","5 - Somewhat agree","4 - Neither agree nor disagree","4 - Neither agree nor disagree","4 - Neither agree nor disagree","3 - Somewhat disagree","4 - Neither agree nor disagree","5 - Somewhat agree","4 - Neither agree nor disagree","6 - Agree","6 - Agree","6 - Agree","7 - Strongly agree","7 - Strongly agree","6 - Agree","5 - Somewhat agree","4 - Neither agree nor disagree","5 - Somewhat agree","5 - Somewhat agree","5 - Somewhat agree","6 - Agree","5 - Somewhat agree","5 - Somewhat agree","4 - Neither agree nor disagree","5 - Somewhat agree","3 - Somewhat disagree","5 - Somewhat agree","5 - Somewhat agree","5 - Somewhat agree","5 - Somewhat agree","7 - Strongly agree","4 - Neither agree nor disagree","5 - Somewhat agree","5 - Somewhat agree","2 - Disagree","2 - Disagree","2 - Disagree","2 - Disagree","3 - Somewhat disagree","4 - Neither agree nor disagree","6 - Agree","3 - Somewhat disagree","5 - Somewhat agree","5 - Somewhat agree","4 - Neither agree nor disagree","4 - Neither agree nor disagree","2 - likely","7 - impossible","1 - certain","4 - fifty-fifty","5 - Somewhat agree","... remained the same","... increased","... increased","... increased","No","","Using Adobe creative suite helps to refine and make better presentations. The biggest challenges u see are the knowledge that is needed to use the programs to work efficiently. These programs would dress up the results once the digital transformation takes place in my view. ","Positive results from the digital transformation can be presented in more spectacular  to show the success of the project and its effectiveness to the organization ","Having the right skilled workers with the knowledge needed to execute the transformation along with the budget to fully support it ","Biggest benefits of digital transformation are working more efficiently and effectively and Privia better customer experience more cost effectively ","United States","","50-59","Master's/Diploma","","None","Female","","Other","Banking ","1233.06","","","8.36","","10.49","49.14","7.02","","19.61","38.8","21.42","29.22","37.06","29.45","38.59","31.92","54.05","42.87","97.81","47.68","53.06","74.6","","50.71","","8.65","18.7","11.3","7.53","8.58","10.47","","","141.43","100.34","52.51","71.15","","9.46","6.39","5.18","11.72","5.17","22.62"
"59","","37","en","525521606","6458e665-f5b6-f0b8-817e-18ec52f89e75","I accept the outlined privacy policy","No","","","","","","","","","","","","","","","","","","","","","","","","","","","","","","","","","","","","","","","","","","","","","","","","","","","","","","","","","","","","","","","","","","","","","","","","","","","","","","","","","","","","","","","","","","","","","N/A","","","","","","","","","","","","","","","","32.54","","","19.26","","13.28","","","","","","","","","","","","","","","","","","","","","","","","","","","","","","","","","","","","","","",""
"60","","37","en","455501747","6458e66a-e14a-4436-9340-467c0f5de5d6","I accept the outlined privacy policy","No","","","","","","","","","","","","","","","","","","","","","","","","","","","","","","","","","","","","","","","","","","","","","","","","","","","","","","","","","","","","","","","","","","","","","","","","","","","","","","","","","","","","","","","","","","","","","N/A","","","","","","","","","","","","","","","","26.51","","","15.11","","11.4","","","","","","","","","","","","","","","","","","","","","","","","","","","","","","","","","","","","","","",""
"61","1980-01-01 00:00:00","37","en","1812078213","6458e66a-2b6c-e919-4dbf-13ccc70a2773","I accept the outlined privacy policy","Yes","Microsoft ","","7 - Strongly agree","6 - Agree","7 - Strongly agree","7 - Strongly agree","7 - Strongly agree","7 - Strongly agree","4 - Neither agree nor disagree","4 - Neither agree nor disagree","4 - Neither agree nor disagree","7 - Strongly agree","7 - Strongly agree","6 - Agree","7 - Strongly agree","7 - Strongly agree","6 - Agree","6 - Agree","7 - Strongly agree","7 - Strongly agree","4 - Neither agree nor disagree","4 - Neither agree nor disagree","6 - Agree","7 - Strongly agree","7 - Strongly agree","7 - Strongly agree","6 - Agree","6 - Agree","6 - Agree","4 - Neither agree nor disagree","4 - Neither agree nor disagree","4 - Neither agree nor disagree","7 - Strongly agree","6 - Agree","2 - Disagree","3 - Somewhat disagree","1 - Strongly disagree","2 - Disagree","7 - Strongly agree","4 - Neither agree nor disagree","4 - Neither agree nor disagree","4 - Neither agree nor disagree","3 - Somewhat disagree","7 - Strongly agree","4 - Neither agree nor disagree","1 - Strongly disagree","6 - Agree","6 - Agree","6 - Agree","5 - Somewhat agree","5 - Somewhat agree","6 - Agree","6 - Agree","6 - Agree","6 - Agree","2 - Disagree","4 - Neither agree nor disagree","3 - Somewhat disagree","4 - Neither agree nor disagree","5 - Somewhat agree","6 - Agree","6 - Agree","7 - Strongly agree","4 - Neither agree nor disagree","5 - Somewhat agree","6 - Agree","3 - Somewhat disagree","5 - Somewhat agree","1 - Strongly disagree","5 - Somewhat agree","6 - Agree","6 - Agree","6 - Agree","5 - Somewhat agree","7 - Strongly agree","6 - Agree","3 - Somewhat disagree","7 - Strongly agree","7 - Strongly agree","4 - Neither agree nor disagree","6 - Agree","5 - Somewhat agree","4 - Neither agree nor disagree","5 - somewhat unlikely","4 - fifty-fifty","6 - unlikely","5 - somewhat unlikely","6 - Agree","... remained the same","","... remained the same","... increased","No","","It's the Same ","More money ","No challenge ","Money","United States","","30-39","Advanced technical college certificate","","2 to 5 years","Female","","Medical/Healthcare","","618.29","","","8.41","","11.36","45.62","4","","65.66","56.74","21.37","13.17","57.03","31.9","7.77","26.42","17.77","16.27","30.31","14.19","11.14","13.04","","12.11","","4.75","9.41","1.81","17.97","4.25","7.42","","","17.18","12.27","14.36","8.66","","6.03","4.97","15.94","12.69","6.34","9.96"
"62","","37","en","1850474589","6458e66b-a963-df39-6772-652d8524e850","I accept the outlined privacy policy","No","","","","","","","","","","","","","","","","","","","","","","","","","","","","","","","","","","","","","","","","","","","","","","","","","","","","","","","","","","","","","","","","","","","","","","","","","","","","","","","","","","","","","","","","","","","","","N/A","","","","","","","","","","","","","","","","58.39","","","30.57","","27.82","","","","","","","","","","","","","","","","","","","","","","","","","","","","","","","","","","","","","","",""
"63","","37","en","894838912","6458e663-408d-dd63-7000-0797c0543100","I accept the outlined privacy policy","No","","","","","","","","","","","","","","","","","","","","","","","","","","","","","","","","","","","","","","","","","","","","","","","","","","","","","","","","","","","","","","","","","","","","","","","","","","","","","","","","","","","","","","","","","","","","","N/A","","","","","","","","","","","","","","","","35.23","","","16.09","","19.14","","","","","","","","","","","","","","","","","","","","","","","","","","","","","","","","","","","","","","",""
"64","","37","en","512465988","6458e664-7619-51e1-a036-7f51c4fe2edd","I accept the outlined privacy policy","No","","","","","","","","","","","","","","","","","","","","","","","","","","","","","","","","","","","","","","","","","","","","","","","","","","","","","","","","","","","","","","","","","","","","","","","","","","","","","","","","","","","","","","","","","","","","","N/A","","","","","","","","","","","","","","","","22.62","","","13.04","","9.58","","","","","","","","","","","","","","","","","","","","","","","","","","","","","","","","","","","","","","",""
"65","","37","en","1757714928","6458e658-c5be-9433-f2b9-fbbf5f001c1d","I accept the outlined privacy policy","No","","","","","","","","","","","","","","","","","","","","","","","","","","","","","","","","","","","","","","","","","","","","","","","","","","","","","","","","","","","","","","","","","","","","","","","","","","","","","","","","","","","","","","","","","","","","","N/A","","","","","","","","","","","","","","","","33.28","","","8.79","","24.49","","","","","","","","","","","","","","","","","","","","","","","","","","","","","","","","","","","","","","",""
"66","1980-01-01 00:00:00","37","en","242411085","6458e66e-3e81-7956-63ec-eac45ce2d036","I accept the outlined privacy policy","Yes","new software","","2 - Disagree","5 - Somewhat agree","2 - Disagree","6 - Agree","5 - Somewhat agree","5 - Somewhat agree","6 - Agree","6 - Agree","5 - Somewhat agree","5 - Somewhat agree","5 - Somewhat agree","5 - Somewhat agree","3 - Somewhat disagree","3 - Somewhat disagree","3 - Somewhat disagree","5 - Somewhat agree","5 - Somewhat agree","6 - Agree","6 - Agree","5 - Somewhat agree","6 - Agree","6 - Agree","6 - Agree","6 - Agree","6 - Agree","6 - Agree","6 - Agree","2 - Disagree","3 - Somewhat disagree","4 - Neither agree nor disagree","3 - Somewhat disagree","5 - Somewhat agree","1 - Strongly disagree","1 - Strongly disagree","1 - Strongly disagree","1 - Strongly disagree","5 - Somewhat agree","5 - Somewhat agree","6 - Agree","4 - Neither agree nor disagree","5 - Somewhat agree","5 - Somewhat agree","5 - Somewhat agree","5 - Somewhat agree","5 - Somewhat agree","5 - Somewhat agree","6 - Agree","6 - Agree","5 - Somewhat agree","6 - Agree","5 - Somewhat agree","6 - Agree","6 - Agree","6 - Agree","5 - Somewhat agree","6 - Agree","5 - Somewhat agree","6 - Agree","5 - Somewhat agree","6 - Agree","","6 - Agree","5 - Somewhat agree","6 - Agree","5 - Somewhat agree","6 - Agree","5 - Somewhat agree","6 - Agree","5 - Somewhat agree","3 - Somewhat disagree","3 - Somewhat disagree","5 - Somewhat agree","3 - Somewhat disagree","5 - Somewhat agree","6 - Agree","6 - Agree","5 - Somewhat agree","5 - Somewhat agree","5 - Somewhat agree","5 - Somewhat agree","6 - Agree","6 - unlikely","2 - likely","6 - unlikely","2 - likely","3 - Somewhat disagree","... remained the same","... remained the same","... remained the same","... remained the same","No","","immer auf dem laufenden bleiben","effizienteres arbeiten","die Kosten","die Kosten","Germany","","40-49","Master's/Diploma","","","Male","","","","314.58","","","7.57","","8.18","15.93","3.64","","24.44","6.65","8.41","13.14","7.47","9.98","14.22","11.12","7.39","7.73","11.01","8.02","16.69","6.89","","17.82","","6.87","6.01","3.87","6.27","4.48","4.49","","","18.49","14.19","7.44","8.19","","3.35","3.33","3.92","9.12","3.1","5.16"
"67","1980-01-01 00:00:00","37","en","1290690086","6458e645-e3bc-9f9b-8cd4-3dc0beb4f30d","I accept the outlined privacy policy","Yes","Amazing stuff ","","","","","7 - Strongly agree","1 - Strongly disagree","1 - Strongly disagree","","3 - Somewhat disagree","","7 - Strongly agree","5 - Somewhat agree","6 - Agree","7 - Strongly agree","5 - Somewhat agree","5 - Somewhat agree","6 - Agree","4 - Neither agree nor disagree","","7 - Strongly agree","2 - Disagree","","","","","2 - Disagree","6 - Agree","6 - Agree","7 - Strongly agree","6 - Agree","6 - Agree","","2 - Disagree","5 - Somewhat agree","3 - Somewhat disagree","4 - Neither agree nor disagree","6 - Agree","5 - Somewhat agree","6 - Agree","6 - Agree","4 - Neither agree nor disagree","6 - Agree","4 - Neither agree nor disagree","4 - Neither agree nor disagree","7 - Strongly agree","5 - Somewhat agree","6 - Agree","5 - Somewhat agree","7 - Strongly agree","3 - Somewhat disagree","7 - Strongly agree","2 - Disagree","","7 - Strongly agree","4 - Neither agree nor disagree","3 - Somewhat disagree","3 - Somewhat disagree","6 - Agree","5 - Somewhat agree","1 - Strongly disagree","5 - Somewhat agree","4 - Neither agree nor disagree","","","","","","","","","2 - Disagree","3 - Somewhat disagree","","5 - Somewhat agree","","","","","","","","","","","","","","... remained the same","... increased","... remained the same","... remained the same","Yes","to a high degree","Alot good stuff ","Good stuff","Amazing work","Good stuff ","United States","","21-29","Intermediate school-leaving certificate","","2 to 5 years","Female","","Craft/skilled and manual work","","336.69","","","13.45","","16.15","10.98","3.81","","15.3","14.89","8.93","12.55","9","10.22","27.39","7.56","16","14.56","25.52","6.29","9.31","4.91","","5.49","","4.13","4.65","4.18","3.39","4.96","4.65","4.73","","9.21","10.1","10.36","7.3","","6.53","6.51","5.5","6.48","6.82","4.88"
"68","","37","en","2312139","6458e646-d48d-a212-c962-02117bf645ec","I accept the outlined privacy policy","No","","","","","","","","","","","","","","","","","","","","","","","","","","","","","","","","","","","","","","","","","","","","","","","","","","","","","","","","","","","","","","","","","","","","","","","","","","","","","","","","","","","","","","","","","","","","","N/A","","","","","","","","","","","","","","","","18.03","","","8.14","","9.89","","","","","","","","","","","","","","","","","","","","","","","","","","","","","","","","","","","","","","",""
"69","1980-01-01 00:00:00","37","en","546789039","6458e672-49e2-f511-efbf-0b83722e21b3","I accept the outlined privacy policy","Yes","microsoft","","6 - Agree","5 - Somewhat agree","5 - Somewhat agree","6 - Agree","6 - Agree","5 - Somewhat agree","5 - Somewhat agree","6 - Agree","6 - Agree","6 - Agree","5 - Somewhat agree","6 - Agree","6 - Agree","6 - Agree","6 - Agree","6 - Agree","6 - Agree","5 - Somewhat agree","5 - Somewhat agree","6 - Agree","6 - Agree","5 - Somewhat agree","6 - Agree","6 - Agree","6 - Agree","5 - Somewhat agree","6 - Agree","5 - Somewhat agree","6 - Agree","6 - Agree","6 - Agree","6 - Agree","5 - Somewhat agree","6 - Agree","6 - Agree","5 - Somewhat agree","5 - Somewhat agree","6 - Agree","5 - Somewhat agree","5 - Somewhat agree","6 - Agree","6 - Agree","6 - Agree","5 - Somewhat agree","5 - Somewhat agree","6 - Agree","5 - Somewhat agree","6 - Agree","6 - Agree","5 - Somewhat agree","6 - Agree","6 - Agree","6 - Agree","6 - Agree","5 - Somewhat agree","5 - Somewhat agree","6 - Agree","5 - Somewhat agree","5 - Somewhat agree","5 - Somewhat agree","6 - Agree","6 - Agree","6 - Agree","5 - Somewhat agree","6 - Agree","5 - Somewhat agree","6 - Agree","5 - Somewhat agree","5 - Somewhat agree","6 - Agree","6 - Agree","5 - Somewhat agree","6 - Agree","6 - Agree","7 - Strongly agree","7 - Strongly agree","6 - Agree","6 - Agree","6 - Agree","6 - Agree","6 - Agree","2 - likely","2 - likely","1 - certain","2 - likely","6 - Agree","... increased","... increased","... increased","... increased","Yes","to a high degree","it was a simple process","i like it a lot","it was a good fit","it made my life easier","United States","","40-49","Lower school-leaving certificate","","10 to 20 years","Female","","Medical/Healthcare","","847.68","","","118.1","","4.2","24.64","31.93","","8.83","21.81","15.16","71.41","24.79","18.31","43.98","13.29","18.97","16.56","36.38","25.03","19.93","40.03","","9.81","","12.74","42.48","9.98","10.45","14.77","7.03","5.95","","87.69","12.42","19.41","20.71","","6.38","5.32","9.55","6.62","4.54","8.48"
"70","","37","en","58019593","6458e65d-d341-9f2b-82a3-d96fd2b31bd2","I accept the outlined privacy policy","No","","","","","","","","","","","","","","","","","","","","","","","","","","","","","","","","","","","","","","","","","","","","","","","","","","","","","","","","","","","","","","","","","","","","","","","","","","","","","","","","","","","","","","","","","","","","","N/A","","","","","","","","","","","","","","","","30.5","","","12.86","","17.64","","","","","","","","","","","","","","","","","","","","","","","","","","","","","","","","","","","","","","",""
"71","1980-01-01 00:00:00","37","en","554038156","6458e66f-1d33-65c9-1458-bfcc537648f2","I accept the outlined privacy policy","Yes","I work with computer software every day ","","7 - Strongly agree","6 - Agree","6 - Agree","7 - Strongly agree","5 - Somewhat agree","6 - Agree","7 - Strongly agree","7 - Strongly agree","5 - Somewhat agree","7 - Strongly agree","6 - Agree","7 - Strongly agree","7 - Strongly agree","7 - Strongly agree","7 - Strongly agree","6 - Agree","7 - Strongly agree","6 - Agree","6 - Agree","7 - Strongly agree","7 - Strongly agree","7 - Strongly agree","7 - Strongly agree","7 - Strongly agree","7 - Strongly agree","7 - Strongly agree","6 - Agree","2 - Disagree","6 - Agree","7 - Strongly agree","7 - Strongly agree","6 - Agree","5 - Somewhat agree","7 - Strongly agree","7 - Strongly agree","6 - Agree","6 - Agree","7 - Strongly agree","5 - Somewhat agree","7 - Strongly agree","6 - Agree","7 - Strongly agree","5 - Somewhat agree","6 - Agree","5 - Somewhat agree","6 - Agree","7 - Strongly agree","7 - Strongly agree","6 - Agree","5 - Somewhat agree","6 - Agree","6 - Agree","6 - Agree","6 - Agree","7 - Strongly agree","6 - Agree","5 - Somewhat agree","6 - Agree","7 - Strongly agree","5 - Somewhat agree","7 - Strongly agree","7 - Strongly agree","6 - Agree","7 - Strongly agree","7 - Strongly agree","7 - Strongly agree","6 - Agree","7 - Strongly agree","6 - Agree","6 - Agree","7 - Strongly agree","6 - Agree","7 - Strongly agree","7 - Strongly agree","7 - Strongly agree","6 - Agree","6 - Agree","6 - Agree","5 - Somewhat agree","7 - Strongly agree","7 - Strongly agree","2 - likely","1 - certain","2 - likely","1 - certain","3 - Somewhat disagree","... increased","... remained the same","... remained the same","... increased","Yes","to a very high degree","Challenge would be when the software needs updated","Beneficial to my work schedule and work load","Would be new softy","It's a good software company, it does what it's supposed to do ","United States","","30-39","Intermediate school-leaving certificate","","2 to 5 years","Female","","Medical/Healthcare","","580.08","","","51.31","","4.83","34.02","2.19","","13.68","15.91","11.7","8.53","17.59","11.14","15.55","12","15.52","69.19","40.79","20.11","9.29","19.23","","10.53","","10.9","4.59","3.56","3.43","3.45","4.84","6.31","","22.91","22.61","21.36","57.04","","4.96","5.83","8.95","8.33","3.39","4.51"
"72","","37","en","154086054","6458e675-bdcf-b584-5d27-428474962078","I accept the outlined privacy policy","No","","","","","","","","","","","","","","","","","","","","","","","","","","","","","","","","","","","","","","","","","","","","","","","","","","","","","","","","","","","","","","","","","","","","","","","","","","","","","","","","","","","","","","","","","","","","","N/A","","","","","","","","","","","","","","","","76.87","","","57.73","","19.14","","","","","","","","","","","","","","","","","","","","","","","","","","","","","","","","","","","","","","",""
"73","","37","en","1148835616","6458e675-db22-d239-d347-733055b51ac5","I accept the outlined privacy policy","No","","","","","","","","","","","","","","","","","","","","","","","","","","","","","","","","","","","","","","","","","","","","","","","","","","","","","","","","","","","","","","","","","","","","","","","","","","","","","","","","","","","","","","","","","","","","","N/A","","","","","","","","","","","","","","","","41.28","","","29.57","","11.71","","","","","","","","","","","","","","","","","","","","","","","","","","","","","","","","","","","","","","",""
"74","","37","en","834134387","6458e673-c482-6721-f397-a6b8022534ed","I accept the outlined privacy policy","No","","","","","","","","","","","","","","","","","","","","","","","","","","","","","","","","","","","","","","","","","","","","","","","","","","","","","","","","","","","","","","","","","","","","","","","","","","","","","","","","","","","","","","","","","","","","","N/A","","","","","","","","","","","","","","","","31.81","","","15.07","","16.74","","","","","","","","","","","","","","","","","","","","","","","","","","","","","","","","","","","","","","",""
"75","1980-01-01 00:00:00","37","en","933877243","6458e691-f43a-55f3-e822-da50836321f4","I accept the outlined privacy policy","Yes","I took part in many projects, but I can't remember.","","6 - Agree","5 - Somewhat agree","6 - Agree","6 - Agree","5 - Somewhat agree","5 - Somewhat agree","6 - Agree","5 - Somewhat agree","5 - Somewhat agree","6 - Agree","6 - Agree","5 - Somewhat agree","5 - Somewhat agree","6 - Agree","6 - Agree","5 - Somewhat agree","5 - Somewhat agree","5 - Somewhat agree","5 - Somewhat agree","5 - Somewhat agree","5 - Somewhat agree","5 - Somewhat agree","5 - Somewhat agree","5 - Somewhat agree","6 - Agree","5 - Somewhat agree","5 - Somewhat agree","6 - Agree","5 - Somewhat agree","6 - Agree","6 - Agree","5 - Somewhat agree","5 - Somewhat agree","5 - Somewhat agree","5 - Somewhat agree","5 - Somewhat agree","5 - Somewhat agree","5 - Somewhat agree","5 - Somewhat agree","5 - Somewhat agree","5 - Somewhat agree","5 - Somewhat agree","5 - Somewhat agree","5 - Somewhat agree","5 - Somewhat agree","5 - Somewhat agree","5 - Somewhat agree","5 - Somewhat agree","5 - Somewhat agree","5 - Somewhat agree","5 - Somewhat agree","6 - Agree","5 - Somewhat agree","5 - Somewhat agree","5 - Somewhat agree","5 - Somewhat agree","5 - Somewhat agree","5 - Somewhat agree","5 - Somewhat agree","5 - Somewhat agree","6 - Agree","5 - Somewhat agree","5 - Somewhat agree","5 - Somewhat agree","5 - Somewhat agree","5 - Somewhat agree","5 - Somewhat agree","5 - Somewhat agree","5 - Somewhat agree","5 - Somewhat agree","5 - Somewhat agree","5 - Somewhat agree","5 - Somewhat agree","5 - Somewhat agree","6 - Agree","6 - Agree","5 - Somewhat agree","5 - Somewhat agree","5 - Somewhat agree","5 - Somewhat agree","6 - Agree","5 - somewhat unlikely","5 - somewhat unlikely","5 - somewhat unlikely","4 - fifty-fifty","5 - Somewhat agree","... remained the same","... remained the same","... remained the same","... remained the same","Yes","to a high degree","I didn't really have any difficulties, it took a lot of time, I spent all day on this project.","It actually helped a lot, but I can't think about it right now.","There weren't any major problems with this project, but there were a few spots where I struggled, but in general I didn't have many problems.","The digital transformation is of course very useful, I recommend it to everyone, it is absolutely wonderful. Thanks to the digital transformation, many conveniences can be provided.","Germany","","30-39","Other","","2 to 5 years","Male","","Other","","860.49","","","9.77","","4.11","58.92","2.95","","7.45","88.82","75.72","7.94","15.79","6.89","7.29","7.81","16.46","38.63","14.78","14.96","8.32","13.13","","15.51","","5.06","20.36","5.86","2.69","2.22","16.88","19.55","","60.83","50.37","66.18","66.33","","17.32","9.82","27.16","30.55","22.9","21.16"
"76","","37","en","1790152913","6458e679-9c36-712a-80f8-05182a56bf24","I accept the outlined privacy policy","No","","","","","","","","","","","","","","","","","","","","","","","","","","","","","","","","","","","","","","","","","","","","","","","","","","","","","","","","","","","","","","","","","","","","","","","","","","","","","","","","","","","","","","","","","","","","","N/A","","","","","","","","","","","","","","","","11.27","","","5.27","","6","","","","","","","","","","","","","","","","","","","","","","","","","","","","","","","","","","","","","","",""
"77","","9","en","217820683","6458e664-cd11-a267-2e13-a0f9ca849288","I accept the outlined privacy policy","Yes","Ich arbeite an die Weiterentwicklung von Technologie in unserer Firma","","","","","6 - Agree","5 - Somewhat agree","5 - Somewhat agree","6 - Agree","6 - Agree","6 - Agree","","","","","","","","","","","","","","","","","","","","","","","","4 - Neither agree nor disagree","4 - Neither agree nor disagree","4 - Neither agree nor disagree","4 - Neither agree nor disagree","4 - Neither agree nor disagree","5 - Somewhat agree","4 - Neither agree nor disagree","5 - Somewhat agree","4 - Neither agree nor disagree","5 - Somewhat agree","3 - Somewhat disagree","5 - Somewhat agree","","","","","","","","","","","","","","","","","","","","","","","","","","2 - Disagree","3 - Somewhat disagree","3 - Somewhat disagree","2 - Disagree","","","","","","","","","","","","","","","","","","N/A","","","","","","","","","","","","","","","","241.45","","","13.39","","4.02","65.46","7.35","","","11.39","","","","","","12.75","108.93","","","","18.16","","","","","","","","","","","","","","","","","","","","","","",""
"78","","37","en","1269924547","6458e662-b3ca-e1f9-d55a-9edb8e0a9d39","I accept the outlined privacy policy","No","","","","","","","","","","","","","","","","","","","","","","","","","","","","","","","","","","","","","","","","","","","","","","","","","","","","","","","","","","","","","","","","","","","","","","","","","","","","","","","","","","","","","","","","","","","","","N/A","","","","","","","","","","","","","","","","16.71","","","7.36","","9.35","","","","","","","","","","","","","","","","","","","","","","","","","","","","","","","","","","","","","","",""
"79","1980-01-01 00:00:00","37","en","1344428033","6458e682-67af-7991-f381-e985bab98d64","I accept the outlined privacy policy","Yes","nothing","","","","","","","","","","","","","","","","","","","","","","","","","","","","","","","","","","","","","","","","","","","","","","","","","","","","","","","","","","","","","","","","","","","","","","","","","","","","","","","","","","","","","","","","","","","","N/A","","none","none","none","none","Germany","","40-49","Intermediate school-leaving certificate","","None","Male","","Service/public service","","173.68","","","6.42","","8.45","9.25","3.59","","2.49","3.69","2.8","3.5","6.7","3.31","3.13","2.81","3.63","3.1","2.84","2.67","2.72","3.36","","2.46","","2.99","7.47","3.28","2.02","1.56","4.44","","","7.44","4.91","5.51","8.09","","11.62","5.04","10.23","7.48","5.69","8.99"
"80","","37","en","1609002797","6458e697-6f64-117e-dce7-28a9bcce54d8","I accept the outlined privacy policy","No","","","","","","","","","","","","","","","","","","","","","","","","","","","","","","","","","","","","","","","","","","","","","","","","","","","","","","","","","","","","","","","","","","","","","","","","","","","","","","","","","","","","","","","","","","","","","N/A","","","","","","","","","","","","","","","","16.32","","","7.47","","8.85","","","","","","","","","","","","","","","","","","","","","","","","","","","","","","","","","","","","","","",""
"81","","37","en","2131976186","6458e6aa-952f-4d89-f36a-fa40585ba5a7","I accept the outlined privacy policy","No","","","","","","","","","","","","","","","","","","","","","","","","","","","","","","","","","","","","","","","","","","","","","","","","","","","","","","","","","","","","","","","","","","","","","","","","","","","","","","","","","","","","","","","","","","","","","N/A","","","","","","","","","","","","","","","","27.66","","","16.96","","10.7","","","","","","","","","","","","","","","","","","","","","","","","","","","","","","","","","","","","","","",""
"82","1980-01-01 00:00:00","37","en","2004344450","6458e6a2-b6ed-0858-190e-643054d1189d","I accept the outlined privacy policy","Yes","No","","6 - Agree","3 - Somewhat disagree","4 - Neither agree nor disagree","5 - Somewhat agree","2 - Disagree","4 - Neither agree nor disagree","5 - Somewhat agree","3 - Somewhat disagree","5 - Somewhat agree","3 - Somewhat disagree","5 - Somewhat agree","5 - Somewhat agree","5 - Somewhat agree","3 - Somewhat disagree","5 - Somewhat agree","3 - Somewhat disagree","6 - Agree","4 - Neither agree nor disagree","4 - Neither agree nor disagree","3 - Somewhat disagree","6 - Agree","5 - Somewhat agree","4 - Neither agree nor disagree","5 - Somewhat agree","6 - Agree","6 - Agree","5 - Somewhat agree","4 - Neither agree nor disagree","5 - Somewhat agree","5 - Somewhat agree","3 - Somewhat disagree","3 - Somewhat disagree","4 - Neither agree nor disagree","4 - Neither agree nor disagree","6 - Agree","6 - Agree","4 - Neither agree nor disagree","3 - Somewhat disagree","5 - Somewhat agree","5 - Somewhat agree","6 - Agree","4 - Neither agree nor disagree","6 - Agree","4 - Neither agree nor disagree","5 - Somewhat agree","3 - Somewhat disagree","2 - Disagree","5 - Somewhat agree","4 - Neither agree nor disagree","4 - Neither agree nor disagree","6 - Agree","6 - Agree","3 - Somewhat disagree","3 - Somewhat disagree","5 - Somewhat agree","4 - Neither agree nor disagree","6 - Agree","4 - Neither agree nor disagree","4 - Neither agree nor disagree","5 - Somewhat agree","4 - Neither agree nor disagree","5 - Somewhat agree","3 - Somewhat disagree","5 - Somewhat agree","5 - Somewhat agree","5 - Somewhat agree","3 - Somewhat disagree","3 - Somewhat disagree","4 - Neither agree nor disagree","3 - Somewhat disagree","4 - Neither agree nor disagree","6 - Agree","3 - Somewhat disagree","5 - Somewhat agree","5 - Somewhat agree","4 - Neither agree nor disagree","4 - Neither agree nor disagree","6 - Agree","3 - Somewhat disagree","5 - Somewhat agree","6 - Agree","4 - fifty-fifty","3 - somewhat likely","6 - unlikely","5 - somewhat unlikely","5 - Somewhat agree","... remained the same","... increased","... remained the same","... decreased","Yes","to a high degree","No","No","No","No","Germany","","30-39","Bachelor's/Prediploma","","5 to 10 years","Female","","Medical/Healthcare","","225.38","","","6.83","","3.69","4.37","2.17","","6.39","9.57","5.42","8.58","14.18","7.36","6.92","7.55","12.66","10.17","15.84","11.13","7.4","11.83","","7.6","","3.71","3.28","2.58","3.52","2.57","2.8","3.7","","4.98","4.06","3.7","3.58","","7.77","3.95","5.2","3.35","3.17","3.8"
"83","1980-01-01 00:00:00","37","en","1853863197","6458e692-37cd-5b86-f03b-e76d7b923171","I accept the outlined privacy policy","Yes","ok","","","","","4 - Neither agree nor disagree","6 - Agree","2 - Disagree","5 - Somewhat agree","2 - Disagree","","","","","","","","","3 - Somewhat disagree","7 - Strongly agree","","","","","","","","","","","","","","","","","","","","","","","","","","","","","","","","","","","","","","","","","","","","","","","","","","","","","","","","6 - Agree","6 - Agree","6 - Agree","7 - Strongly agree","4 - Neither agree nor disagree","","3 - Somewhat disagree","2 - Disagree","","","","","","","","... increased","","Yes","to a very high degree","l","o","k","ok","Rest of Europe","","21-29","Lower school-leaving certificate","","2 to 5 years","Diverse","","Medical/Healthcare","","267.94","","","9.42","","9.56","7.4","3.18","","7.13","18.57","47.69","6.45","11.66","5.51","10.06","3.75","11.36","10.6","12.83","4.97","6.14","12.7","","4.06","","2.63","2.57","2.26","3.51","4.07","3.1","3.9","","3.66","3.49","3.48","5.47","","3.59","4.66","4.63","3.74","3.25","6.89"
"84","","37","en","108425189","6458e6a9-2e73-2477-5225-d175278cb17c","I accept the outlined privacy policy","No","","","","","","","","","","","","","","","","","","","","","","","","","","","","","","","","","","","","","","","","","","","","","","","","","","","","","","","","","","","","","","","","","","","","","","","","","","","","","","","","","","","","","","","","","","","","","N/A","","","","","","","","","","","","","","","","23.93","","","11.91","","12.02","","","","","","","","","","","","","","","","","","","","","","","","","","","","","","","","","","","","","","",""
"85","","","en","747432197","","","N/A","","","","","","","","","","","","","","","","","","","","","","","","","","","","","","","","","","","","","","","","","","","","","","","","","","","","","","","","","","","","","","","","","","","","","","","","","","","","","","","","","","","","","","","","","","","","","N/A","","","","","","","","","","","","","","","","0","","","","","","","","","","","","","","","","","","","","","","","","","","","","","","","","","","","","","","","","","","","",""
"86","","6","en","1363198255","6458f28f-5e12-b5e7-5edb-5a04424d42e3","I accept the outlined privacy policy","Yes","Sage","","","","","","","","","","","","","","","","","","","","","","","","","","","","","","","","","","","","","","","","","","","","","","","","","","","","6 - Agree","5 - Somewhat agree","3 - Somewhat disagree","3 - Somewhat disagree","5 - Somewhat agree","4 - Neither agree nor disagree","4 - Neither agree nor disagree","5 - Somewhat agree","5 - Somewhat agree","4 - Neither agree nor disagree","4 - Neither agree nor disagree","","","","","","","","","","","","","","","","","","","","","","","","","","","","","","N/A","","","","","","","","","","","","","","","","40.5","","","12.24","","4.07","7.77","2.37","","","","","","","","","","","","14.05","","","","","","","","","","","","","","","","","","","","","","","","",""
"87","","37","en","974565925","6458f269-4513-c82e-05cc-f94ec5cebb2d","I accept the outlined privacy policy","No","","","","","","","","","","","","","","","","","","","","","","","","","","","","","","","","","","","","","","","","","","","","","","","","","","","","","","","","","","","","","","","","","","","","","","","","","","","","","","","","","","","","","","","","","","","","","N/A","","","","","","","","","","","","","","","","36.13","","","21.72","","14.41","","","","","","","","","","","","","","","","","","","","","","","","","","","","","","","","","","","","","","",""
"88","","-1","en","1484531648","6458f283-407e-5b05-ce2a-ea59f3621d96","","N/A","","","","","","","","","","","","","","","","","","","","","","","","","","","","","","","","","","","","","","","","","","","","","","","","","","","","","","","","","","","","","","","","","","","","","","","","","","","","","","","","","","","","","","","","","","","","","N/A","","","","","","","","","","","","","","","","0","","","","","","","","","","","","","","","","","","","","","","","","","","","","","","","","","","","","","","","","","","","",""
"89","1980-01-01 00:00:00","37","en","346021812","6458f2aa-e8dd-c700-13fd-fd712ca57baf","I accept the outlined privacy policy","Yes","es ging darum, kundendaten in eine datei zu erfassen","","7 - Strongly agree","7 - Strongly agree","6 - Agree","6 - Agree","7 - Strongly agree","7 - Strongly agree","6 - Agree","6 - Agree","7 - Strongly agree","6 - Agree","6 - Agree","5 - Somewhat agree","7 - Strongly agree","7 - Strongly agree","5 - Somewhat agree","2 - Disagree","6 - Agree","6 - Agree","7 - Strongly agree","7 - Strongly agree","7 - Strongly agree","6 - Agree","7 - Strongly agree","7 - Strongly agree","6 - Agree","6 - Agree","7 - Strongly agree","2 - Disagree","6 - Agree","7 - Strongly agree","7 - Strongly agree","7 - Strongly agree","2 - Disagree","2 - Disagree","2 - Disagree","2 - Disagree","7 - Strongly agree","6 - Agree","6 - Agree","7 - Strongly agree","7 - Strongly agree","7 - Strongly agree","6 - Agree","6 - Agree","6 - Agree","6 - Agree","6 - Agree","7 - Strongly agree","5 - Somewhat agree","7 - Strongly agree","6 - Agree","7 - Strongly agree","5 - Somewhat agree","6 - Agree","7 - Strongly agree","6 - Agree","6 - Agree","7 - Strongly agree","6 - Agree","7 - Strongly agree","6 - Agree","7 - Strongly agree","6 - Agree","7 - Strongly agree","6 - Agree","7 - Strongly agree","6 - Agree","7 - Strongly agree","5 - Somewhat agree","7 - Strongly agree","6 - Agree","6 - Agree","6 - Agree","6 - Agree","5 - Somewhat agree","7 - Strongly agree","6 - Agree","5 - Somewhat agree","6 - Agree","7 - Strongly agree","5 - Somewhat agree","2 - likely","2 - likely","3 - somewhat likely","3 - somewhat likely","5 - Somewhat agree","... remained the same","... remained the same","... remained the same","... remained the same","No","","das die datenmigration erfolgreich abgeschlossen wird und das man regelmäßig backups erstellt","die aufgaben sind deutlich schneller machbar und es ist auch kostengünstiger","man muss regelmäßig auf aktualisierungen achten  ","bessere effizienz bei den erledigten aufgaben","Germany","","30-39","Bachelor's/Prediploma","","5 to 10 years","Male","","Service/public service","","876.03","","","6.37","","5.74","52.99","3.07","","4.8","7.07","3.41","16.49","9.41","11.88","5.42","13.17","11.84","7.25","7.92","6.43","4.51","6.53","","11.28","","4.63","3.66","3.06","2.13","1.98","5.95","","","49.37","39.56","36.68","21.4","","3.95","243.8","152.44","7.22","51.25","53.37"
"90","","37","en","1889252836","6458f29f-0ec3-8079-0e3d-80afafc17150","I accept the outlined privacy policy","No","","","","","","","","","","","","","","","","","","","","","","","","","","","","","","","","","","","","","","","","","","","","","","","","","","","","","","","","","","","","","","","","","","","","","","","","","","","","","","","","","","","","","","","","","","","","","N/A","","","","","","","","","","","","","","","","21.26","","","12.37","","8.89","","","","","","","","","","","","","","","","","","","","","","","","","","","","","","","","","","","","","","",""
"91","1980-01-01 00:00:00","37","en","1026229650","6458f299-3f60-9df7-f4e5-223ff5d75412","I accept the outlined privacy policy","Yes","I participated in DMA","","5 - Somewhat agree","7 - Strongly agree","6 - Agree","7 - Strongly agree","6 - Agree","7 - Strongly agree","7 - Strongly agree","7 - Strongly agree","5 - Somewhat agree","4 - Neither agree nor disagree","2 - Disagree","5 - Somewhat agree","5 - Somewhat agree","5 - Somewhat agree","6 - Agree","5 - Somewhat agree","6 - Agree","5 - Somewhat agree","5 - Somewhat agree","7 - Strongly agree","6 - Agree","7 - Strongly agree","6 - Agree","7 - Strongly agree","6 - Agree","6 - Agree","6 - Agree","5 - Somewhat agree","6 - Agree","6 - Agree","5 - Somewhat agree","5 - Somewhat agree","4 - Neither agree nor disagree","4 - Neither agree nor disagree","5 - Somewhat agree","5 - Somewhat agree","7 - Strongly agree","6 - Agree","6 - Agree","7 - Strongly agree","5 - Somewhat agree","6 - Agree","5 - Somewhat agree","6 - Agree","6 - Agree","6 - Agree","7 - Strongly agree","7 - Strongly agree","5 - Somewhat agree","5 - Somewhat agree","7 - Strongly agree","6 - Agree","6 - Agree","6 - Agree","6 - Agree","5 - Somewhat agree","7 - Strongly agree","7 - Strongly agree","5 - Somewhat agree","6 - Agree","6 - Agree","6 - Agree","6 - Agree","6 - Agree","7 - Strongly agree","7 - Strongly agree","6 - Agree","7 - Strongly agree","6 - Agree","6 - Agree","6 - Agree","7 - Strongly agree","6 - Agree","6 - Agree","7 - Strongly agree","6 - Agree","5 - Somewhat agree","6 - Agree","6 - Agree","5 - Somewhat agree","6 - Agree","6 - unlikely","6 - unlikely","7 - impossible","5 - somewhat unlikely","7 - Strongly agree","... increased","... increased","... remained the same","... decreased","No","","To pull out the same amount of money used as it would been not only digitalized","its easier and just helps out to do other work ","to get the people to actually want to use it ","be more efficent with more projects at the same time","Germany","","30-39","Advanced technical college certificate","","5 to 10 years","Male","","","","592.55","","","11.31","","7.13","25.12","2.05","","143.87","7.01","54.73","5.63","7.39","11.24","15.12","10.27","6.34","11.95","17.26","14.68","7.2","25.78","","8.84","","11.73","4.79","6.49","8.1","6.64","7.35","","","43.55","26.53","31.45","25.22","","3.06","3.26","4.73","7.47","3.49","5.77"
"92","","37","en","1352732348","6458f2ad-7123-8f54-1b99-a8fbce38b8bb","I accept the outlined privacy policy","No","","","","","","","","","","","","","","","","","","","","","","","","","","","","","","","","","","","","","","","","","","","","","","","","","","","","","","","","","","","","","","","","","","","","","","","","","","","","","","","","","","","","","","","","","","","","","N/A","","","","","","","","","","","","","","","","26.69","","","12.77","","13.92","","","","","","","","","","","","","","","","","","","","","","","","","","","","","","","","","","","","","","",""
"93","1980-01-01 00:00:00","37","en","512275826","6458f2b0-1b2c-1a73-ea88-ca63ab040fd6","I accept the outlined privacy policy","Yes","The project was an app for calculating our business wins.","","4 - Neither agree nor disagree","5 - Somewhat agree","4 - Neither agree nor disagree","6 - Agree","7 - Strongly agree","3 - Somewhat disagree","5 - Somewhat agree","3 - Somewhat disagree","4 - Neither agree nor disagree","5 - Somewhat agree","2 - Disagree","4 - Neither agree nor disagree","4 - Neither agree nor disagree","3 - Somewhat disagree","4 - Neither agree nor disagree","5 - Somewhat agree","5 - Somewhat agree","6 - Agree","4 - Neither agree nor disagree","5 - Somewhat agree","5 - Somewhat agree","5 - Somewhat agree","6 - Agree","5 - Somewhat agree","4 - Neither agree nor disagree","4 - Neither agree nor disagree","6 - Agree","5 - Somewhat agree","4 - Neither agree nor disagree","5 - Somewhat agree","5 - Somewhat agree","4 - Neither agree nor disagree","4 - Neither agree nor disagree","4 - Neither agree nor disagree","4 - Neither agree nor disagree","4 - Neither agree nor disagree","5 - Somewhat agree","4 - Neither agree nor disagree","4 - Neither agree nor disagree","4 - Neither agree nor disagree","6 - Agree","4 - Neither agree nor disagree","5 - Somewhat agree","6 - Agree","5 - Somewhat agree","5 - Somewhat agree","4 - Neither agree nor disagree","6 - Agree","4 - Neither agree nor disagree","4 - Neither agree nor disagree","5 - Somewhat agree","4 - Neither agree nor disagree","5 - Somewhat agree","5 - Somewhat agree","4 - Neither agree nor disagree","6 - Agree","5 - Somewhat agree","4 - Neither agree nor disagree","","4 - Neither agree nor disagree","5 - Somewhat agree","7 - Strongly agree","4 - Neither agree nor disagree","4 - Neither agree nor disagree","6 - Agree","4 - Neither agree nor disagree","5 - Somewhat agree","5 - Somewhat agree","5 - Somewhat agree","4 - Neither agree nor disagree","4 - Neither agree nor disagree","4 - Neither agree nor disagree","5 - Somewhat agree","6 - Agree","6 - Agree","5 - Somewhat agree","5 - Somewhat agree","4 - Neither agree nor disagree","6 - Agree","6 - Agree","5 - Somewhat agree","3 - somewhat likely","4 - fifty-fifty","3 - somewhat likely","3 - somewhat likely","5 - Somewhat agree","... increased","... remained the same","... increased","... increased","Yes","to a high degree","To implement it in the business","Easier and faster work. ","To get enough people to use it. ","Getting better and faster workers","Germany","","30-39","Bachelor's/Prediploma","","5 to 10 years","Male","","Medical/Healthcare","","1211.01","","","15.2","","12.01","48.86","9.06","","18.94","61.18","41.49","26.04","71.78","32.35","25.68","36.73","45.74","106.61","89.32","92.83","31.13","40.03","","39.65","","42.47","10.58","17.54","11.63","9.74","9.66","9.21","","27.63","42.17","103.09","21.15","","4.82","5.71","19.02","19.66","4.65","7.65"
"94","","37","en","461468083","6458f2c8-2997-1512-b85e-217af5a927a5","I accept the outlined privacy policy","No","","","","","","","","","","","","","","","","","","","","","","","","","","","","","","","","","","","","","","","","","","","","","","","","","","","","","","","","","","","","","","","","","","","","","","","","","","","","","","","","","","","","","","","","","","","","","N/A","","","","","","","","","","","","","","","","29.44","","","26.16","","3.28","","","","","","","","","","","","","","","","","","","","","","","","","","","","","","","","","","","","","","",""
"95","1980-01-01 00:00:00","37","en","557296003","6458f2cd-65b2-1687-6ea9-d758ed0c3e31","I accept the outlined privacy policy","Yes","Tech robots in high school","","7 - Strongly agree","4 - Neither agree nor disagree","6 - Agree","6 - Agree","4 - Neither agree nor disagree","6 - Agree","3 - Somewhat disagree","5 - Somewhat agree","7 - Strongly agree","6 - Agree","5 - Somewhat agree","3 - Somewhat disagree","7 - Strongly agree","5 - Somewhat agree","5 - Somewhat agree","2 - Disagree","6 - Agree","5 - Somewhat agree","5 - Somewhat agree","4 - Neither agree nor disagree","","2 - Disagree","6 - Agree","6 - Agree","2 - Disagree","6 - Agree","4 - Neither agree nor disagree","6 - Agree","5 - Somewhat agree","6 - Agree","1 - Strongly disagree","","6 - Agree","2 - Disagree","4 - Neither agree nor disagree","4 - Neither agree nor disagree","4 - Neither agree nor disagree","7 - Strongly agree","6 - Agree","","","","6 - Agree","6 - Agree","4 - Neither agree nor disagree","2 - Disagree","3 - Somewhat disagree","7 - Strongly agree","4 - Neither agree nor disagree","5 - Somewhat agree","1 - Strongly disagree","6 - Agree","4 - Neither agree nor disagree","6 - Agree","3 - Somewhat disagree","5 - Somewhat agree","6 - Agree","2 - Disagree","7 - Strongly agree","3 - Somewhat disagree","6 - Agree","4 - Neither agree nor disagree","7 - Strongly agree","6 - Agree","3 - Somewhat disagree","4 - Neither agree nor disagree","6 - Agree","4 - Neither agree nor disagree","","4 - Neither agree nor disagree","5 - Somewhat agree","5 - Somewhat agree","1 - Strongly disagree","7 - Strongly agree","6 - Agree","3 - Somewhat disagree","4 - Neither agree nor disagree","6 - Agree","7 - Strongly agree","4 - Neither agree nor disagree","5 - Somewhat agree","3 - somewhat likely","5 - somewhat unlikely","5 - somewhat unlikely","7 - impossible","","... remained the same","... increased","... increased","... decreased","N/A","","To make sure every piece is correctly put together so it doesn’t malfunction easily ","We had to go beyond thinking .. so that it was just so ordinary ","","I mean once the plan is thought out it’s not hard ","United States","","30-39","Master's/Diploma","","less than 2 years","Male","","Other","","2460.48","","","12.48","","150.98","21.56","2.68","","10.57","1461.61","10.84","30.61","16.71","41.44","10.41","21.66","142.32","17.1","25.93","40.04","120.27","18.52","","12.65","","65.14","3.56","3.38","3.04","3.54","15.53","","","63.09","66.59","1.62","29.42","","6.2","4.07","9.52","9.15","2.7","5.55"
"96","","37","en","137022941","6458f2dc-3193-c2a0-04e7-899a912e9a6c","I accept the outlined privacy policy","No","","","","","","","","","","","","","","","","","","","","","","","","","","","","","","","","","","","","","","","","","","","","","","","","","","","","","","","","","","","","","","","","","","","","","","","","","","","","","","","","","","","","","","","","","","","","","N/A","","","","","","","","","","","","","","","","28.43","","","15.72","","12.71","","","","","","","","","","","","","","","","","","","","","","","","","","","","","","","","","","","","","","",""
"97","","37","en","1131717670","6458f2e2-5209-aea0-ca4d-00464fe651e2","I accept the outlined privacy policy","No","","","","","","","","","","","","","","","","","","","","","","","","","","","","","","","","","","","","","","","","","","","","","","","","","","","","","","","","","","","","","","","","","","","","","","","","","","","","","","","","","","","","","","","","","","","","","N/A","","","","","","","","","","","","","","","","21.52","","","7.92","","13.6","","","","","","","","","","","","","","","","","","","","","","","","","","","","","","","","","","","","","","",""
"98","","37","en","556848700","6458f2e3-99be-e04e-4638-b9cb0e32c56b","I accept the outlined privacy policy","No","","","","","","","","","","","","","","","","","","","","","","","","","","","","","","","","","","","","","","","","","","","","","","","","","","","","","","","","","","","","","","","","","","","","","","","","","","","","","","","","","","","","","","","","","","","","","N/A","","","","","","","","","","","","","","","","29.27","","","14.19","","15.08","","","","","","","","","","","","","","","","","","","","","","","","","","","","","","","","","","","","","","",""
"99","","37","en","1902587982","6458f2e3-9042-7389-fc9b-6d719a3fef1d","I accept the outlined privacy policy","No","","","","","","","","","","","","","","","","","","","","","","","","","","","","","","","","","","","","","","","","","","","","","","","","","","","","","","","","","","","","","","","","","","","","","","","","","","","","","","","","","","","","","","","","","","","","","N/A","","","","","","","","","","","","","","","","28.6","","","17.96","","10.64","","","","","","","","","","","","","","","","","","","","","","","","","","","","","","","","","","","","","","",""
"100","1980-01-01 00:00:00","37","en","1414191532","6458f2d4-e58e-7a39-705f-f6f36e776b60","I accept the outlined privacy policy","Yes","I participated in the planning & building of a new server infrastructure for data backup","","3 - Somewhat disagree","4 - Neither agree nor disagree","2 - Disagree","6 - Agree","5 - Somewhat agree","6 - Agree","5 - Somewhat agree","4 - Neither agree nor disagree","5 - Somewhat agree","6 - Agree","6 - Agree","6 - Agree","6 - Agree","4 - Neither agree nor disagree","3 - Somewhat disagree","4 - Neither agree nor disagree","4 - Neither agree nor disagree","4 - Neither agree nor disagree","5 - Somewhat agree","5 - Somewhat agree","4 - Neither agree nor disagree","3 - Somewhat disagree","5 - Somewhat agree","4 - Neither agree nor disagree","6 - Agree","6 - Agree","6 - Agree","2 - Disagree","2 - Disagree","2 - Disagree","3 - Somewhat disagree","4 - Neither agree nor disagree","2 - Disagree","2 - Disagree","2 - Disagree","2 - Disagree","4 - Neither agree nor disagree","3 - Somewhat disagree","3 - Somewhat disagree","4 - Neither agree nor disagree","4 - Neither agree nor disagree","4 - Neither agree nor disagree","4 - Neither agree nor disagree","4 - Neither agree nor disagree","3 - Somewhat disagree","4 - Neither agree nor disagree","4 - Neither agree nor disagree","5 - Somewhat agree","4 - Neither agree nor disagree","4 - Neither agree nor disagree","6 - Agree","6 - Agree","6 - Agree","4 - Neither agree nor disagree","5 - Somewhat agree","4 - Neither agree nor disagree","6 - Agree","5 - Somewhat agree","4 - Neither agree nor disagree","5 - Somewhat agree","6 - Agree","4 - Neither agree nor disagree","5 - Somewhat agree","5 - Somewhat agree","5 - Somewhat agree","3 - Somewhat disagree","3 - Somewhat disagree","4 - Neither agree nor disagree","4 - Neither agree nor disagree","3 - Somewhat disagree","4 - Neither agree nor disagree","4 - Neither agree nor disagree","4 - Neither agree nor disagree","4 - Neither agree nor disagree","5 - Somewhat agree","4 - Neither agree nor disagree","5 - Somewhat agree","4 - Neither agree nor disagree","4 - Neither agree nor disagree","3 - Somewhat disagree","5 - Somewhat agree","3 - somewhat likely","5 - somewhat unlikely","2 - likely","4 - fifty-fifty","6 - Agree","... remained the same","... remained the same","... increased","... remained the same","No","","Security concerns and appropriate measurements for that, ensuring redundancy and prevent/minimize data losses and down times","More reliable archiving of important data inside the company, thus reducing the dependence of external services","Keeping the systems up to date in terms of hardware & software security","Easier organisation of data","Germany","","21-29","Vocational training","","None","Male","","Production","","869.57","","","13.08","","10.44","59.14","6.41","","18.25","29.72","9.88","16.24","25.35","20.81","21.66","15.43","37.98","28.48","44.45","39.03","27.35","40.62","","31","","10.29","8.97","7.33","7.71","8.52","9.37","","","91.77","86.01","53.39","42.77","","6","3.64","15.28","11.36","4.61","7.23"
"101","1980-01-01 00:00:00","37","en","1613176776","6458f2ec-ed73-dac3-88d1-dc9a41c74074","I accept the outlined privacy policy","Yes","I don’t male Project or a Software.","","2 - Disagree","7 - Strongly agree","","7 - Strongly agree","","7 - Strongly agree","4 - Neither agree nor disagree","5 - Somewhat agree","7 - Strongly agree","7 - Strongly agree","6 - Agree","2 - Disagree","2 - Disagree","6 - Agree","7 - Strongly agree","7 - Strongly agree","7 - Strongly agree","1 - Strongly disagree","7 - Strongly agree","1 - Strongly disagree","7 - Strongly agree","2 - Disagree","7 - Strongly agree","2 - Disagree","7 - Strongly agree","5 - Somewhat agree","6 - Agree","2 - Disagree","","1 - Strongly disagree","7 - Strongly agree","7 - Strongly agree","7 - Strongly agree","3 - Somewhat disagree","4 - Neither agree nor disagree","5 - Somewhat agree","1 - Strongly disagree","5 - Somewhat agree","7 - Strongly agree","4 - Neither agree nor disagree","5 - Somewhat agree","6 - Agree","6 - Agree","7 - Strongly agree","7 - Strongly agree","1 - Strongly disagree","5 - Somewhat agree","1 - Strongly disagree","5 - Somewhat agree","3 - Somewhat disagree","3 - Somewhat disagree","6 - Agree","7 - Strongly agree","3 - Somewhat disagree","6 - Agree","3 - Somewhat disagree","4 - Neither agree nor disagree","7 - Strongly agree","2 - Disagree","5 - Somewhat agree","2 - Disagree","5 - Somewhat agree","4 - Neither agree nor disagree","4 - Neither agree nor disagree","2 - Disagree","7 - Strongly agree","2 - Disagree","4 - Neither agree nor disagree","5 - Somewhat agree","","6 - Agree","2 - Disagree","4 - Neither agree nor disagree","7 - Strongly agree","7 - Strongly agree","4 - Neither agree nor disagree","6 - Agree","6 - Agree","2 - Disagree","4 - Neither agree nor disagree","6 - Agree","4 - fifty-fifty","4 - fifty-fifty","5 - somewhat unlikely","3 - somewhat likely","7 - Strongly agree","... remained the same","... increased","... decreased","... remained the same","Yes","to a low degree","You don’t know why","Its Not easy that i. Know ","No isnt good but i love ","Nothing but is all alright","Rest of Europe","","30-39","Lower school-leaving certificate","","2 to 5 years","Female","","Craft/skilled and manual work","","447.5","","","15.23","","5.17","21.48","2.92","","6.34","13.82","7.75","14.06","22.33","7.67","5.7","42.43","11.69","10.23","15.98","12.61","9.13","15.18","","15.2","","4.96","56.79","3.51","2.53","2.3","6.49","3.38","","32.81","15.95","15.51","24.24","","3.22","5.35","3.84","3.4","3.94","4.36"
"102","1980-01-01 00:00:00","37","en","1036458425","6458f2ee-eb94-3577-2277-9a4e470c3503","I accept the outlined privacy policy","Yes","i had to build  a pc","","6 - Agree","6 - Agree","6 - Agree","5 - Somewhat agree","5 - Somewhat agree","5 - Somewhat agree","6 - Agree","5 - Somewhat agree","5 - Somewhat agree","6 - Agree","5 - Somewhat agree","6 - Agree","6 - Agree","6 - Agree","6 - Agree","7 - Strongly agree","6 - Agree","6 - Agree","6 - Agree","6 - Agree","5 - Somewhat agree","6 - Agree","6 - Agree","6 - Agree","6 - Agree","6 - Agree","6 - Agree","6 - Agree","6 - Agree","5 - Somewhat agree","5 - Somewhat agree","6 - Agree","6 - Agree","6 - Agree","7 - Strongly agree","6 - Agree","6 - Agree","6 - Agree","6 - Agree","6 - Agree","6 - Agree","6 - Agree","6 - Agree","6 - Agree","6 - Agree","6 - Agree","6 - Agree","6 - Agree","6 - Agree","6 - Agree","6 - Agree","6 - Agree","6 - Agree","6 - Agree","5 - Somewhat agree","6 - Agree","6 - Agree","5 - Somewhat agree","6 - Agree","6 - Agree","5 - Somewhat agree","5 - Somewhat agree","5 - Somewhat agree","5 - Somewhat agree","5 - Somewhat agree","5 - Somewhat agree","5 - Somewhat agree","5 - Somewhat agree","6 - Agree","5 - Somewhat agree","6 - Agree","4 - Neither agree nor disagree","5 - Somewhat agree","6 - Agree","6 - Agree","6 - Agree","6 - Agree","7 - Strongly agree","6 - Agree","6 - Agree","6 - Agree","5 - somewhat unlikely","6 - unlikely","7 - impossible","5 - somewhat unlikely","7 - Strongly agree","... increased","... increased","... remained the same","... increased","Yes","to a high degree","the build of the system","productivity","parts","its makes the process more feaseable","United Kingdom","","40-49","Advanced technical college certificate","","less than 2 years","Male","","Service/public service","","359.47","","","5.07","","9.6","18.5","3.74","","4.52","8.13","6.99","10.29","7.58","9.73","9.57","5.19","8.62","7.68","10.08","13.12","11.78","10.93","","6.21","","6.63","8.71","5.43","7.53","5.57","11.66","4.57","","22","23.22","17.26","31.53","","5.63","4.31","9.63","10.26","6.69","11.51"
"103","1980-01-01 00:00:00","37","en","1028412387","6458f2e5-bbc6-fdea-1f6c-8228acc1d83a","I accept the outlined privacy policy","Yes","The only only way I could see the picture is to take the photo of your phone so I could show it on the phone but ","","5 - Somewhat agree","5 - Somewhat agree","6 - Agree","5 - Somewhat agree","3 - Somewhat disagree","4 - Neither agree nor disagree","","4 - Neither agree nor disagree","","2 - Disagree","","6 - Agree","5 - Somewhat agree","6 - Agree","5 - Somewhat agree","5 - Somewhat agree","5 - Somewhat agree","","5 - Somewhat agree","","5 - Somewhat agree","4 - Neither agree nor disagree","","","4 - Neither agree nor disagree","5 - Somewhat agree","7 - Strongly agree","6 - Agree","4 - Neither agree nor disagree","6 - Agree","","","6 - Agree","6 - Agree","6 - Agree","6 - Agree","5 - Somewhat agree","","6 - Agree","4 - Neither agree nor disagree","6 - Agree","2 - Disagree","4 - Neither agree nor disagree","5 - Somewhat agree","","","5 - Somewhat agree","","","","","","","","","","","","","","","","","","","","","","","7 - Strongly agree","4 - Neither agree nor disagree","4 - Neither agree nor disagree","4 - Neither agree nor disagree","3 - Somewhat disagree","4 - Neither agree nor disagree","","4 - Neither agree nor disagree","4 - Neither agree nor disagree","4 - Neither agree nor disagree","3 - Somewhat disagree","7 - Strongly agree","4 - fifty-fifty","6 - unlikely","5 - somewhat unlikely","4 - fifty-fifty","5 - Somewhat agree","... remained the same","... remained the same","... remained the same","... increased","Yes","to a high degree","The first time you have a problem is if you’re going through something and you’re trying ","The only way I could see the difference was to use the same ","The first thing that came out was a little more than the original one but it is ","The only way I could see the difference was to put a ","United States","","21-29","Doctorate/PhD","","2 to 5 years","Female","","Medical/Healthcare","","343.51","","","10.75","","5.86","9.67","2.68","","9.08","7.75","5.96","10.04","9.76","12.12","6.76","10.04","19.88","6.02","9.3","2.49","8.27","21.81","","7.91","","4.83","4.81","2.99","11.59","3.84","4.47","4.41","","10.53","6.15","6.43","5.61","","4.46","3.99","7.57","7.08","72.44","6.16"
"104","","37","en","2037323676","6458f2ea-4602-0b06-cc34-9a91dfdb42cc","I accept the outlined privacy policy","No","","","","","","","","","","","","","","","","","","","","","","","","","","","","","","","","","","","","","","","","","","","","","","","","","","","","","","","","","","","","","","","","","","","","","","","","","","","","","","","","","","","","","","","","","","","","","N/A","","","","","","","","","","","","","","","","51.89","","","42.8","","9.09","","","","","","","","","","","","","","","","","","","","","","","","","","","","","","","","","","","","","","",""
"105","","37","en","1909709588","6458f2ec-19eb-8024-e999-6f032f29786b","I accept the outlined privacy policy","No","","","","","","","","","","","","","","","","","","","","","","","","","","","","","","","","","","","","","","","","","","","","","","","","","","","","","","","","","","","","","","","","","","","","","","","","","","","","","","","","","","","","","","","","","","","","","N/A","","","","","","","","","","","","","","","","52.01","","","38.67","","13.34","","","","","","","","","","","","","","","","","","","","","","","","","","","","","","","","","","","","","","",""
"106","","37","en","1140888852","6458f2e5-b6a5-8739-b62e-8c986b17bcfe","I accept the outlined privacy policy","No","","","","","","","","","","","","","","","","","","","","","","","","","","","","","","","","","","","","","","","","","","","","","","","","","","","","","","","","","","","","","","","","","","","","","","","","","","","","","","","","","","","","","","","","","","","","","N/A","","","","","","","","","","","","","","","","11.62","","","6.14","","5.48","","","","","","","","","","","","","","","","","","","","","","","","","","","","","","","","","","","","","","",""
"107","","37","en","330066631","6458f2ec-868a-4a2e-bf5a-4e3db337d268","I accept the outlined privacy policy","No","","","","","","","","","","","","","","","","","","","","","","","","","","","","","","","","","","","","","","","","","","","","","","","","","","","","","","","","","","","","","","","","","","","","","","","","","","","","","","","","","","","","","","","","","","","","","N/A","","","","","","","","","","","","","","","","36.19","","","17.02","","19.17","","","","","","","","","","","","","","","","","","","","","","","","","","","","","","","","","","","","","","",""
"108","","37","en","1598987235","6458f2c1-c674-2820-6a22-292bcd22450b","I accept the outlined privacy policy","No","","","","","","","","","","","","","","","","","","","","","","","","","","","","","","","","","","","","","","","","","","","","","","","","","","","","","","","","","","","","","","","","","","","","","","","","","","","","","","","","","","","","","","","","","","","","","N/A","","","","","","","","","","","","","","","","51.87","","","42.99","","8.88","","","","","","","","","","","","","","","","","","","","","","","","","","","","","","","","","","","","","","",""
"109","","37","en","273415131","6458f2f2-94e0-30d4-5211-023ddb66922f","I accept the outlined privacy policy","No","","","","","","","","","","","","","","","","","","","","","","","","","","","","","","","","","","","","","","","","","","","","","","","","","","","","","","","","","","","","","","","","","","","","","","","","","","","","","","","","","","","","","","","","","","","","","N/A","","","","","","","","","","","","","","","","16.13","","","6.61","","9.52","","","","","","","","","","","","","","","","","","","","","","","","","","","","","","","","","","","","","","",""
"110","1980-01-01 00:00:00","37","en","1946167282","6458f2dd-820a-60ab-cd0c-27eaa7c0068f","I accept the outlined privacy policy","Yes","C#","","4 - Neither agree nor disagree","6 - Agree","5 - Somewhat agree","7 - Strongly agree","7 - Strongly agree","7 - Strongly agree","7 - Strongly agree","7 - Strongly agree","7 - Strongly agree","1 - Strongly disagree","7 - Strongly agree","7 - Strongly agree","3 - Somewhat disagree","2 - Disagree","2 - Disagree","6 - Agree","6 - Agree","5 - Somewhat agree","6 - Agree","6 - Agree","5 - Somewhat agree","4 - Neither agree nor disagree","1 - Strongly disagree","7 - Strongly agree","4 - Neither agree nor disagree","6 - Agree","5 - Somewhat agree","6 - Agree","4 - Neither agree nor disagree","6 - Agree","7 - Strongly agree","6 - Agree","6 - Agree","1 - Strongly disagree","5 - Somewhat agree","3 - Somewhat disagree","7 - Strongly agree","6 - Agree","5 - Somewhat agree","5 - Somewhat agree","5 - Somewhat agree","7 - Strongly agree","7 - Strongly agree","6 - Agree","6 - Agree","7 - Strongly agree","4 - Neither agree nor disagree","7 - Strongly agree","5 - Somewhat agree","6 - Agree","4 - Neither agree nor disagree","5 - Somewhat agree","6 - Agree","7 - Strongly agree","6 - Agree","7 - Strongly agree","4 - Neither agree nor disagree","5 - Somewhat agree","6 - Agree","6 - Agree","5 - Somewhat agree","7 - Strongly agree","7 - Strongly agree","6 - Agree","6 - Agree","7 - Strongly agree","2 - Disagree","5 - Somewhat agree","6 - Agree","5 - Somewhat agree","7 - Strongly agree","6 - Agree","6 - Agree","6 - Agree","5 - Somewhat agree","4 - Neither agree nor disagree","5 - Somewhat agree","6 - Agree","6 - Agree","7 - Strongly agree","5 - Somewhat agree","7 - impossible","5 - somewhat unlikely","6 - unlikely","6 - unlikely","6 - Agree","... remained the same","... decreased","","... remained the same","Yes","to a high degree","Das einstellen","Weniger arbeit, bessere verteilung","Das einbinden vbon Leuten die sich damit nicht auskennen","Bessere Vernetztung ","Germany","","18-20","Vocational training","","None","Male","","Other","It","458.02","","","4.78","","8.75","17.06","2.84","","20.16","47.11","12.31","19.57","20.66","7.33","15.19","13.89","13.85","8.22","13.38","31.25","16.44","11.62","","14.51","","6.67","10.73","7.97","2.16","4.75","8.58","10.39","","10.21","14.55","14.88","14.54","","5.27","3.38","8.22","9.51","10.98","16.31"
"111","1980-01-01 00:00:00","37","en","2128206277","6458f2c6-0376-8a9c-970b-b78b20c3300a","I accept the outlined privacy policy","Yes","I can´t descripe it.","","6 - Agree","5 - Somewhat agree","5 - Somewhat agree","6 - Agree","5 - Somewhat agree","6 - Agree","6 - Agree","7 - Strongly agree","6 - Agree","5 - Somewhat agree","6 - Agree","6 - Agree","5 - Somewhat agree","6 - Agree","6 - Agree","5 - Somewhat agree","6 - Agree","6 - Agree","7 - Strongly agree","5 - Somewhat agree","6 - Agree","6 - Agree","5 - Somewhat agree","6 - Agree","6 - Agree","6 - Agree","5 - Somewhat agree","5 - Somewhat agree","5 - Somewhat agree","6 - Agree","6 - Agree","5 - Somewhat agree","7 - Strongly agree","7 - Strongly agree","6 - Agree","7 - Strongly agree","6 - Agree","6 - Agree","6 - Agree","5 - Somewhat agree","5 - Somewhat agree","6 - Agree","6 - Agree","5 - Somewhat agree","5 - Somewhat agree","6 - Agree","5 - Somewhat agree","6 - Agree","6 - Agree","4 - Neither agree nor disagree","6 - Agree","5 - Somewhat agree","5 - Somewhat agree","6 - Agree","6 - Agree","5 - Somewhat agree","5 - Somewhat agree","5 - Somewhat agree","6 - Agree","6 - Agree","5 - Somewhat agree","6 - Agree","5 - Somewhat agree","5 - Somewhat agree","6 - Agree","5 - Somewhat agree","5 - Somewhat agree","6 - Agree","5 - Somewhat agree","5 - Somewhat agree","5 - Somewhat agree","6 - Agree","6 - Agree","6 - Agree","6 - Agree","5 - Somewhat agree","6 - Agree","6 - Agree","5 - Somewhat agree","6 - Agree","5 - Somewhat agree","5 - somewhat unlikely","6 - unlikely","5 - somewhat unlikely","6 - unlikely","5 - Somewhat agree","... increased","... remained the same","... increased","... remained the same","No","","I haven´t challenges.","I haven´t benefits.","No challenges","The digitality","Germany","","21-29","Bachelor's/Prediploma","","5 to 10 years","Male","","Craft/skilled and manual work","","349.01","","","25.34","","23.77","23.17","3.08","","3.97","8.95","4.82","5.22","10.09","6.91","6.79","7.93","6.96","6.58","10.2","6.13","7.78","7.85","","4.39","","4.21","6.76","3.84","3.04","2.62","9.64","","","32.08","19.78","13.97","17.74","","5.92","7.64","6.43","8.26","12.79","14.36"
"112","1980-01-01 00:00:00","37","en","1293318393","6458f2ed-d658-5988-5ab9-241400bd04ad","I accept the outlined privacy policy","Yes","Microsoft intune","","6 - Agree","4 - Neither agree nor disagree","6 - Agree","6 - Agree","6 - Agree","5 - Somewhat agree","5 - Somewhat agree","5 - Somewhat agree","6 - Agree","6 - Agree","6 - Agree","6 - Agree","6 - Agree","6 - Agree","6 - Agree","6 - Agree","6 - Agree","6 - Agree","7 - Strongly agree","6 - Agree","6 - Agree","5 - Somewhat agree","4 - Neither agree nor disagree","6 - Agree","6 - Agree","6 - Agree","6 - Agree","6 - Agree","5 - Somewhat agree","4 - Neither agree nor disagree","5 - Somewhat agree","5 - Somewhat agree","3 - Somewhat disagree","3 - Somewhat disagree","4 - Neither agree nor disagree","4 - Neither agree nor disagree","6 - Agree","6 - Agree","6 - Agree","6 - Agree","4 - Neither agree nor disagree","6 - Agree","4 - Neither agree nor disagree","4 - Neither agree nor disagree","6 - Agree","6 - Agree","6 - Agree","6 - Agree","6 - Agree","6 - Agree","6 - Agree","6 - Agree","6 - Agree","6 - Agree","6 - Agree","6 - Agree","6 - Agree","6 - Agree","6 - Agree","6 - Agree","6 - Agree","6 - Agree","6 - Agree","6 - Agree","6 - Agree","6 - Agree","6 - Agree","6 - Agree","6 - Agree","6 - Agree","6 - Agree","6 - Agree","6 - Agree","3 - Somewhat disagree","6 - Agree","6 - Agree","6 - Agree","6 - Agree","6 - Agree","7 - Strongly agree","6 - Agree","1 - certain","2 - likely","2 - likely","2 - likely","6 - Agree","... increased","... decreased","... remained the same","... decreased","Yes","to a high degree","Don’t know","Many","Soo many","Soo soo many","Germany","","40-49","Intermediate school-leaving certificate","","None","Male","","Other","IT","531.82","","","22.54","","19.62","28.36","4.64","","31.65","27.47","7.32","10.43","15.03","11.92","12.93","28.17","19.72","27.16","27.14","18.66","7.95","12.7","","16.33","","7.37","11.42","7.57","6.28","2.31","5.7","6.76","","26.04","7.24","15.35","15.81","","9.62","5.23","12.83","12.6","4.73","25.22"
"113","","7","en","2136232474","6458f2e4-52ba-e42f-9f39-6ef4c18e609d","I accept the outlined privacy policy","Yes","hallo","","","","","7 - Strongly agree","6 - Agree","5 - Somewhat agree","5 - Somewhat agree","5 - Somewhat agree","6 - Agree","","","","","","","","","","","","","","","","","","","","","","","","","","","","","","","","","","","","3 - Somewhat disagree","","3 - Somewhat disagree","5 - Somewhat agree","4 - Neither agree nor disagree","7 - Strongly agree","","","","","","","","","","","","","","","","","","","","","","","","","","","","","","","","","","","","","","","","","N/A","","","","","","","","","","","","","","","","64.1","","","11.17","","14.96","4.82","6.34","","","11.24","","","","","","","","15.57","","","","","","","","","","","","","","","","","","","","","","","","","",""
"114","","37","en","1524246785","6458f2ed-d17d-636c-5172-fd8a4f0c9745","I accept the outlined privacy policy","No","","","","","","","","","","","","","","","","","","","","","","","","","","","","","","","","","","","","","","","","","","","","","","","","","","","","","","","","","","","","","","","","","","","","","","","","","","","","","","","","","","","","","","","","","","","","","N/A","","","","","","","","","","","","","","","","27.94","","","20.49","","7.45","","","","","","","","","","","","","","","","","","","","","","","","","","","","","","","","","","","","","","",""
"115","","37","en","639177123","6458f2ed-6d7b-6b32-1b10-721da6088a17","I accept the outlined privacy policy","No","","","","","","","","","","","","","","","","","","","","","","","","","","","","","","","","","","","","","","","","","","","","","","","","","","","","","","","","","","","","","","","","","","","","","","","","","","","","","","","","","","","","","","","","","","","","","N/A","","","","","","","","","","","","","","","","15.08","","","9.04","","6.04","","","","","","","","","","","","","","","","","","","","","","","","","","","","","","","","","","","","","","",""
"116","","37","en","714388612","6458f2da-0b2f-2cf6-7f72-09848d026dc4","I accept the outlined privacy policy","No","","","","","","","","","","","","","","","","","","","","","","","","","","","","","","","","","","","","","","","","","","","","","","","","","","","","","","","","","","","","","","","","","","","","","","","","","","","","","","","","","","","","","","","","","","","","","N/A","","","","","","","","","","","","","","","","1413.86","","","1406.98","","6.88","","","","","","","","","","","","","","","","","","","","","","","","","","","","","","","","","","","","","","",""
"117","","37","en","1304452059","6458f2ef-3f11-df59-54b8-7e09d3f6fb26","I accept the outlined privacy policy","No","","","","","","","","","","","","","","","","","","","","","","","","","","","","","","","","","","","","","","","","","","","","","","","","","","","","","","","","","","","","","","","","","","","","","","","","","","","","","","","","","","","","","","","","","","","","","N/A","","","","","","","","","","","","","","","","14.94","","","5.76","","9.18","","","","","","","","","","","","","","","","","","","","","","","","","","","","","","","","","","","","","","",""
"118","","37","en","1485833620","6458f2f0-0c6d-a4af-f48e-42d21d6edc56","I accept the outlined privacy policy","No","","","","","","","","","","","","","","","","","","","","","","","","","","","","","","","","","","","","","","","","","","","","","","","","","","","","","","","","","","","","","","","","","","","","","","","","","","","","","","","","","","","","","","","","","","","","","N/A","","","","","","","","","","","","","","","","32.95","","","13.61","","19.34","","","","","","","","","","","","","","","","","","","","","","","","","","","","","","","","","","","","","","",""
"119","1980-01-01 00:00:00","37","en","1018696619","6458f2e0-1260-d9ff-f2ee-a8b42784c516","I accept the outlined privacy policy","Yes","New combined operation system for my workplace","","2 - Disagree","2 - Disagree","2 - Disagree","4 - Neither agree nor disagree","5 - Somewhat agree","5 - Somewhat agree","6 - Agree","5 - Somewhat agree","4 - Neither agree nor disagree","5 - Somewhat agree","1 - Strongly disagree","1 - Strongly disagree","1 - Strongly disagree","2 - Disagree","2 - Disagree","6 - Agree","1 - Strongly disagree","2 - Disagree","2 - Disagree","2 - Disagree","2 - Disagree","1 - Strongly disagree","2 - Disagree","3 - Somewhat disagree","3 - Somewhat disagree","4 - Neither agree nor disagree","5 - Somewhat agree","5 - Somewhat agree","1 - Strongly disagree","2 - Disagree","2 - Disagree","5 - Somewhat agree","2 - Disagree","2 - Disagree","2 - Disagree","2 - Disagree","5 - Somewhat agree","2 - Disagree","1 - Strongly disagree","4 - Neither agree nor disagree","1 - Strongly disagree","1 - Strongly disagree","2 - Disagree","4 - Neither agree nor disagree","1 - Strongly disagree","5 - Somewhat agree","1 - Strongly disagree","4 - Neither agree nor disagree","1 - Strongly disagree","1 - Strongly disagree","4 - Neither agree nor disagree","4 - Neither agree nor disagree","4 - Neither agree nor disagree","4 - Neither agree nor disagree","4 - Neither agree nor disagree","4 - Neither agree nor disagree","2 - Disagree","4 - Neither agree nor disagree","4 - Neither agree nor disagree","4 - Neither agree nor disagree","5 - Somewhat agree","1 - Strongly disagree","1 - Strongly disagree","2 - Disagree","5 - Somewhat agree","1 - Strongly disagree","1 - Strongly disagree","1 - Strongly disagree","2 - Disagree","2 - Disagree","4 - Neither agree nor disagree","5 - Somewhat agree","4 - Neither agree nor disagree","4 - Neither agree nor disagree","4 - Neither agree nor disagree","4 - Neither agree nor disagree","5 - Somewhat agree","4 - Neither agree nor disagree","5 - Somewhat agree","3 - Somewhat disagree","6 - Agree","6 - unlikely","5 - somewhat unlikely","3 - somewhat likely","4 - fifty-fifty","2 - Disagree","... remained the same","","... remained the same","... remained the same","No","","Too many options on the sreen...everything has drop downs and you have to search for what you are looking for because it's unorganized","Putting all information in one area","Learning where the 8000 things to do are located","Everything in one program","United States","","40-49","Other","Associates degree and several more credits in unrelated fields","None","Male","","Other","Corrections","1189.7","","","13.79","","16.84","52.69","14.76","","28.08","48.45","29.91","31.94","52.57","48.08","34.76","31.5","73.97","47.94","111.11","65.64","37.79","75.79","","48.52","","13.02","17.23","4.35","12.37","9.07","7.22","","","66.01","23.9","29.1","17.85","","8.35","9.54","63.93","16.69","8.19","18.75"
"120","","37","en","117157830","6458f2f7-49db-bedd-2daf-c493c1e00e17","I accept the outlined privacy policy","No","","","","","","","","","","","","","","","","","","","","","","","","","","","","","","","","","","","","","","","","","","","","","","","","","","","","","","","","","","","","","","","","","","","","","","","","","","","","","","","","","","","","","","","","","","","","","N/A","","","","","","","","","","","","","","","","194.76","","","7.46","","187.3","","","","","","","","","","","","","","","","","","","","","","","","","","","","","","","","","","","","","","",""
"121","1980-01-01 00:00:00","37","en","1154533514","6458f2ef-5187-1d0b-27fc-cff8fe3e08cf","I accept the outlined privacy policy","Yes","I managed the rollout of our division’s implementation of design and prototyping software tool suite from Figma (now part of Adobe). ","","5 - Somewhat agree","4 - Neither agree nor disagree","5 - Somewhat agree","6 - Agree","4 - Neither agree nor disagree","4 - Neither agree nor disagree","3 - Somewhat disagree","3 - Somewhat disagree","4 - Neither agree nor disagree","7 - Strongly agree","7 - Strongly agree","7 - Strongly agree","6 - Agree","6 - Agree","4 - Neither agree nor disagree","4 - Neither agree nor disagree","6 - Agree","6 - Agree","7 - Strongly agree","7 - Strongly agree","5 - Somewhat agree","3 - Somewhat disagree","7 - Strongly agree","6 - Agree","6 - Agree","6 - Agree","6 - Agree","2 - Disagree","5 - Somewhat agree","4 - Neither agree nor disagree","3 - Somewhat disagree","6 - Agree","3 - Somewhat disagree","1 - Strongly disagree","1 - Strongly disagree","2 - Disagree","6 - Agree","7 - Strongly agree","5 - Somewhat agree","5 - Somewhat agree","6 - Agree","5 - Somewhat agree","7 - Strongly agree","6 - Agree","6 - Agree","6 - Agree","3 - Somewhat disagree","4 - Neither agree nor disagree","7 - Strongly agree","6 - Agree","6 - Agree","6 - Agree","7 - Strongly agree","7 - Strongly agree","6 - Agree","7 - Strongly agree","7 - Strongly agree","6 - Agree","7 - Strongly agree","7 - Strongly agree","6 - Agree","7 - Strongly agree","5 - Somewhat agree","6 - Agree","7 - Strongly agree","5 - Somewhat agree","3 - Somewhat disagree","7 - Strongly agree","6 - Agree","5 - Somewhat agree","5 - Somewhat agree","4 - Neither agree nor disagree","4 - Neither agree nor disagree","6 - Agree","7 - Strongly agree","7 - Strongly agree","6 - Agree","6 - Agree","5 - Somewhat agree","6 - Agree","5 - Somewhat agree","2 - likely","6 - unlikely","1 - certain","5 - somewhat unlikely","5 - Somewhat agree","... increased","... increased","... increased","... increased","No","","Training new users with limited tech backgrounds, keeping up with rising licensing costs","Rapid prototyping, test and learn cycles much shorter and more productive, cost savings on mock-ups","Change management for large scale user base (4000 users) of relatively low tech expertise, system performance lags when many users are in the system at the same time, rough transitions during upgrades","Cost savings from automating tasks, higher accuracy, higher quality","United States","","60-66","Master's/Diploma","","None","Female","","Other","Banking","877.98","","","11.74","","8.71","82.05","10.02","","19.12","30.64","15.87","18.73","28.55","17.87","20.99","25.86","42.16","29.65","42.55","35.16","21.31","50.34","","31.3","","7.54","9.04","6.96","8.87","7.81","6.79","","","42.78","43.55","115.84","33.48","","6.61","4.83","5.87","13.45","4.26","17.68"
"122","","37","en","667524210","6458f2e4-b3bf-a6d2-08be-3f6973803d63","I accept the outlined privacy policy","No","","","","","","","","","","","","","","","","","","","","","","","","","","","","","","","","","","","","","","","","","","","","","","","","","","","","","","","","","","","","","","","","","","","","","","","","","","","","","","","","","","","","","","","","","","","","","N/A","","","","","","","","","","","","","","","","38.14","","","27.82","","10.32","","","","","","","","","","","","","","","","","","","","","","","","","","","","","","","","","","","","","","",""
"123","1980-01-01 00:00:00","37","en","1551435978","6458f2f3-9322-befa-fd70-1ef9f6ca3f6a","I accept the outlined privacy policy","Yes","I don’t know","","5 - Somewhat agree","4 - Neither agree nor disagree","6 - Agree","6 - Agree","5 - Somewhat agree","6 - Agree","4 - Neither agree nor disagree","5 - Somewhat agree","4 - Neither agree nor disagree","6 - Agree","5 - Somewhat agree","5 - Somewhat agree","6 - Agree","6 - Agree","4 - Neither agree nor disagree","4 - Neither agree nor disagree","3 - Somewhat disagree","5 - Somewhat agree","5 - Somewhat agree","4 - Neither agree nor disagree","5 - Somewhat agree","5 - Somewhat agree","4 - Neither agree nor disagree","5 - Somewhat agree","6 - Agree","6 - Agree","6 - Agree","4 - Neither agree nor disagree","4 - Neither agree nor disagree","6 - Agree","7 - Strongly agree","5 - Somewhat agree","5 - Somewhat agree","6 - Agree","6 - Agree","5 - Somewhat agree","4 - Neither agree nor disagree","4 - Neither agree nor disagree","5 - Somewhat agree","4 - Neither agree nor disagree","3 - Somewhat disagree","6 - Agree","6 - Agree","6 - Agree","6 - Agree","6 - Agree","4 - Neither agree nor disagree","5 - Somewhat agree","4 - Neither agree nor disagree","4 - Neither agree nor disagree","6 - Agree","5 - Somewhat agree","5 - Somewhat agree","6 - Agree","6 - Agree","6 - Agree","5 - Somewhat agree","4 - Neither agree nor disagree","7 - Strongly agree","6 - Agree","5 - Somewhat agree","7 - Strongly agree","6 - Agree","5 - Somewhat agree","4 - Neither agree nor disagree","5 - Somewhat agree","6 - Agree","5 - Somewhat agree","4 - Neither agree nor disagree","6 - Agree","4 - Neither agree nor disagree","5 - Somewhat agree","4 - Neither agree nor disagree","5 - Somewhat agree","6 - Agree","5 - Somewhat agree","5 - Somewhat agree","5 - Somewhat agree","5 - Somewhat agree","6 - Agree","5 - Somewhat agree","5 - somewhat unlikely","5 - somewhat unlikely","3 - somewhat likely","6 - unlikely","5 - Somewhat agree","... remained the same","... decreased","","","Yes","to a high degree","I don’t know ","I don’t know ","","I don’t know ","United States","","21-29","Upper school-leaving certificate/GCE","","5 to 10 years","Female","","Craft/skilled and manual work","","320.23","","","8.91","","3.82","8.46","2.4","","6.71","16.38","8.73","17.91","16.11","16.47","10.3","10.63","15.42","16.07","26.27","16.67","13.33","22.27","","10.77","","4.64","5.58","3.33","1.98","1.18","2.68","3.23","","5.13","7.11","1.8","5.88","","5.29","5.07","7.27","5.12","3","4.31"
"124","","37","en","461509970","6458f2fb-90cf-ea44-cf8f-bd450fbfc491","I accept the outlined privacy policy","No","","","","","","","","","","","","","","","","","","","","","","","","","","","","","","","","","","","","","","","","","","","","","","","","","","","","","","","","","","","","","","","","","","","","","","","","","","","","","","","","","","","","","","","","","","","","","N/A","","","","","","","","","","","","","","","","34.74","","","24.61","","10.13","","","","","","","","","","","","","","","","","","","","","","","","","","","","","","","","","","","","","","",""
"125","","-1","en","1483241662","6458f2fb-5431-44dd-8464-5cc20e4eb899","","N/A","","","","","","","","","","","","","","","","","","","","","","","","","","","","","","","","","","","","","","","","","","","","","","","","","","","","","","","","","","","","","","","","","","","","","","","","","","","","","","","","","","","","","","","","","","","","","N/A","","","","","","","","","","","","","","","","0","","","","","","","","","","","","","","","","","","","","","","","","","","","","","","","","","","","","","","","","","","","",""
"126","","19","en","333578979","6458f2f6-d317-9084-473f-c8c4acdc8541","I accept the outlined privacy policy","Yes","None ","","3 - Somewhat disagree","6 - Agree","7 - Strongly agree","6 - Agree","6 - Agree","6 - Agree","6 - Agree","6 - Agree","6 - Agree","7 - Strongly agree","7 - Strongly agree","7 - Strongly agree","","","","","1 - Strongly disagree","1 - Strongly disagree","1 - Strongly disagree","1 - Strongly disagree","1 - Strongly disagree","1 - Strongly disagree","6 - Agree","1 - Strongly disagree","6 - Agree","6 - Agree","6 - Agree","6 - Agree","6 - Agree","6 - Agree","6 - Agree","6 - Agree","1 - Strongly disagree","2 - Disagree","1 - Strongly disagree","2 - Disagree","4 - Neither agree nor disagree","2 - Disagree","4 - Neither agree nor disagree","3 - Somewhat disagree","3 - Somewhat disagree","3 - Somewhat disagree","3 - Somewhat disagree","3 - Somewhat disagree","3 - Somewhat disagree","3 - Somewhat disagree","3 - Somewhat disagree","6 - Agree","7 - Strongly agree","3 - Somewhat disagree","6 - Agree","6 - Agree","6 - Agree","6 - Agree","6 - Agree","6 - Agree","6 - Agree","6 - Agree","6 - Agree","6 - Agree","6 - Agree","6 - Agree","6 - Agree","5 - Somewhat agree","6 - Agree","6 - Agree","3 - Somewhat disagree","6 - Agree","6 - Agree","6 - Agree","6 - Agree","5 - Somewhat agree","6 - Agree","","","","","","","","","","","","","","","","","","N/A","","","","","","","","","","","","","","","","1370.33","","","25.79","","8.57","32.62","4.48","","333.75","47.23","26.42","10.45","56.21","27.35","24.86","37.09","91.28","48.08","42.3","98.81","226.38","228.66","","","","","","","","","","","","","","","","","","","","","",""
"127","","3","en","989013648","6458f2cf-d504-d371-1840-d5a032963869","I accept the outlined privacy policy","Yes","","","","","","","","","","","","","","","","","","","","","","","","","","","","","","","","","","","","","","","","","","","","","","","","","","","","","","","","","","","","","","","","","","","","","","","","","","","","","","","","","","","","","","","","","","","","","N/A","","","","","","","","","","","","","","","","14.16","","","10.68","","3.48","","","","","","","","","","","","","","","","","","","","","","","","","","","","","","","","","","","","","","",""
"128","1980-01-01 00:00:00","37","en","643740795","6458f2d2-0a75-94e2-abd8-cadc3df96312","I accept the outlined privacy policy","Yes","LIMS for a lab ","","6 - Agree","6 - Agree","5 - Somewhat agree","7 - Strongly agree","7 - Strongly agree","7 - Strongly agree","7 - Strongly agree","6 - Agree","6 - Agree","6 - Agree","7 - Strongly agree","7 - Strongly agree","5 - Somewhat agree","4 - Neither agree nor disagree","5 - Somewhat agree","6 - Agree","6 - Agree","6 - Agree","6 - Agree","6 - Agree","5 - Somewhat agree","5 - Somewhat agree","5 - Somewhat agree","5 - Somewhat agree","5 - Somewhat agree","4 - Neither agree nor disagree","4 - Neither agree nor disagree","5 - Somewhat agree","7 - Strongly agree","7 - Strongly agree","5 - Somewhat agree","6 - Agree","2 - Disagree","2 - Disagree","2 - Disagree","1 - Strongly disagree","5 - Somewhat agree","5 - Somewhat agree","5 - Somewhat agree","5 - Somewhat agree","5 - Somewhat agree","5 - Somewhat agree","5 - Somewhat agree","5 - Somewhat agree","6 - Agree","5 - Somewhat agree","5 - Somewhat agree","5 - Somewhat agree","5 - Somewhat agree","5 - Somewhat agree","6 - Agree","6 - Agree","6 - Agree","6 - Agree","5 - Somewhat agree","4 - Neither agree nor disagree","6 - Agree","6 - Agree","6 - Agree","5 - Somewhat agree","6 - Agree","6 - Agree","6 - Agree","6 - Agree","6 - Agree","5 - Somewhat agree","5 - Somewhat agree","5 - Somewhat agree","6 - Agree","5 - Somewhat agree","4 - Neither agree nor disagree","5 - Somewhat agree","6 - Agree","5 - Somewhat agree","5 - Somewhat agree","5 - Somewhat agree","5 - Somewhat agree","5 - Somewhat agree","5 - Somewhat agree","5 - Somewhat agree","5 - Somewhat agree","4 - fifty-fifty","4 - fifty-fifty","4 - fifty-fifty","4 - fifty-fifty","5 - Somewhat agree","... increased","... increased","... increased","... increased","No","","Mental health while a load of digital changes and more work ","More efficiency means More money for the company ","I dont know ","More Connections
More same procedures 
Easier to get used to new lims Systems","Germany","","30-39","Bachelor's/Prediploma","","2 to 5 years","Female","","Production","","1093.28","","","11.85","","12.38","43.81","7.55","","35.2","34.89","23.22","47.44","58.4","31.54","27.79","18.85","93.09","53.39","61.51","58.72","28.83","76.2","","34.52","","7.75","10.54","6.02","6.47","6.04","9.5","","","95.49","59.02","14.27","65.12","","4.87","5.98","7.34","9.77","14.95","10.97"
"129","","1","en","1763985312","6458f2eb-6079-dff9-b06e-74204075366c","","N/A","","","","","","","","","","","","","","","","","","","","","","","","","","","","","","","","","","","","","","","","","","","","","","","","","","","","","","","","","","","","","","","","","","","","","","","","","","","","","","","","","","","","","","","","","","","","","N/A","","","","","","","","","","","","","","","","11.69","","","11.69","","","","","","","","","","","","","","","","","","","","","","","","","","","","","","","","","","","","","","","","",""
"130","1980-01-01 00:00:00","37","en","574522","6458f2ec-5dbf-d9c8-ddc8-04d2f3d16ac1","I accept the outlined privacy policy","Yes","Ok","","","","","4 - Neither agree nor disagree","","","","","","","","","","","","","","","","","","","","","","","","","4 - Neither agree nor disagree","7 - Strongly agree","2 - Disagree","3 - Somewhat disagree","","","","","","","","","","","","","","","","3 - Somewhat disagree","","","","","","","","","","","","","","","","","","","","","","","","","","","","","","","","","","","","","","","","","","... remained the same","No","","Nö","Wi ","","Good","Germany","","40-49","","","5 to 10 years","Female","","Production","","267.74","","","69.69","","3.78","4.41","2.22","","5.41","6.76","3.76","4.08","5.45","6.5","11.67","4.59","5.38","8.65","6.78","6.17","6.83","7.99","","6.03","","3.34","2.59","2.35","1.92","10.97","5.01","","","4.67","4.29","2.62","5.82","","5.83","5.49","25.13","4.05","3.21","4.3"
"131","1980-01-01 00:00:00","37","en","1618938633","6458f302-dbfe-2238-2f85-4577b9368872","I accept the outlined privacy policy","Yes","Idk","","4 - Neither agree nor disagree","5 - Somewhat agree","1 - Strongly disagree","5 - Somewhat agree","5 - Somewhat agree","","6 - Agree","2 - Disagree","","5 - Somewhat agree","6 - Agree","2 - Disagree","6 - Agree","4 - Neither agree nor disagree","6 - Agree","1 - Strongly disagree","7 - Strongly agree","6 - Agree","5 - Somewhat agree","7 - Strongly agree","4 - Neither agree nor disagree","2 - Disagree","2 - Disagree","6 - Agree","3 - Somewhat disagree","2 - Disagree","3 - Somewhat disagree","6 - Agree","4 - Neither agree nor disagree","6 - Agree","7 - Strongly agree","2 - Disagree","5 - Somewhat agree","6 - Agree","1 - Strongly disagree","4 - Neither agree nor disagree","4 - Neither agree nor disagree","5 - Somewhat agree","6 - Agree","1 - Strongly disagree","3 - Somewhat disagree","1 - Strongly disagree","4 - Neither agree nor disagree","1 - Strongly disagree","2 - Disagree","4 - Neither agree nor disagree","6 - Agree","5 - Somewhat agree","1 - Strongly disagree","6 - Agree","","3 - Somewhat disagree","7 - Strongly agree","5 - Somewhat agree","2 - Disagree","2 - Disagree","1 - Strongly disagree","5 - Somewhat agree","3 - Somewhat disagree","2 - Disagree","7 - Strongly agree","1 - Strongly disagree","5 - Somewhat agree","3 - Somewhat disagree","1 - Strongly disagree","4 - Neither agree nor disagree","6 - Agree","4 - Neither agree nor disagree","4 - Neither agree nor disagree","2 - Disagree","1 - Strongly disagree","6 - Agree","4 - Neither agree nor disagree","1 - Strongly disagree","6 - Agree","3 - Somewhat disagree","2 - Disagree","7 - Strongly agree","1 - Strongly disagree","4 - Neither agree nor disagree","4 - Neither agree nor disagree","4 - fifty-fifty","7 - impossible","7 - impossible","6 - unlikely","6 - Agree","... remained the same","... decreased","... increased","... decreased","Yes","to a high degree","Idk","Idk
","Idk","Idk","United States","","18-20","Upper school-leaving certificate/GCE","","5 to 10 years","Male","","Craft/skilled and manual work","","256.01","","","14.33","","3.99","6.77","2.71","","7.32","7.5","10.41","7.91","11.56","6.46","6.76","6.42","13.83","8.99","14.9","13.74","6.1","14.14","","6.75","","4.38","5.07","2.82","4.33","2.81","4.65","5.15","","4.62","10.67","5.55","5.34","","4.38","5.92","3.16","5.41","6.71","4.45"
"132","","9","en","596536553","6458f2eb-47db-1adb-61b6-12fe25aa3493","I accept the outlined privacy policy","Yes","ist ja great","","6 - Agree","6 - Agree","5 - Somewhat agree","6 - Agree","6 - Agree","6 - Agree","5 - Somewhat agree","5 - Somewhat agree","6 - Agree","","","","","","","","","","","","","","","","","","","","5 - Somewhat agree","5 - Somewhat agree","5 - Somewhat agree","6 - Agree","","","","","","","","","","","","","","","","","","","6 - Agree","5 - Somewhat agree","5 - Somewhat agree","6 - Agree","6 - Agree","7 - Strongly agree","6 - Agree","6 - Agree","5 - Somewhat agree","6 - Agree","5 - Somewhat agree","","","","","","","","","","","","","","","","","","","","","","","","","","","","","","N/A","","","","","","","","","","","","","","","","148.94","","","5.21","","2.91","22.12","2.61","","74.8","12.21","","","","","9.28","","","","19.8","","","","","","","","","","","","","","","","","","","","","","","","",""
"133","","5","en","1055024306","6458f2ff-157a-59f1-5597-a35f410fb7a2","I accept the outlined privacy policy","Yes","Good ","","","","","","","","","","","","","","","","","","","","","","","","","","","","","","","","","","","","","","","","","","","","","","","","","","","","","","","","","","","","","","","","","","","","","","","","","","","","","","","","","","","","","","","","","","","","N/A","","","","","","","","","","","","","","","","52.08","","","3.91","","13.15","6.4","2.74","","","","","","","25.88","","","","","","","","","","","","","","","","","","","","","","","","","","","","","",""
"134","","37","en","1755624759","6458f2d5-a80d-d33d-66aa-37ab224d27a8","I accept the outlined privacy policy","No","","","","","","","","","","","","","","","","","","","","","","","","","","","","","","","","","","","","","","","","","","","","","","","","","","","","","","","","","","","","","","","","","","","","","","","","","","","","","","","","","","","","","","","","","","","","","N/A","","","","","","","","","","","","","","","","33.05","","","25.8","","7.25","","","","","","","","","","","","","","","","","","","","","","","","","","","","","","","","","","","","","","",""
"135","","3","en","1343462607","6458f2f9-7dd6-065b-f7e9-4956573e8034","I accept the outlined privacy policy","Yes","","","","","","","","","","","","","","","","","","","","","","","","","","","","","","","","","","","","","","","","","","","","","","","","","","","","","","","","","","","","","","","","","","","","","","","","","","","","","","","","","","","","","","","","","","","","","N/A","","","","","","","","","","","","","","","","23.65","","","10.09","","13.56","","","","","","","","","","","","","","","","","","","","","","","","","","","","","","","","","","","","","","",""
"136","","37","en","498715529","6458f301-d75f-081e-2667-c921fb0e7b93","I accept the outlined privacy policy","No","","","","","","","","","","","","","","","","","","","","","","","","","","","","","","","","","","","","","","","","","","","","","","","","","","","","","","","","","","","","","","","","","","","","","","","","","","","","","","","","","","","","","","","","","","","","","N/A","","","","","","","","","","","","","","","","14.86","","","7.79","","7.07","","","","","","","","","","","","","","","","","","","","","","","","","","","","","","","","","","","","","","",""
"137","","3","en","102039051","6458f2ff-9bec-82a4-1ebe-ee7801540443","I accept the outlined privacy policy","Yes","","","","","","","","","","","","","","","","","","","","","","","","","","","","","","","","","","","","","","","","","","","","","","","","","","","","","","","","","","","","","","","","","","","","","","","","","","","","","","","","","","","","","","","","","","","","","N/A","","","","","","","","","","","","","","","","20.36","","","11.14","","9.22","","","","","","","","","","","","","","","","","","","","","","","","","","","","","","","","","","","","","","",""
"138","1980-01-01 00:00:00","37","en","1666642181","6458f30a-69a6-c5c7-bdad-3ed65730de5e","I accept the outlined privacy policy","Yes","Idk how to explain ","","6 - Agree","4 - Neither agree nor disagree","2 - Disagree","6 - Agree","7 - Strongly agree","7 - Strongly agree","6 - Agree","6 - Agree","7 - Strongly agree","1 - Strongly disagree","1 - Strongly disagree","1 - Strongly disagree","5 - Somewhat agree","4 - Neither agree nor disagree","5 - Somewhat agree","6 - Agree","3 - Somewhat disagree","3 - Somewhat disagree","4 - Neither agree nor disagree","6 - Agree","5 - Somewhat agree","4 - Neither agree nor disagree","6 - Agree","6 - Agree","4 - Neither agree nor disagree","6 - Agree","6 - Agree","6 - Agree","5 - Somewhat agree","6 - Agree","4 - Neither agree nor disagree","4 - Neither agree nor disagree","1 - Strongly disagree","2 - Disagree","1 - Strongly disagree","1 - Strongly disagree","5 - Somewhat agree","3 - Somewhat disagree","4 - Neither agree nor disagree","4 - Neither agree nor disagree","4 - Neither agree nor disagree","6 - Agree","6 - Agree","5 - Somewhat agree","7 - Strongly agree","3 - Somewhat disagree","6 - Agree","5 - Somewhat agree","6 - Agree","4 - Neither agree nor disagree","6 - Agree","5 - Somewhat agree","6 - Agree","6 - Agree","6 - Agree","6 - Agree","7 - Strongly agree","5 - Somewhat agree","5 - Somewhat agree","6 - Agree","6 - Agree","2 - Disagree","3 - Somewhat disagree","4 - Neither agree nor disagree","6 - Agree","6 - Agree","4 - Neither agree nor disagree","6 - Agree","6 - Agree","6 - Agree","4 - Neither agree nor disagree","4 - Neither agree nor disagree","5 - Somewhat agree","5 - Somewhat agree","3 - Somewhat disagree","4 - Neither agree nor disagree","5 - Somewhat agree","5 - Somewhat agree","5 - Somewhat agree","5 - Somewhat agree","5 - Somewhat agree","2 - likely","3 - somewhat likely","5 - somewhat unlikely","4 - fifty-fifty","2 - Disagree","... remained the same","... remained the same","... increased","... decreased","Yes","to a high degree","Die Einarbeitung ","Homeoffice ","Die Einarbeitung ","Homeoffice ","Germany","","21-29","Upper school-leaving certificate/GCE","","2 to 5 years","Female","","Medical/Healthcare","","776.26","","","7.18","","10.67","31.11","3.21","","25","24.15","21.13","22.55","36.27","24.73","30.76","25.15","39.05","31.4","58.6","40.77","38.37","51.38","","50.67","","16.9","14.51","6.61","5.96","5.2","8.48","29.04","","23.98","10.83","13.33","15.46","","12.78","6.31","11.52","11.59","3.85","7.76"
"139","","37","en","1008602903","6458f2f7-c719-c9d4-abcf-2d16db1acc6e","I accept the outlined privacy policy","No","","","","","","","","","","","","","","","","","","","","","","","","","","","","","","","","","","","","","","","","","","","","","","","","","","","","","","","","","","","","","","","","","","","","","","","","","","","","","","","","","","","","","","","","","","","","","N/A","","","","","","","","","","","","","","","","14.49","","","9.26","","5.23","","","","","","","","","","","","","","","","","","","","","","","","","","","","","","","","","","","","","","",""
"140","","37","en","672547856","6458f2de-6a9e-9a14-4a17-5fe3da1f8d28","I accept the outlined privacy policy","No","","","","","","","","","","","","","","","","","","","","","","","","","","","","","","","","","","","","","","","","","","","","","","","","","","","","","","","","","","","","","","","","","","","","","","","","","","","","","","","","","","","","","","","","","","","","","N/A","","","","","","","","","","","","","","","","18.16","","","10.21","","7.95","","","","","","","","","","","","","","","","","","","","","","","","","","","","","","","","","","","","","","",""
"141","1980-01-01 00:00:00","37","en","376861366","6458f2e1-18d8-3f2e-4942-621c105364f6","I accept the outlined privacy policy","Yes","i learned a programming language","","5 - Somewhat agree","4 - Neither agree nor disagree","2 - Disagree","5 - Somewhat agree","5 - Somewhat agree","2 - Disagree","4 - Neither agree nor disagree","4 - Neither agree nor disagree","4 - Neither agree nor disagree","4 - Neither agree nor disagree","5 - Somewhat agree","4 - Neither agree nor disagree","5 - Somewhat agree","3 - Somewhat disagree","4 - Neither agree nor disagree","3 - Somewhat disagree","4 - Neither agree nor disagree","5 - Somewhat agree","4 - Neither agree nor disagree","3 - Somewhat disagree","5 - Somewhat agree","4 - Neither agree nor disagree","4 - Neither agree nor disagree","5 - Somewhat agree","4 - Neither agree nor disagree","3 - Somewhat disagree","6 - Agree","4 - Neither agree nor disagree","5 - Somewhat agree","4 - Neither agree nor disagree","5 - Somewhat agree","3 - Somewhat disagree","5 - Somewhat agree","4 - Neither agree nor disagree","4 - Neither agree nor disagree","4 - Neither agree nor disagree","4 - Neither agree nor disagree","4 - Neither agree nor disagree","6 - Agree","3 - Somewhat disagree","6 - Agree","5 - Somewhat agree","6 - Agree","5 - Somewhat agree","4 - Neither agree nor disagree","5 - Somewhat agree","4 - Neither agree nor disagree","3 - Somewhat disagree","5 - Somewhat agree","5 - Somewhat agree","3 - Somewhat disagree","4 - Neither agree nor disagree","5 - Somewhat agree","3 - Somewhat disagree","4 - Neither agree nor disagree","4 - Neither agree nor disagree","4 - Neither agree nor disagree","4 - Neither agree nor disagree","3 - Somewhat disagree","4 - Neither agree nor disagree","5 - Somewhat agree","5 - Somewhat agree","6 - Agree","4 - Neither agree nor disagree","5 - Somewhat agree","4 - Neither agree nor disagree","5 - Somewhat agree","5 - Somewhat agree","4 - Neither agree nor disagree","4 - Neither agree nor disagree","5 - Somewhat agree","5 - Somewhat agree","4 - Neither agree nor disagree","4 - Neither agree nor disagree","3 - Somewhat disagree","4 - Neither agree nor disagree","6 - Agree","5 - Somewhat agree","4 - Neither agree nor disagree","3 - Somewhat disagree","4 - Neither agree nor disagree","4 - fifty-fifty","5 - somewhat unlikely","5 - somewhat unlikely","4 - fifty-fifty","4 - Neither agree nor disagree","... increased","... remained the same","... increased","... remained the same","Yes","to a high degree","i think it’s finding the mistakes and correcting them and working on not doing them again","a lot of benefits ","having to be detailed","","Germany","","18-20","Upper school-leaving certificate/GCE","","less than 2 years","Female","","Medical/Healthcare","","326.84","","","9.56","","8.76","20.81","2.62","","6.62","16.22","8.74","7.31","10.52","11.63","5.52","6.62","10.69","9.94","22.21","9.31","5.5","9.84","","6.77","","3.94","6.06","2.77","2.83","2.76","12.8","3.14","","28.88","10.69","14.64","1.8","","6.77","5.63","15.08","4.24","3.69","11.93"
"142","","3","en","1739341107","6458f2e2-4ab3-7ebe-b314-76d7946683fb","I accept the outlined privacy policy","Yes","","","","","","","","","","","","","","","","","","","","","","","","","","","","","","","","","","","","","","","","","","","","","","","","","","","","","","","","","","","","","","","","","","","","","","","","","","","","","","","","","","","","","","","","","","","","","N/A","","","","","","","","","","","","","","","","23.61","","","12.66","","8","2.95","","","","","","","","","","","","","","","","","","","","","","","","","","","","","","","","","","","","","",""
"143","","37","en","837689461","6458f307-58a5-7305-f744-e15343aa11bd","I accept the outlined privacy policy","No","","","","","","","","","","","","","","","","","","","","","","","","","","","","","","","","","","","","","","","","","","","","","","","","","","","","","","","","","","","","","","","","","","","","","","","","","","","","","","","","","","","","","","","","","","","","","N/A","","","","","","","","","","","","","","","","15.28","","","8.2","","7.08","","","","","","","","","","","","","","","","","","","","","","","","","","","","","","","","","","","","","","",""
"144","","-1","en","1796108138","6458f315-cb33-d0af-c6b5-eb585484d3ea","","N/A","","","","","","","","","","","","","","","","","","","","","","","","","","","","","","","","","","","","","","","","","","","","","","","","","","","","","","","","","","","","","","","","","","","","","","","","","","","","","","","","","","","","","","","","","","","","","N/A","","","","","","","","","","","","","","","","0","","","","","","","","","","","","","","","","","","","","","","","","","","","","","","","","","","","","","","","","","","","",""
"145","1980-01-01 00:00:00","37","en","1931932476","6458f317-9e69-fc33-62c5-923b0995aed1","I accept the outlined privacy policy","Yes","Yes","","6 - Agree","6 - Agree","5 - Somewhat agree","5 - Somewhat agree","6 - Agree","7 - Strongly agree","6 - Agree","5 - Somewhat agree","5 - Somewhat agree","4 - Neither agree nor disagree","6 - Agree","6 - Agree","3 - Somewhat disagree","2 - Disagree","4 - Neither agree nor disagree","4 - Neither agree nor disagree","6 - Agree","5 - Somewhat agree","6 - Agree","5 - Somewhat agree","5 - Somewhat agree","5 - Somewhat agree","6 - Agree","4 - Neither agree nor disagree","5 - Somewhat agree","5 - Somewhat agree","3 - Somewhat disagree","2 - Disagree","3 - Somewhat disagree","6 - Agree","3 - Somewhat disagree","4 - Neither agree nor disagree","3 - Somewhat disagree","5 - Somewhat agree","4 - Neither agree nor disagree","5 - Somewhat agree","2 - Disagree","3 - Somewhat disagree","6 - Agree","5 - Somewhat agree","2 - Disagree","4 - Neither agree nor disagree","7 - Strongly agree","3 - Somewhat disagree","2 - Disagree","4 - Neither agree nor disagree","4 - Neither agree nor disagree","2 - Disagree","3 - Somewhat disagree","3 - Somewhat disagree","5 - Somewhat agree","6 - Agree","7 - Strongly agree","6 - Agree","2 - Disagree","5 - Somewhat agree","5 - Somewhat agree","5 - Somewhat agree","6 - Agree","4 - Neither agree nor disagree","2 - Disagree","5 - Somewhat agree","5 - Somewhat agree","3 - Somewhat disagree","3 - Somewhat disagree","2 - Disagree","6 - Agree","3 - Somewhat disagree","3 - Somewhat disagree","3 - Somewhat disagree","1 - Strongly disagree","4 - Neither agree nor disagree","3 - Somewhat disagree","3 - Somewhat disagree","2 - Disagree","3 - Somewhat disagree","4 - Neither agree nor disagree","3 - Somewhat disagree","4 - Neither agree nor disagree","5 - Somewhat agree","5 - Somewhat agree","7 - impossible","5 - somewhat unlikely","5 - somewhat unlikely","6 - unlikely","7 - Strongly agree","... remained the same","... remained the same","... increased","... remained the same","Yes","to a high degree","No","No","Yes","No","Germany","","40-49","","","2 to 5 years","Female","","Other","","323.59","","","11.56","","12.73","11.12","2.98","","4.99","11.22","5.99","6.75","19.97","6.24","8.82","6.83","12.15","9.07","62.21","15.12","7.59","13.17","","7.64","","7.73","9.95","3.87","4.14","2.08","3.06","2.74","","6.91","4.54","3.92","3.76","","5.1","3.91","8.47","6.39","4.26","6.61"
"146","1980-01-01 00:00:00","37","en","575522646","6458f306-b963-7464-db14-67f96b00d3a9","I accept the outlined privacy policy","Yes","Microsoft","","4 - Neither agree nor disagree","5 - Somewhat agree","5 - Somewhat agree","6 - Agree","5 - Somewhat agree","4 - Neither agree nor disagree","6 - Agree","5 - Somewhat agree","5 - Somewhat agree","4 - Neither agree nor disagree","6 - Agree","6 - Agree","6 - Agree","6 - Agree","5 - Somewhat agree","6 - Agree","6 - Agree","6 - Agree","5 - Somewhat agree","7 - Strongly agree","5 - Somewhat agree","7 - Strongly agree","6 - Agree","7 - Strongly agree","6 - Agree","3 - Somewhat disagree","5 - Somewhat agree","","5 - Somewhat agree","5 - Somewhat agree","6 - Agree","2 - Disagree","5 - Somewhat agree","3 - Somewhat disagree","3 - Somewhat disagree","4 - Neither agree nor disagree","5 - Somewhat agree","6 - Agree","","4 - Neither agree nor disagree","6 - Agree","4 - Neither agree nor disagree","5 - Somewhat agree","5 - Somewhat agree","6 - Agree","4 - Neither agree nor disagree","4 - Neither agree nor disagree","5 - Somewhat agree","4 - Neither agree nor disagree","5 - Somewhat agree","5 - Somewhat agree","5 - Somewhat agree","7 - Strongly agree","6 - Agree","","5 - Somewhat agree","7 - Strongly agree","5 - Somewhat agree","5 - Somewhat agree","6 - Agree","5 - Somewhat agree","7 - Strongly agree","6 - Agree","5 - Somewhat agree","4 - Neither agree nor disagree","4 - Neither agree nor disagree","","3 - Somewhat disagree","4 - Neither agree nor disagree","","4 - Neither agree nor disagree","5 - Somewhat agree","6 - Agree","5 - Somewhat agree","5 - Somewhat agree","5 - Somewhat agree","5 - Somewhat agree","3 - Somewhat disagree","6 - Agree","","4 - Neither agree nor disagree","2 - likely","4 - fifty-fifty","2 - likely","2 - likely","3 - Somewhat disagree","... remained the same","... increased","... decreased","... increased","Yes","to a high degree","College and group","Smartphone","Marketing ","PR and marketing and people ","Germany","","30-39","Other","High school","None","Female","","Production","","550.51","","","8.12","","5.47","10.32","4.33","","14.51","18.03","10.06","26.06","28.48","10.95","23.82","18.56","23.37","28.73","38.93","28.13","12.39","20.86","","29.34","","7.86","9.1","6","2.97","5.39","7.53","8.1","","27.05","22.8","19.79","24.1","","5.17","4.26","21.8","9.59","3.71","4.83"
"147","1980-01-01 00:00:00","37","en","546803392","6458f31a-19d1-9db3-9515-8a77a88ef071","I accept the outlined privacy policy","Yes","Kreativ
","","4 - Neither agree nor disagree","5 - Somewhat agree","4 - Neither agree nor disagree","6 - Agree","5 - Somewhat agree","6 - Agree","5 - Somewhat agree","5 - Somewhat agree","6 - Agree","5 - Somewhat agree","5 - Somewhat agree","5 - Somewhat agree","5 - Somewhat agree","4 - Neither agree nor disagree","5 - Somewhat agree","3 - Somewhat disagree","4 - Neither agree nor disagree","5 - Somewhat agree","2 - Disagree","4 - Neither agree nor disagree","5 - Somewhat agree","5 - Somewhat agree","4 - Neither agree nor disagree","5 - Somewhat agree","3 - Somewhat disagree","5 - Somewhat agree","4 - Neither agree nor disagree","4 - Neither agree nor disagree","5 - Somewhat agree","5 - Somewhat agree","4 - Neither agree nor disagree","4 - Neither agree nor disagree","5 - Somewhat agree","5 - Somewhat agree","5 - Somewhat agree","5 - Somewhat agree","4 - Neither agree nor disagree","5 - Somewhat agree","3 - Somewhat disagree","4 - Neither agree nor disagree","5 - Somewhat agree","5 - Somewhat agree","4 - Neither agree nor disagree","5 - Somewhat agree","5 - Somewhat agree","5 - Somewhat agree","3 - Somewhat disagree","4 - Neither agree nor disagree","4 - Neither agree nor disagree","3 - Somewhat disagree","5 - Somewhat agree","3 - Somewhat disagree","2 - Disagree","2 - Disagree","2 - Disagree","5 - Somewhat agree","4 - Neither agree nor disagree","4 - Neither agree nor disagree","6 - Agree","4 - Neither agree nor disagree","3 - Somewhat disagree","5 - Somewhat agree","4 - Neither agree nor disagree","4 - Neither agree nor disagree","5 - Somewhat agree","4 - Neither agree nor disagree","5 - Somewhat agree","3 - Somewhat disagree","4 - Neither agree nor disagree","2 - Disagree","3 - Somewhat disagree","3 - Somewhat disagree","5 - Somewhat agree","6 - Agree","6 - Agree","4 - Neither agree nor disagree","3 - Somewhat disagree","1 - Strongly disagree","5 - Somewhat agree","4 - Neither agree nor disagree","3 - Somewhat disagree","4 - fifty-fifty","5 - somewhat unlikely","4 - fifty-fifty","3 - somewhat likely","4 - Neither agree nor disagree","... increased","... remained the same","... increased","... remained the same","No","","","","","","Germany","","18-20","Upper school-leaving certificate/GCE","","2 to 5 years","Female","","Production","","312.94","","","9.49","","7.24","31.99","3.78","","4.99","23.69","5.32","5.42","13.92","8.79","23.93","10.12","10.49","8.47","13.35","10.26","7.04","9.86","","7.59","","3.69","8.4","3.95","3.02","2.18","8.2","","","16.52","7.8","3.03","3.41","","4.35","6.23","5.37","6.26","5.25","9.54"
"148","1980-01-01 00:00:00","37","en","1995348270","6458f31c-0e31-0c56-0620-0e5e60a4a6f7","I accept the outlined privacy policy","Yes","The project that  I participated in was in my university apart of my medical degree.","","2 - Disagree","5 - Somewhat agree","5 - Somewhat agree","6 - Agree","5 - Somewhat agree","4 - Neither agree nor disagree","7 - Strongly agree","3 - Somewhat disagree","6 - Agree","6 - Agree","5 - Somewhat agree","7 - Strongly agree","2 - Disagree","2 - Disagree","6 - Agree","7 - Strongly agree","4 - Neither agree nor disagree","4 - Neither agree nor disagree","2 - Disagree","6 - Agree","6 - Agree","5 - Somewhat agree","7 - Strongly agree","5 - Somewhat agree","5 - Somewhat agree","6 - Agree","3 - Somewhat disagree","5 - Somewhat agree","7 - Strongly agree","5 - Somewhat agree","2 - Disagree","3 - Somewhat disagree","1 - Strongly disagree","4 - Neither agree nor disagree","7 - Strongly agree","5 - Somewhat agree","3 - Somewhat disagree","5 - Somewhat agree","3 - Somewhat disagree","7 - Strongly agree","2 - Disagree","6 - Agree","7 - Strongly agree","6 - Agree","5 - Somewhat agree","3 - Somewhat disagree","7 - Strongly agree","6 - Agree","6 - Agree","5 - Somewhat agree","4 - Neither agree nor disagree","7 - Strongly agree","7 - Strongly agree","6 - Agree","7 - Strongly agree","5 - Somewhat agree","5 - Somewhat agree","6 - Agree","4 - Neither agree nor disagree","3 - Somewhat disagree","6 - Agree","6 - Agree","7 - Strongly agree","3 - Somewhat disagree","6 - Agree","7 - Strongly agree","5 - Somewhat agree","6 - Agree","3 - Somewhat disagree","6 - Agree","2 - Disagree","4 - Neither agree nor disagree","5 - Somewhat agree","6 - Agree","5 - Somewhat agree","4 - Neither agree nor disagree","4 - Neither agree nor disagree","2 - Disagree","6 - Agree","7 - Strongly agree","2 - Disagree","6 - unlikely","6 - unlikely","4 - fifty-fifty","7 - impossible","7 - Strongly agree","... increased","... increased","... remained the same","... increased","Yes","to a high degree","I think the biggest challenge for me is the fact that it diverts me society and i kind of miss face to face interactions ","Its more reliable you can get the most information possible ","The biggest challenge is getting everyone to like it and accept it because it is moving into and taking over people","Reliable and fast it is expensive but it works well in the better term","United Kingdom","","21-29","Master's/Diploma","","5 to 10 years","Female","","Craft/skilled and manual work","","644.47","","","15.95","","19.16","31.51","12.05","","30.69","28","8.45","28.32","32.4","17.47","30.59","20.61","32.6","28.55","26.25","25.52","36.41","25.83","","9.31","","4.48","6.3","3.76","3.93","6.27","7.76","5.52","","49.7","21.4","24.78","17.7","","4.97","4.95","6.67","6.21","3.48","6.92"
"149","","-1","en","475117433","6458f321-4649-a18f-f049-152e138d1e0e","","N/A","","","","","","","","","","","","","","","","","","","","","","","","","","","","","","","","","","","","","","","","","","","","","","","","","","","","","","","","","","","","","","","","","","","","","","","","","","","","","","","","","","","","","","","","","","","","","N/A","","","","","","","","","","","","","","","","0","","","","","","","","","","","","","","","","","","","","","","","","","","","","","","","","","","","","","","","","","","","",""
"150","1980-01-01 00:00:00","37","en","726734553","6458f318-89dd-cf5f-826e-3581d465fb98","I accept the outlined privacy policy","Yes","Keine Ahnung ","","6 - Agree","5 - Somewhat agree","5 - Somewhat agree","6 - Agree","6 - Agree","6 - Agree","6 - Agree","6 - Agree","6 - Agree","4 - Neither agree nor disagree","6 - Agree","5 - Somewhat agree","4 - Neither agree nor disagree","5 - Somewhat agree","5 - Somewhat agree","6 - Agree","6 - Agree","6 - Agree","5 - Somewhat agree","7 - Strongly agree","7 - Strongly agree","7 - Strongly agree","6 - Agree","5 - Somewhat agree","6 - Agree","6 - Agree","7 - Strongly agree","5 - Somewhat agree","7 - Strongly agree","7 - Strongly agree","7 - Strongly agree","7 - Strongly agree","3 - Somewhat disagree","","6 - Agree","5 - Somewhat agree","5 - Somewhat agree","4 - Neither agree nor disagree","5 - Somewhat agree","5 - Somewhat agree","5 - Somewhat agree","4 - Neither agree nor disagree","","5 - Somewhat agree","6 - Agree","6 - Agree","5 - Somewhat agree","6 - Agree","6 - Agree","6 - Agree","6 - Agree","6 - Agree","6 - Agree","6 - Agree","6 - Agree","5 - Somewhat agree","6 - Agree","6 - Agree","6 - Agree","6 - Agree","6 - Agree","5 - Somewhat agree","5 - Somewhat agree","5 - Somewhat agree","5 - Somewhat agree","5 - Somewhat agree","5 - Somewhat agree","6 - Agree","6 - Agree","3 - Somewhat disagree","5 - Somewhat agree","4 - Neither agree nor disagree","3 - Somewhat disagree","5 - Somewhat agree","5 - Somewhat agree","6 - Agree","6 - Agree","5 - Somewhat agree","6 - Agree","6 - Agree","7 - Strongly agree","6 - unlikely","2 - likely","2 - likely","3 - somewhat likely","7 - Strongly agree","... remained the same","... increased","... increased","... increased","No","","Keine Ahnung ","Keine Angaben ","Smartphone ","Online Banking ","Germany","","21-29","Intermediate school-leaving certificate","","2 to 5 years","Female","","Medical/Healthcare","","748.56","","","21.18","","4.97","13.48","2.61","","5.94","12.66","8.27","7.9","16.94","418.22","8.64","12.26","13.15","14.67","20.5","13.87","12.08","14.48","","9.85","","7.45","7.58","6.52","3.32","2.87","7.74","","","9.89","10.01","9","13.94","","5.4","4.92","8.66","8.16","3.52","7.91"
"151","","3","en","856719788","6458f2f4-81c1-e943-3b7c-5a3be0c0d6bc","I accept the outlined privacy policy","Yes","","","","","","","","","","","","","","","","","","","","","","","","","","","","","","","","","","","","","","","","","","","","","","","","","","","","","","","","","","","","","","","","","","","","","","","","","","","","","","","","","","","","","","","","","","","","","N/A","","","","","","","","","","","","","","","","40.86","","","28.93","","11.93","","","","","","","","","","","","","","","","","","","","","","","","","","","","","","","","","","","","","","",""
"152","","37","en","13449649","6458f324-53d5-8a7e-e5f0-6eca652f2972","I accept the outlined privacy policy","No","","","","","","","","","","","","","","","","","","","","","","","","","","","","","","","","","","","","","","","","","","","","","","","","","","","","","","","","","","","","","","","","","","","","","","","","","","","","","","","","","","","","","","","","","","","","","N/A","","","","","","","","","","","","","","","","13.36","","","5.99","","7.37","","","","","","","","","","","","","","","","","","","","","","","","","","","","","","","","","","","","","","",""
"153","","3","en","1645629436","6458f2f7-4777-592f-8441-f8129b6f224f","I accept the outlined privacy policy","Yes","","","","","","","","","","","","","","","","","","","","","","","","","","","","","","","","","","","","","","","","","","","","","","","","","","","","","","","","","","","","","","","","","","","","","","","","","","","","","","","","","","","","","","","","","","","","","N/A","","","","","","","","","","","","","","","","19.88","","","13.13","","6.75","","","","","","","","","","","","","","","","","","","","","","","","","","","","","","","","","","","","","","",""
"154","","3","en","186426694","6458f321-6b19-4cbc-d880-4fcff816d197","I accept the outlined privacy policy","Yes","","","","","","","","","","","","","","","","","","","","","","","","","","","","","","","","","","","","","","","","","","","","","","","","","","","","","","","","","","","","","","","","","","","","","","","","","","","","","","","","","","","","","","","","","","","","","N/A","","","","","","","","","","","","","","","","38.49","","","26.29","","12.2","","","","","","","","","","","","","","","","","","","","","","","","","","","","","","","","","","","","","","",""
"155","1980-01-01 00:00:00","37","en","1304277664","6458f30f-f19e-fc8b-7b77-2853337a8b02","I accept the outlined privacy policy","Yes","It was to do with the new onboarding of clients. We had to change the policy","","6 - Agree","6 - Agree","5 - Somewhat agree","6 - Agree","7 - Strongly agree","7 - Strongly agree","7 - Strongly agree","7 - Strongly agree","6 - Agree","6 - Agree","6 - Agree","6 - Agree","4 - Neither agree nor disagree","6 - Agree","4 - Neither agree nor disagree","6 - Agree","6 - Agree","6 - Agree","6 - Agree","6 - Agree","6 - Agree","6 - Agree","6 - Agree","6 - Agree","6 - Agree","6 - Agree","6 - Agree","6 - Agree","6 - Agree","6 - Agree","7 - Strongly agree","2 - Disagree","3 - Somewhat disagree","2 - Disagree","5 - Somewhat agree","4 - Neither agree nor disagree","6 - Agree","5 - Somewhat agree","6 - Agree","6 - Agree","6 - Agree","6 - Agree","6 - Agree","6 - Agree","6 - Agree","6 - Agree","6 - Agree","5 - Somewhat agree","6 - Agree","6 - Agree","7 - Strongly agree","6 - Agree","5 - Somewhat agree","","7 - Strongly agree","5 - Somewhat agree","6 - Agree","6 - Agree","7 - Strongly agree","","6 - Agree","6 - Agree","6 - Agree","6 - Agree","6 - Agree","6 - Agree","6 - Agree","5 - Somewhat agree","6 - Agree","5 - Somewhat agree","5 - Somewhat agree","5 - Somewhat agree","6 - Agree","5 - Somewhat agree","6 - Agree","6 - Agree","6 - Agree","6 - Agree","6 - Agree","6 - Agree","6 - Agree","4 - fifty-fifty","3 - somewhat likely","2 - likely","2 - likely","6 - Agree","... increased","... remained the same","... remained the same","... increased","No","","No really one's that we couldn't deal with","More revenue","Having everyone on the same page","Not sure","United Kingdom","","40-49","Vocational training","","5 to 10 years","Male","","Medical/Healthcare","","1266.45","","","4.98","","16.79","33.16","4.32","","33.47","18.37","27.67","15.91","122.68","19.73","258.48","30.08","89.51","30.43","167.51","40.37","20.84","53.48","","42.52","","14.7","10.27","2.84","3.34","2.58","10.8","","","23.36","15.23","107.37","7.5","","7.2","3.99","3.82","8.9","6.5","7.75"
"156","","37","en","314937696","6458f311-d994-6b67-d5e7-41f088a242bd","I accept the outlined privacy policy","No","","","","","","","","","","","","","","","","","","","","","","","","","","","","","","","","","","","","","","","","","","","","","","","","","","","","","","","","","","","","","","","","","","","","","","","","","","","","","","","","","","","","","","","","","","","","","N/A","","","","","","","","","","","","","","","","22.13","","","14.87","","7.26","","","","","","","","","","","","","","","","","","","","","","","","","","","","","","","","","","","","","","",""
"157","","37","en","1105772725","6458f322-8a77-e052-58ca-7b5578d9fc48","I accept the outlined privacy policy","No","","","","","","","","","","","","","","","","","","","","","","","","","","","","","","","","","","","","","","","","","","","","","","","","","","","","","","","","","","","","","","","","","","","","","","","","","","","","","","","","","","","","","","","","","","","","","N/A","","","","","","","","","","","","","","","","27.66","","","15.97","","11.69","","","","","","","","","","","","","","","","","","","","","","","","","","","","","","","","","","","","","","",""
"158","1980-01-01 00:00:00","37","en","417677263","6458f320-d255-a35a-3d56-83b08f36265f","I accept the outlined privacy policy","Yes","I think it was great and i love technology. I am a tech wizz and i participlated in the design of the software","","5 - Somewhat agree","6 - Agree","6 - Agree","3 - Somewhat disagree","5 - Somewhat agree","4 - Neither agree nor disagree","3 - Somewhat disagree","3 - Somewhat disagree","3 - Somewhat disagree","6 - Agree","5 - Somewhat agree","5 - Somewhat agree","5 - Somewhat agree","6 - Agree","5 - Somewhat agree","5 - Somewhat agree","5 - Somewhat agree","5 - Somewhat agree","5 - Somewhat agree","5 - Somewhat agree","4 - Neither agree nor disagree","4 - Neither agree nor disagree","4 - Neither agree nor disagree","5 - Somewhat agree","4 - Neither agree nor disagree","4 - Neither agree nor disagree","4 - Neither agree nor disagree","5 - Somewhat agree","6 - Agree","4 - Neither agree nor disagree","5 - Somewhat agree","6 - Agree","5 - Somewhat agree","6 - Agree","5 - Somewhat agree","5 - Somewhat agree","6 - Agree","3 - Somewhat disagree","4 - Neither agree nor disagree","5 - Somewhat agree","4 - Neither agree nor disagree","4 - Neither agree nor disagree","4 - Neither agree nor disagree","6 - Agree","7 - Strongly agree","6 - Agree","5 - Somewhat agree","7 - Strongly agree","4 - Neither agree nor disagree","4 - Neither agree nor disagree","2 - Disagree","5 - Somewhat agree","4 - Neither agree nor disagree","7 - Strongly agree","7 - Strongly agree","5 - Somewhat agree","5 - Somewhat agree","2 - Disagree","3 - Somewhat disagree","2 - Disagree","2 - Disagree","5 - Somewhat agree","5 - Somewhat agree","5 - Somewhat agree","4 - Neither agree nor disagree","7 - Strongly agree","5 - Somewhat agree","5 - Somewhat agree","6 - Agree","6 - Agree","5 - Somewhat agree","6 - Agree","7 - Strongly agree","5 - Somewhat agree","4 - Neither agree nor disagree","5 - Somewhat agree","4 - Neither agree nor disagree","4 - Neither agree nor disagree","4 - Neither agree nor disagree","5 - Somewhat agree","4 - Neither agree nor disagree","6 - unlikely","4 - fifty-fifty","5 - somewhat unlikely","5 - somewhat unlikely","5 - Somewhat agree","... remained the same","... increased","... increased","... increased","Yes","to a high degree","The biggest challenge is making sure everything is ok and that everything was ready for public use because i love tech and i love computers","The benefits are helping the public and helping people with their technology needs. I love computers and i use computers all of the time and most of the time.","I think the biggest challenge was all of it and getting it ready because sometimes technoglogy can be really confusing to work on.","The benefits again is all of it and i love seeing people happy with my products and i love computers so i love working on stuff like this and love working on tech","United Kingdom","","21-29","Bachelor's/Prediploma","","less than 2 years","Female","","Medical/Healthcare","","564.73","","","13.44","","7.94","41.66","3.1","","41.49","9.78","9.1","6.79","11.31","16.23","9.06","7.51","35.46","24.24","22.6","11.76","24.85","12.98","","6.95","","14.8","13.78","4.31","5.1","3.37","4.9","5.89","","46.25","37.98","32.44","36.13","","6.48","5.93","9.78","9.84","5.26","6.24"
"159","1980-01-01 00:00:00","37","en","1432595991","6458f314-4a2e-5ae5-755e-9cfb2a56fcf2","I accept the outlined privacy policy","Yes","A government backed initiative to allow children access to Microsoft packages and other IT software in one place","","5 - Somewhat agree","5 - Somewhat agree","4 - Neither agree nor disagree","6 - Agree","5 - Somewhat agree","6 - Agree","5 - Somewhat agree","5 - Somewhat agree","5 - Somewhat agree","6 - Agree","5 - Somewhat agree","5 - Somewhat agree","3 - Somewhat disagree","3 - Somewhat disagree","5 - Somewhat agree","6 - Agree","5 - Somewhat agree","4 - Neither agree nor disagree","5 - Somewhat agree","6 - Agree","5 - Somewhat agree","1 - Strongly disagree","5 - Somewhat agree","5 - Somewhat agree","5 - Somewhat agree","5 - Somewhat agree","6 - Agree","2 - Disagree","6 - Agree","3 - Somewhat disagree","3 - Somewhat disagree","5 - Somewhat agree","4 - Neither agree nor disagree","2 - Disagree","3 - Somewhat disagree","3 - Somewhat disagree","6 - Agree","6 - Agree","3 - Somewhat disagree","4 - Neither agree nor disagree","4 - Neither agree nor disagree","4 - Neither agree nor disagree","3 - Somewhat disagree","4 - Neither agree nor disagree","5 - Somewhat agree","4 - Neither agree nor disagree","4 - Neither agree nor disagree","5 - Somewhat agree","5 - Somewhat agree","3 - Somewhat disagree","5 - Somewhat agree","4 - Neither agree nor disagree","5 - Somewhat agree","6 - Agree","5 - Somewhat agree","5 - Somewhat agree","5 - Somewhat agree","6 - Agree","6 - Agree","6 - Agree","6 - Agree","5 - Somewhat agree","5 - Somewhat agree","6 - Agree","6 - Agree","6 - Agree","3 - Somewhat disagree","6 - Agree","6 - Agree","3 - Somewhat disagree","4 - Neither agree nor disagree","3 - Somewhat disagree","3 - Somewhat disagree","3 - Somewhat disagree","5 - Somewhat agree","6 - Agree","5 - Somewhat agree","4 - Neither agree nor disagree","4 - Neither agree nor disagree","4 - Neither agree nor disagree","5 - Somewhat agree","2 - likely","6 - unlikely","3 - somewhat likely","4 - fifty-fifty","3 - Somewhat disagree","... remained the same","... increased","... increased","... increased","No","","Using data and tools effectively and efficiently as opposed to using things just because they are there","Transferable data and knowledge stored securely and and easily accessible","Keeping pace with IT; effective use rather than over reliance ","New skills; wider array of tools to enhance work ","United Kingdom","","40-49","Bachelor's/Prediploma","","None","Male","","Service/public service","","848.5","","","13.87","","12.21","60.32","8.68","","18.7","28.47","25.01","25.19","32.25","19.37","24.22","22.79","47.6","37.09","53.79","38.86","26.38","46.71","","29.36","","8.06","10.1","13.48","7.6","5.87","6.15","","","37.49","59.07","46","33.76","","6.4","4.75","11.44","13.72","5.28","8.46"
"160","1980-01-01 00:00:00","37","en","2038309716","6458f32c-04b3-57d7-5048-a97084d6229a","I accept the outlined privacy policy","Yes","Windows","","7 - Strongly agree","7 - Strongly agree","7 - Strongly agree","7 - Strongly agree","7 - Strongly agree","7 - Strongly agree","7 - Strongly agree","7 - Strongly agree","7 - Strongly agree","7 - Strongly agree","7 - Strongly agree","7 - Strongly agree","7 - Strongly agree","7 - Strongly agree","7 - Strongly agree","7 - Strongly agree","7 - Strongly agree","7 - Strongly agree","7 - Strongly agree","7 - Strongly agree","7 - Strongly agree","7 - Strongly agree","7 - Strongly agree","7 - Strongly agree","7 - Strongly agree","7 - Strongly agree","7 - Strongly agree","7 - Strongly agree","7 - Strongly agree","7 - Strongly agree","7 - Strongly agree","7 - Strongly agree","7 - Strongly agree","7 - Strongly agree","7 - Strongly agree","7 - Strongly agree","7 - Strongly agree","7 - Strongly agree","7 - Strongly agree","7 - Strongly agree","7 - Strongly agree","7 - Strongly agree","7 - Strongly agree","7 - Strongly agree","7 - Strongly agree","7 - Strongly agree","7 - Strongly agree","7 - Strongly agree","7 - Strongly agree","7 - Strongly agree","7 - Strongly agree","7 - Strongly agree","7 - Strongly agree","7 - Strongly agree","7 - Strongly agree","7 - Strongly agree","7 - Strongly agree","7 - Strongly agree","7 - Strongly agree","7 - Strongly agree","7 - Strongly agree","6 - Agree","7 - Strongly agree","6 - Agree","6 - Agree","7 - Strongly agree","7 - Strongly agree","7 - Strongly agree","7 - Strongly agree","7 - Strongly agree","7 - Strongly agree","7 - Strongly agree","7 - Strongly agree","7 - Strongly agree","7 - Strongly agree","7 - Strongly agree","7 - Strongly agree","7 - Strongly agree","7 - Strongly agree","7 - Strongly agree","7 - Strongly agree","1 - certain","1 - certain","1 - certain","1 - certain","7 - Strongly agree","... increased","... increased","... increased","... increased","Yes","to a very high degree","Time and people","Money","Money","Money","United Kingdom","","21-29","Advanced technical college certificate","","5 to 10 years","Male","","Craft/skilled and manual work","","355.11","","","12.02","","4.14","10.54","5.49","","8.84","17.14","7.98","10.48","12.29","7.6","15.57","8.39","13.12","10.97","18.2","15.15","8.69","15.62","","33.29","","6.42","11.02","3.38","3.51","4.83","8.36","6.14","","17.5","6.69","5.31","4.61","","5.7","6.53","9.93","9.47","3.66","6.53"
"161","","37","en","192997413","6458f32a-815c-7ce2-ff20-3690b4ae580c","I accept the outlined privacy policy","No","","","","","","","","","","","","","","","","","","","","","","","","","","","","","","","","","","","","","","","","","","","","","","","","","","","","","","","","","","","","","","","","","","","","","","","","","","","","","","","","","","","","","","","","","","","","","N/A","","","","","","","","","","","","","","","","24.07","","","13.06","","11.01","","","","","","","","","","","","","","","","","","","","","","","","","","","","","","","","","","","","","","",""
"162","","37","en","732673057","6458f32b-3d04-c60f-dcfb-e0c23fe811c6","I accept the outlined privacy policy","No","","","","","","","","","","","","","","","","","","","","","","","","","","","","","","","","","","","","","","","","","","","","","","","","","","","","","","","","","","","","","","","","","","","","","","","","","","","","","","","","","","","","","","","","","","","","","N/A","","","","","","","","","","","","","","","","15.41","","","6.95","","8.46","","","","","","","","","","","","","","","","","","","","","","","","","","","","","","","","","","","","","","",""
"163","","37","en","1349053851","6458f326-8521-767e-9911-2b6f5f70650f","I accept the outlined privacy policy","No","","","","","","","","","","","","","","","","","","","","","","","","","","","","","","","","","","","","","","","","","","","","","","","","","","","","","","","","","","","","","","","","","","","","","","","","","","","","","","","","","","","","","","","","","","","","","N/A","","","","","","","","","","","","","","","","35.84","","","24.57","","11.27","","","","","","","","","","","","","","","","","","","","","","","","","","","","","","","","","","","","","","",""
"164","","-1","en","1210794247","6458f315-39fd-0d27-6f16-c8905d3e32e1","","N/A","","","","","","","","","","","","","","","","","","","","","","","","","","","","","","","","","","","","","","","","","","","","","","","","","","","","","","","","","","","","","","","","","","","","","","","","","","","","","","","","","","","","","","","","","","","","","N/A","","","","","","","","","","","","","","","","0","","","","","","","","","","","","","","","","","","","","","","","","","","","","","","","","","","","","","","","","","","","",""
"165","","37","en","958327105","6458f327-4cb7-2581-415e-c1254d7a09a2","I accept the outlined privacy policy","No","","","","","","","","","","","","","","","","","","","","","","","","","","","","","","","","","","","","","","","","","","","","","","","","","","","","","","","","","","","","","","","","","","","","","","","","","","","","","","","","","","","","","","","","","","","","","N/A","","","","","","","","","","","","","","","","15.19","","","7.54","","7.65","","","","","","","","","","","","","","","","","","","","","","","","","","","","","","","","","","","","","","",""
"166","","37","en","2078378702","6458f323-079e-71ad-d3f4-dec2f6d527fc","I accept the outlined privacy policy","No","","","","","","","","","","","","","","","","","","","","","","","","","","","","","","","","","","","","","","","","","","","","","","","","","","","","","","","","","","","","","","","","","","","","","","","","","","","","","","","","","","","","","","","","","","","","","N/A","","","","","","","","","","","","","","","","22.06","","","9.86","","12.2","","","","","","","","","","","","","","","","","","","","","","","","","","","","","","","","","","","","","","",""
"167","","37","en","1827042078","6458f327-099d-e458-701d-e7607aafe181","I accept the outlined privacy policy","No","","","","","","","","","","","","","","","","","","","","","","","","","","","","","","","","","","","","","","","","","","","","","","","","","","","","","","","","","","","","","","","","","","","","","","","","","","","","","","","","","","","","","","","","","","","","","N/A","","","","","","","","","","","","","","","","31.73","","","15.43","","16.3","","","","","","","","","","","","","","","","","","","","","","","","","","","","","","","","","","","","","","",""
"168","","37","en","1647647815","6458f324-8d89-a548-c01b-0e466790dd7b","I accept the outlined privacy policy","No","","","","","","","","","","","","","","","","","","","","","","","","","","","","","","","","","","","","","","","","","","","","","","","","","","","","","","","","","","","","","","","","","","","","","","","","","","","","","","","","","","","","","","","","","","","","","N/A","","","","","","","","","","","","","","","","18.73","","","6.78","","11.95","","","","","","","","","","","","","","","","","","","","","","","","","","","","","","","","","","","","","","",""
"169","","37","en","1430633238","6458f328-f99b-2cc3-61fc-93c0c887de04","I accept the outlined privacy policy","No","","","","","","","","","","","","","","","","","","","","","","","","","","","","","","","","","","","","","","","","","","","","","","","","","","","","","","","","","","","","","","","","","","","","","","","","","","","","","","","","","","","","","","","","","","","","","N/A","","","","","","","","","","","","","","","","18.96","","","8.57","","10.39","","","","","","","","","","","","","","","","","","","","","","","","","","","","","","","","","","","","","","",""
"170","","3","en","1292297629","6458f2ff-f17c-8395-5ad5-d2a5ff399b9d","I accept the outlined privacy policy","Yes","","","","","","","","","","","","","","","","","","","","","","","","","","","","","","","","","","","","","","","","","","","","","","","","","","","","","","","","","","","","","","","","","","","","","","","","","","","","","","","","","","","","","","","","","","","","","N/A","","","","","","","","","","","","","","","","19.87","","","5.99","","13.88","","","","","","","","","","","","","","","","","","","","","","","","","","","","","","","","","","","","","","",""
"171","1980-01-01 00:00:00","37","en","979203029","6458f32e-d424-391a-edb3-5b5b37ec8f56","I accept the outlined privacy policy","Yes","Don't have one","","3 - Somewhat disagree","5 - Somewhat agree","5 - Somewhat agree","4 - Neither agree nor disagree","5 - Somewhat agree","5 - Somewhat agree","4 - Neither agree nor disagree","5 - Somewhat agree","5 - Somewhat agree","6 - Agree","5 - Somewhat agree","6 - Agree","5 - Somewhat agree","3 - Somewhat disagree","5 - Somewhat agree","1 - Strongly disagree","4 - Neither agree nor disagree","5 - Somewhat agree","6 - Agree","6 - Agree","5 - Somewhat agree","5 - Somewhat agree","6 - Agree","5 - Somewhat agree","5 - Somewhat agree","6 - Agree","5 - Somewhat agree","5 - Somewhat agree","4 - Neither agree nor disagree","5 - Somewhat agree","6 - Agree","4 - Neither agree nor disagree","5 - Somewhat agree","4 - Neither agree nor disagree","5 - Somewhat agree","5 - Somewhat agree","5 - Somewhat agree","4 - Neither agree nor disagree","5 - Somewhat agree","6 - Agree","5 - Somewhat agree","5 - Somewhat agree","5 - Somewhat agree","6 - Agree","","3 - Somewhat disagree","6 - Agree","5 - Somewhat agree","5 - Somewhat agree","5 - Somewhat agree","4 - Neither agree nor disagree","5 - Somewhat agree","6 - Agree","4 - Neither agree nor disagree","5 - Somewhat agree","5 - Somewhat agree","6 - Agree","6 - Agree","6 - Agree","4 - Neither agree nor disagree","5 - Somewhat agree","5 - Somewhat agree","6 - Agree","3 - Somewhat disagree","4 - Neither agree nor disagree","4 - Neither agree nor disagree","5 - Somewhat agree","6 - Agree","5 - Somewhat agree","","5 - Somewhat agree","4 - Neither agree nor disagree","5 - Somewhat agree","7 - Strongly agree","4 - Neither agree nor disagree","5 - Somewhat agree","5 - Somewhat agree","6 - Agree","5 - Somewhat agree","5 - Somewhat agree","5 - Somewhat agree","2 - likely","3 - somewhat likely","4 - fifty-fifty","3 - somewhat likely","6 - Agree","... remained the same","... increased","... remained the same","... remained the same","N/A","","Not sure ","Don't know ","Not sure ","Not very sure","United Kingdom","","30-39","Upper school-leaving certificate/GCE","","2 to 5 years","Female","","","","520.1","","","16.65","","7.18","22.64","6.75","","10.39","15.48","11.43","11.11","17.34","10.51","18.29","17.25","17.28","29.09","34.98","23.9","17.16","33.8","","14.21","","8.25","17.8","9.5","12.86","3.4","5.25","","","17.09","17.69","12.86","41.17","","3.34","12.41","4.59","6.02","4.58","7.85"
"172","1980-01-01 00:00:00","37","en","972118667","6458f32d-a2b7-afc2-1cb2-14a8406a87b1","I accept the outlined privacy policy","Yes","Can't remember ","","5 - Somewhat agree","5 - Somewhat agree","4 - Neither agree nor disagree","5 - Somewhat agree","6 - Agree","6 - Agree","4 - Neither agree nor disagree","4 - Neither agree nor disagree","5 - Somewhat agree","5 - Somewhat agree","5 - Somewhat agree","5 - Somewhat agree","5 - Somewhat agree","5 - Somewhat agree","5 - Somewhat agree","6 - Agree","6 - Agree","6 - Agree","5 - Somewhat agree","5 - Somewhat agree","4 - Neither agree nor disagree","6 - Agree","5 - Somewhat agree","5 - Somewhat agree","5 - Somewhat agree","6 - Agree","6 - Agree","6 - Agree","4 - Neither agree nor disagree","5 - Somewhat agree","5 - Somewhat agree","4 - Neither agree nor disagree","6 - Agree","5 - Somewhat agree","4 - Neither agree nor disagree","7 - Strongly agree","6 - Agree","5 - Somewhat agree","5 - Somewhat agree","5 - Somewhat agree","6 - Agree","6 - Agree","6 - Agree","6 - Agree","4 - Neither agree nor disagree","5 - Somewhat agree","6 - Agree","6 - Agree","4 - Neither agree nor disagree","5 - Somewhat agree","5 - Somewhat agree","5 - Somewhat agree","4 - Neither agree nor disagree","5 - Somewhat agree","6 - Agree","4 - Neither agree nor disagree","5 - Somewhat agree","5 - Somewhat agree","5 - Somewhat agree","4 - Neither agree nor disagree","5 - Somewhat agree","4 - Neither agree nor disagree","4 - Neither agree nor disagree","6 - Agree","5 - Somewhat agree","4 - Neither agree nor disagree","4 - Neither agree nor disagree","6 - Agree","4 - Neither agree nor disagree","6 - Agree","5 - Somewhat agree","4 - Neither agree nor disagree","5 - Somewhat agree","6 - Agree","5 - Somewhat agree","5 - Somewhat agree","4 - Neither agree nor disagree","4 - Neither agree nor disagree","5 - Somewhat agree","6 - Agree","4 - Neither agree nor disagree","5 - somewhat unlikely","4 - fifty-fifty","4 - fifty-fifty","4 - fifty-fifty","4 - Neither agree nor disagree","... increased","... increased","... increased","... remained the same","No","","I'm not sure","Don't know ","None","None","United Kingdom","","40-49","Upper school-leaving certificate/GCE","","None","Male","","Craft/skilled and manual work","","428.33","","","8.83","","16.69","16.08","4.56","","11.02","20.79","8.37","8.53","14.84","14.83","25.3","9.71","28.66","14","23.66","25.29","17.32","16.79","","9.83","","4.32","7.47","6.19","5.3","3.51","9.24","","","18.07","17.3","7.55","6.01","","7.99","6.25","13.55","9.24","5.24","6"
"173","","5","en","1306523335","6458f2ff-43eb-03bd-1aff-c6d173f03340","I accept the outlined privacy policy","Yes","Project management for a financial organisation ","","","","","","","","","","","","","","","","","","","","","","","","","","","","","","","","","","","","","","","","","","","","","","","","","","","","","","","","","","","","","","","","","","","","","","","","","","","","","","","","","","","","","","","","","","","","N/A","","","","","","","","","","","","","","","","61","","","10.86","","8.55","35.82","5.77","","","","","","","","","","","","","","","","","","","","","","","","","","","","","","","","","","","","",""
"174","","37","en","1709019003","6458f318-fdb4-863a-9c94-ec98a5cd2266","I accept the outlined privacy policy","No","","","","","","","","","","","","","","","","","","","","","","","","","","","","","","","","","","","","","","","","","","","","","","","","","","","","","","","","","","","","","","","","","","","","","","","","","","","","","","","","","","","","","","","","","","","","","N/A","","","","","","","","","","","","","","","","195.47","","","189.76","","5.71","","","","","","","","","","","","","","","","","","","","","","","","","","","","","","","","","","","","","","",""
"175","1980-01-01 00:00:00","37","en","1117128723","6458f319-58d5-2fe3-772d-c0c6303877aa","I accept the outlined privacy policy","Yes","There were more than one to name but I did take part in more than one.","","6 - Agree","7 - Strongly agree","7 - Strongly agree","6 - Agree","6 - Agree","7 - Strongly agree","7 - Strongly agree","5 - Somewhat agree","7 - Strongly agree","6 - Agree","7 - Strongly agree","6 - Agree","7 - Strongly agree","5 - Somewhat agree","6 - Agree","6 - Agree","6 - Agree","6 - Agree","7 - Strongly agree","6 - Agree","5 - Somewhat agree","7 - Strongly agree","6 - Agree","7 - Strongly agree","5 - Somewhat agree","6 - Agree","7 - Strongly agree","7 - Strongly agree","7 - Strongly agree","6 - Agree","5 - Somewhat agree","6 - Agree","5 - Somewhat agree","7 - Strongly agree","7 - Strongly agree","6 - Agree","7 - Strongly agree","7 - Strongly agree","5 - Somewhat agree","7 - Strongly agree","5 - Somewhat agree","6 - Agree","3 - Somewhat disagree","7 - Strongly agree","5 - Somewhat agree","5 - Somewhat agree","6 - Agree","7 - Strongly agree","6 - Agree","5 - Somewhat agree","7 - Strongly agree","7 - Strongly agree","7 - Strongly agree","5 - Somewhat agree","5 - Somewhat agree","6 - Agree","7 - Strongly agree","6 - Agree","","5 - Somewhat agree","6 - Agree","6 - Agree","4 - Neither agree nor disagree","6 - Agree","7 - Strongly agree","7 - Strongly agree","6 - Agree","5 - Somewhat agree","7 - Strongly agree","5 - Somewhat agree","7 - Strongly agree","7 - Strongly agree","7 - Strongly agree","6 - Agree","6 - Agree","7 - Strongly agree","7 - Strongly agree","5 - Somewhat agree","6 - Agree","7 - Strongly agree","7 - Strongly agree","3 - somewhat likely","5 - somewhat unlikely","3 - somewhat likely","6 - unlikely","7 - Strongly agree","... increased","... increased","... increased","... increased","Yes","to a high degree","More than one challenge as a whole.","None of the above.","I love this too much.","None.","United Kingdom","","21-29","Bachelor's/Prediploma","","2 to 5 years","Male","","Medical/Healthcare","","351.23","","","21.53","","11.07","15.19","3.35","","11.26","9.52","6.08","7.24","15.55","42.2","7.48","15.43","11.38","13.79","13.95","10.05","6.44","25.04","","7.98","","4.45","5.83","4.73","4.43","5","5.2","4.23","","10.94","6.75","6.42","3.86","","6.88","5.66","5.99","4.39","5.73","6.21"
"176","","3","en","839296432","6458f327-7a6f-1b62-5bbd-2da49bf6c5ab","I accept the outlined privacy policy","Yes","","","","","","","","","","","","","","","","","","","","","","","","","","","","","","","","","","","","","","","","","","","","","","","","","","","","","","","","","","","","","","","","","","","","","","","","","","","","","","","","","","","","","","","","","","","","","N/A","","","","","","","","","","","","","","","","13.26","","","8.73","","4.53","","","","","","","","","","","","","","","","","","","","","","","","","","","","","","","","","","","","","","",""
"177","1980-01-01 00:00:00","37","en","416604845","6458f31b-c2c9-effc-ad8c-d52d9cb93133","I accept the outlined privacy policy","Yes","Created a company website along with a few other staff members","","4 - Neither agree nor disagree","5 - Somewhat agree","3 - Somewhat disagree","5 - Somewhat agree","6 - Agree","4 - Neither agree nor disagree","5 - Somewhat agree","3 - Somewhat disagree","4 - Neither agree nor disagree","6 - Agree","5 - Somewhat agree","6 - Agree","5 - Somewhat agree","6 - Agree","5 - Somewhat agree","2 - Disagree","6 - Agree","7 - Strongly agree","6 - Agree","7 - Strongly agree","5 - Somewhat agree","6 - Agree","6 - Agree","6 - Agree","6 - Agree","4 - Neither agree nor disagree","5 - Somewhat agree","2 - Disagree","7 - Strongly agree","6 - Agree","5 - Somewhat agree","4 - Neither agree nor disagree","5 - Somewhat agree","7 - Strongly agree","6 - Agree","5 - Somewhat agree","5 - Somewhat agree","6 - Agree","6 - Agree","6 - Agree","6 - Agree","5 - Somewhat agree","5 - Somewhat agree","6 - Agree","6 - Agree","3 - Somewhat disagree","5 - Somewhat agree","5 - Somewhat agree","5 - Somewhat agree","5 - Somewhat agree","6 - Agree","5 - Somewhat agree","5 - Somewhat agree","6 - Agree","6 - Agree","7 - Strongly agree","6 - Agree","6 - Agree","6 - Agree","6 - Agree","5 - Somewhat agree","6 - Agree","5 - Somewhat agree","6 - Agree","6 - Agree","6 - Agree","6 - Agree","5 - Somewhat agree","6 - Agree","5 - Somewhat agree","6 - Agree","6 - Agree","5 - Somewhat agree","7 - Strongly agree","7 - Strongly agree","6 - Agree","6 - Agree","6 - Agree","7 - Strongly agree","5 - Somewhat agree","5 - Somewhat agree","1 - certain","3 - somewhat likely","4 - fifty-fifty","3 - somewhat likely","5 - Somewhat agree","... increased","... decreased","... decreased","... decreased","Yes","to a high degree","Learning the new software. And teaching the rest of the staff. It becomes easy afterwards","The reduction in workload. Also a bigger sense of organisation ","Just the learning curve really","Organisation of the workforce ","United Kingdom","","30-39","Master's/Diploma","","2 to 5 years","Male","","Medical/Healthcare","","966.17","","","26.63","","8.54","20.9","12.02","","34.09","32.18","7.06","64.11","27.98","20.81","25","16.16","72.28","35.24","89.56","25.44","49.9","81.99","","17.47","","26.6","9.57","7.23","25.82","5.12","3.98","5.57","","31.27","23.82","55.34","12.83","","5.47","5.26","56.17","13.83","3.72","7.21"
"178","1980-01-01 00:00:00","37","en","196860905","6458f331-5b92-2073-9ab3-df37922a9a52","I accept the outlined privacy policy","Yes","Migrating the department to the cloud and share point ","","6 - Agree","6 - Agree","7 - Strongly agree","7 - Strongly agree","5 - Somewhat agree","6 - Agree","7 - Strongly agree","5 - Somewhat agree","4 - Neither agree nor disagree","6 - Agree","6 - Agree","6 - Agree","6 - Agree","7 - Strongly agree","4 - Neither agree nor disagree","6 - Agree","6 - Agree","7 - Strongly agree","5 - Somewhat agree","6 - Agree","7 - Strongly agree","6 - Agree","6 - Agree","7 - Strongly agree","5 - Somewhat agree","2 - Disagree","4 - Neither agree nor disagree","4 - Neither agree nor disagree","6 - Agree","6 - Agree","6 - Agree","7 - Strongly agree","6 - Agree","6 - Agree","5 - Somewhat agree","7 - Strongly agree","6 - Agree","7 - Strongly agree","7 - Strongly agree","6 - Agree","6 - Agree","6 - Agree","5 - Somewhat agree","7 - Strongly agree","6 - Agree","7 - Strongly agree","6 - Agree","5 - Somewhat agree","6 - Agree","7 - Strongly agree","6 - Agree","7 - Strongly agree","5 - Somewhat agree","7 - Strongly agree","6 - Agree","6 - Agree","6 - Agree","7 - Strongly agree","6 - Agree","6 - Agree","6 - Agree","5 - Somewhat agree","6 - Agree","7 - Strongly agree","5 - Somewhat agree","6 - Agree","7 - Strongly agree","3 - Somewhat disagree","6 - Agree","6 - Agree","6 - Agree","5 - Somewhat agree","6 - Agree","5 - Somewhat agree","6 - Agree","6 - Agree","6 - Agree","7 - Strongly agree","6 - Agree","4 - Neither agree nor disagree","6 - Agree","6 - unlikely","4 - fifty-fifty","4 - fifty-fifty","3 - somewhat likely","5 - Somewhat agree","... increased","... increased","... remained the same","","Yes","to a high degree","None anymore ","","Na","Work is more streamlined ","United Kingdom","","30-39","Bachelor's/Prediploma","","2 to 5 years","Male","","Service/public service","","523.39","","","7.94","","3.93","317.15","1.85","","6.9","9.08","5.47","5.17","12.39","8.36","5.93","7.03","9.36","7.87","13.73","9.51","6.08","10.66","","6.09","","2.68","6.08","3.49","2.25","1.82","3.7","3.13","","7.12","1.55","4.03","10.46","","4.14","4.07","3.66","4.7","3.06","2.95"
"179","","37","en","1873094424","6458f331-e941-8822-f4a8-a80f57497778","I accept the outlined privacy policy","No","","","","","","","","","","","","","","","","","","","","","","","","","","","","","","","","","","","","","","","","","","","","","","","","","","","","","","","","","","","","","","","","","","","","","","","","","","","","","","","","","","","","","","","","","","","","","N/A","","","","","","","","","","","","","","","","53.82","","","16.54","","37.28","","","","","","","","","","","","","","","","","","","","","","","","","","","","","","","","","","","","","","",""
"180","1980-01-01 00:00:00","37","en","1990187099","6458f301-813d-4d2a-ab83-84987a3f1506","I accept the outlined privacy policy","Yes","An end to end product management system ","","5 - Somewhat agree","6 - Agree","6 - Agree","6 - Agree","6 - Agree","6 - Agree","6 - Agree","6 - Agree","6 - Agree","6 - Agree","5 - Somewhat agree","4 - Neither agree nor disagree","6 - Agree","6 - Agree","6 - Agree","5 - Somewhat agree","6 - Agree","6 - Agree","7 - Strongly agree","6 - Agree","6 - Agree","5 - Somewhat agree","6 - Agree","6 - Agree","6 - Agree","6 - Agree","6 - Agree","6 - Agree","6 - Agree","6 - Agree","5 - Somewhat agree","5 - Somewhat agree","6 - Agree","5 - Somewhat agree","5 - Somewhat agree","6 - Agree","5 - Somewhat agree","5 - Somewhat agree","6 - Agree","6 - Agree","6 - Agree","6 - Agree","4 - Neither agree nor disagree","6 - Agree","4 - Neither agree nor disagree","5 - Somewhat agree","6 - Agree","4 - Neither agree nor disagree","5 - Somewhat agree","5 - Somewhat agree","6 - Agree","5 - Somewhat agree","6 - Agree","5 - Somewhat agree","5 - Somewhat agree","5 - Somewhat agree","6 - Agree","4 - Neither agree nor disagree","6 - Agree","6 - Agree","6 - Agree","6 - Agree","6 - Agree","4 - Neither agree nor disagree","2 - Disagree","4 - Neither agree nor disagree","3 - Somewhat disagree","5 - Somewhat agree","5 - Somewhat agree","2 - Disagree","5 - Somewhat agree","5 - Somewhat agree","4 - Neither agree nor disagree","6 - Agree","5 - Somewhat agree","6 - Agree","7 - Strongly agree","6 - Agree","6 - Agree","6 - Agree","5 - Somewhat agree","2 - likely","2 - likely","4 - fifty-fifty","2 - likely","4 - Neither agree nor disagree","... increased","... increased","... remained the same","... increased","Yes","to a high degree","That all members of the company learn to use it to enable the system to bring out the best in everything ","More time for us to do other things ","That we use it to help us ","That,as humans we can use ourselves on other subjects ","United Kingdom","","50-59","Upper school-leaving certificate/GCE","","less than 2 years","Female","","Other","","615.41","","","24.77","","20.83","93.95","8.85","","13.6","16.96","7.82","8.66","16.77","9.52","9.98","8.06","15.61","17.2","22.78","17.12","8.68","17.22","","15.36","","6.29","6.75","3.73","3.22","3.39","7.12","3.48","","53.51","19.57","16.77","93.68","","5.21","4.86","5.48","16.03","3.88","8.7"
"181","","37","en","1827300302","6458f31c-8556-166b-c9a1-84f9ebd2773c","I accept the outlined privacy policy","No","","","","","","","","","","","","","","","","","","","","","","","","","","","","","","","","","","","","","","","","","","","","","","","","","","","","","","","","","","","","","","","","","","","","","","","","","","","","","","","","","","","","","","","","","","","","","N/A","","","","","","","","","","","","","","","","23","","","8.46","","14.54","","","","","","","","","","","","","","","","","","","","","","","","","","","","","","","","","","","","","","",""
"182","1980-01-01 00:00:00","37","en","1025476225","6458f32d-eb4e-9f87-cac7-2d3f99c78524","I accept the outlined privacy policy","Yes","I really don't have the faintest idea what you want from me","","3 - Somewhat disagree","4 - Neither agree nor disagree","5 - Somewhat agree","4 - Neither agree nor disagree","4 - Neither agree nor disagree","4 - Neither agree nor disagree","4 - Neither agree nor disagree","4 - Neither agree nor disagree","4 - Neither agree nor disagree","","","","4 - Neither agree nor disagree","4 - Neither agree nor disagree","4 - Neither agree nor disagree","4 - Neither agree nor disagree","4 - Neither agree nor disagree","4 - Neither agree nor disagree","5 - Somewhat agree","","4 - Neither agree nor disagree","","","5 - Somewhat agree","4 - Neither agree nor disagree","3 - Somewhat disagree","4 - Neither agree nor disagree","4 - Neither agree nor disagree","4 - Neither agree nor disagree","4 - Neither agree nor disagree","4 - Neither agree nor disagree","5 - Somewhat agree","3 - Somewhat disagree","4 - Neither agree nor disagree","3 - Somewhat disagree","","5 - Somewhat agree","4 - Neither agree nor disagree","4 - Neither agree nor disagree","5 - Somewhat agree","3 - Somewhat disagree","","4 - Neither agree nor disagree","4 - Neither agree nor disagree","4 - Neither agree nor disagree","4 - Neither agree nor disagree","4 - Neither agree nor disagree","4 - Neither agree nor disagree","4 - Neither agree nor disagree","4 - Neither agree nor disagree","4 - Neither agree nor disagree","5 - Somewhat agree","5 - Somewhat agree","","4 - Neither agree nor disagree","","4 - Neither agree nor disagree","","4 - Neither agree nor disagree","","4 - Neither agree nor disagree","3 - Somewhat disagree","5 - Somewhat agree","4 - Neither agree nor disagree","4 - Neither agree nor disagree","4 - Neither agree nor disagree","5 - Somewhat agree","","3 - Somewhat disagree","5 - Somewhat agree","","","4 - Neither agree nor disagree","","4 - Neither agree nor disagree","4 - Neither agree nor disagree","","4 - Neither agree nor disagree","3 - Somewhat disagree","5 - Somewhat agree","5 - Somewhat agree","5 - somewhat unlikely","4 - fifty-fifty","","","3 - Somewhat disagree","... remained the same","... remained the same","... remained the same","... remained the same","No","","there is none","efficiuency","there is none","time savings","Germany","","60-66","Vocational training","","","Male","","Service/public service","","1171.39","","","13.05","","90.96","375.55","5.44","","4.88","6.03","3.26","3.7","5.75","4.85","6.18","5.14","8.48","7.39","7.85","7.12","4.78","9.94","","3.83","","3.34","4.35","2.9","2.96","3.54","5.98","","","9.59","501.3","10.75","13.66","","4.62","4.7","7.78","7.6","4.47","9.67"
"183","1980-01-01 00:00:00","37","en","1142440002","6458f332-0b95-e1de-e4c7-ba93ec26018f","I accept the outlined privacy policy","Yes","People , buildings, schools and racism","","7 - Strongly agree","2 - Disagree","6 - Agree","5 - Somewhat agree","5 - Somewhat agree","4 - Neither agree nor disagree","6 - Agree","6 - Agree","5 - Somewhat agree","6 - Agree","6 - Agree","7 - Strongly agree","6 - Agree","5 - Somewhat agree","7 - Strongly agree","6 - Agree","6 - Agree","6 - Agree","6 - Agree","6 - Agree","4 - Neither agree nor disagree","6 - Agree","6 - Agree","6 - Agree","5 - Somewhat agree","1 - Strongly disagree","4 - Neither agree nor disagree","3 - Somewhat disagree","6 - Agree","5 - Somewhat agree","4 - Neither agree nor disagree","6 - Agree","5 - Somewhat agree","5 - Somewhat agree","6 - Agree","6 - Agree","7 - Strongly agree","4 - Neither agree nor disagree","6 - Agree","3 - Somewhat disagree","7 - Strongly agree","5 - Somewhat agree","6 - Agree","7 - Strongly agree","4 - Neither agree nor disagree","5 - Somewhat agree","6 - Agree","3 - Somewhat disagree","6 - Agree","4 - Neither agree nor disagree","6 - Agree","7 - Strongly agree","4 - Neither agree nor disagree","4 - Neither agree nor disagree","5 - Somewhat agree","4 - Neither agree nor disagree","5 - Somewhat agree","5 - Somewhat agree","4 - Neither agree nor disagree","5 - Somewhat agree","6 - Agree","5 - Somewhat agree","5 - Somewhat agree","7 - Strongly agree","6 - Agree","6 - Agree","7 - Strongly agree","6 - Agree","5 - Somewhat agree","7 - Strongly agree","7 - Strongly agree","4 - Neither agree nor disagree","6 - Agree","4 - Neither agree nor disagree","5 - Somewhat agree","2 - Disagree","1 - Strongly disagree","7 - Strongly agree","4 - Neither agree nor disagree","6 - Agree","6 - Agree","4 - fifty-fifty","3 - somewhat likely","2 - likely","5 - somewhat unlikely","6 - Agree","... increased","... remained the same","... increased","... remained the same","Yes","to a high degree","To be very honest and careful with everything ","Apple phones","To be very careful ","Apple phones","Germany","","18-20","Advanced technical college certificate","","None","Female","","Service/public service","","460.63","","","11.2","","8.73","26.9","5.66","","7.55","32.93","6.84","9.02","24.62","10.2","26.36","6.57","13.87","14.27","16.78","12.99","9.05","13.69","","30.72","","10.11","9.68","5.44","7.28","7.3","6.18","6.92","","29.7","21.29","14.7","10.01","","4.87","5.93","12.34","7.06","4.82","9.05"
"184","","37","en","598973769","6458f32e-c7ff-9417-d555-a588469787e6","I accept the outlined privacy policy","No","","","","","","","","","","","","","","","","","","","","","","","","","","","","","","","","","","","","","","","","","","","","","","","","","","","","","","","","","","","","","","","","","","","","","","","","","","","","","","","","","","","","","","","","","","","","","N/A","","","","","","","","","","","","","","","","28.88","","","22.29","","6.59","","","","","","","","","","","","","","","","","","","","","","","","","","","","","","","","","","","","","","",""
"185","1980-01-01 00:00:00","37","en","1162880880","6458f2ee-973c-f754-2303-d309509bc65a","I accept the outlined privacy policy","Yes","SAP","","6 - Agree","7 - Strongly agree","4 - Neither agree nor disagree","3 - Somewhat disagree","5 - Somewhat agree","6 - Agree","6 - Agree","5 - Somewhat agree","4 - Neither agree nor disagree","4 - Neither agree nor disagree","","4 - Neither agree nor disagree","6 - Agree","4 - Neither agree nor disagree","3 - Somewhat disagree","6 - Agree","5 - Somewhat agree","5 - Somewhat agree","5 - Somewhat agree","6 - Agree","5 - Somewhat agree","5 - Somewhat agree","5 - Somewhat agree","5 - Somewhat agree","4 - Neither agree nor disagree","5 - Somewhat agree","6 - Agree","5 - Somewhat agree","","","5 - Somewhat agree","5 - Somewhat agree","2 - Disagree","6 - Agree","","4 - Neither agree nor disagree","4 - Neither agree nor disagree","6 - Agree","5 - Somewhat agree","3 - Somewhat disagree","4 - Neither agree nor disagree","","5 - Somewhat agree","5 - Somewhat agree","4 - Neither agree nor disagree","","5 - Somewhat agree","4 - Neither agree nor disagree","4 - Neither agree nor disagree","","5 - Somewhat agree","6 - Agree","5 - Somewhat agree","4 - Neither agree nor disagree","4 - Neither agree nor disagree","","4 - Neither agree nor disagree","5 - Somewhat agree","3 - Somewhat disagree","5 - Somewhat agree","4 - Neither agree nor disagree","6 - Agree","6 - Agree","","6 - Agree","5 - Somewhat agree","5 - Somewhat agree","5 - Somewhat agree","5 - Somewhat agree","4 - Neither agree nor disagree","6 - Agree","","4 - Neither agree nor disagree","4 - Neither agree nor disagree","6 - Agree","6 - Agree","3 - Somewhat disagree","6 - Agree","6 - Agree","5 - Somewhat agree","4 - Neither agree nor disagree","4 - fifty-fifty","3 - somewhat likely","2 - likely","2 - likely","5 - Somewhat agree","... remained the same","","","... decreased","Yes","to a high degree","Thinktime ","I dont know","","","Germany","","21-29","Vocational training","","2 to 5 years","Female","","Service/public service","","953.06","","","7.34","","21.11","16.66","2.62","","9.97","42.41","358.18","34.98","47.29","17.63","10.67","10.24","21.64","12.85","42.45","33.45","49.36","25.47","","32.08","","10.13","8.99","7.37","5.76","2.94","7.43","12.38","","28.69","12.87","2.13","3.66","","4.9","6.33","9.78","7.48","6.88","18.94"
"186","1980-01-01 00:00:00","37","en","2097581366","6458f32a-54f3-960c-1aba-29b2d5c950d1","I accept the outlined privacy policy","Yes","Ich war an keinem Projekt beteiligt","","1 - Strongly disagree","1 - Strongly disagree","1 - Strongly disagree","1 - Strongly disagree","1 - Strongly disagree","1 - Strongly disagree","1 - Strongly disagree","1 - Strongly disagree","1 - Strongly disagree","1 - Strongly disagree","1 - Strongly disagree","1 - Strongly disagree","1 - Strongly disagree","1 - Strongly disagree","1 - Strongly disagree","1 - Strongly disagree","1 - Strongly disagree","1 - Strongly disagree","1 - Strongly disagree","1 - Strongly disagree","1 - Strongly disagree","1 - Strongly disagree","1 - Strongly disagree","1 - Strongly disagree","1 - Strongly disagree","1 - Strongly disagree","1 - Strongly disagree","1 - Strongly disagree","1 - Strongly disagree","1 - Strongly disagree","1 - Strongly disagree","1 - Strongly disagree","1 - Strongly disagree","1 - Strongly disagree","1 - Strongly disagree","1 - Strongly disagree","1 - Strongly disagree","1 - Strongly disagree","1 - Strongly disagree","1 - Strongly disagree","1 - Strongly disagree","1 - Strongly disagree","1 - Strongly disagree","1 - Strongly disagree","1 - Strongly disagree","1 - Strongly disagree","1 - Strongly disagree","1 - Strongly disagree","1 - Strongly disagree","1 - Strongly disagree","1 - Strongly disagree","1 - Strongly disagree","1 - Strongly disagree","1 - Strongly disagree","1 - Strongly disagree","1 - Strongly disagree","1 - Strongly disagree","1 - Strongly disagree","1 - Strongly disagree","1 - Strongly disagree","1 - Strongly disagree","1 - Strongly disagree","1 - Strongly disagree","1 - Strongly disagree","1 - Strongly disagree","1 - Strongly disagree","1 - Strongly disagree","1 - Strongly disagree","1 - Strongly disagree","1 - Strongly disagree","1 - Strongly disagree","1 - Strongly disagree","1 - Strongly disagree","1 - Strongly disagree","1 - Strongly disagree","1 - Strongly disagree","1 - Strongly disagree","1 - Strongly disagree","1 - Strongly disagree","1 - Strongly disagree","1 - Strongly disagree","1 - certain","1 - certain","1 - certain","1 - certain","1 - Strongly disagree","... remained the same","... remained the same","... remained the same","... remained the same","Yes","to a high degree","Meine Erfahrungen sind super","Das weis ich jetzt auch nicht so genau","Das ist eine mega gute Frage","Allgemein ist alles super","Germany","","21-29","Vocational training","","10 to 20 years","Female","","Medical/Healthcare","","527.13","","","13.13","","5.1","69.29","3.05","","28.81","34.45","7.67","9.16","23.81","8.6","10.63","11.1","17.25","17.02","20.1","17.85","10.48","16.81","","9.93","","4.55","14.13","7.72","3.14","3.23","16.76","6.45","","22.52","37.55","22.05","18.54","","6.18","3.92","8.35","8.55","4","5.25"
"187","1980-01-01 00:00:00","37","en","1974276260","6458f305-77db-d8e3-546a-e55ba3ada12a","I accept the outlined privacy policy","Yes","Gameplay software fornan upcoming games franchise ","","6 - Agree","7 - Strongly agree","6 - Agree","7 - Strongly agree","6 - Agree","7 - Strongly agree","6 - Agree","6 - Agree","7 - Strongly agree","7 - Strongly agree","5 - Somewhat agree","6 - Agree","5 - Somewhat agree","7 - Strongly agree","7 - Strongly agree","6 - Agree","5 - Somewhat agree","7 - Strongly agree","5 - Somewhat agree","5 - Somewhat agree","5 - Somewhat agree","6 - Agree","7 - Strongly agree","7 - Strongly agree","7 - Strongly agree","6 - Agree","5 - Somewhat agree","5 - Somewhat agree","7 - Strongly agree","5 - Somewhat agree","7 - Strongly agree","7 - Strongly agree","7 - Strongly agree","7 - Strongly agree","7 - Strongly agree","6 - Agree","6 - Agree","5 - Somewhat agree","5 - Somewhat agree","7 - Strongly agree","6 - Agree","7 - Strongly agree","7 - Strongly agree","7 - Strongly agree","5 - Somewhat agree","5 - Somewhat agree","7 - Strongly agree","6 - Agree","7 - Strongly agree","5 - Somewhat agree","5 - Somewhat agree","6 - Agree","6 - Agree","6 - Agree","7 - Strongly agree","6 - Agree","6 - Agree","5 - Somewhat agree","6 - Agree","6 - Agree","6 - Agree","6 - Agree","7 - Strongly agree","6 - Agree","6 - Agree","6 - Agree","6 - Agree","4 - Neither agree nor disagree","7 - Strongly agree","5 - Somewhat agree","7 - Strongly agree","6 - Agree","6 - Agree","7 - Strongly agree","7 - Strongly agree","7 - Strongly agree","7 - Strongly agree","6 - Agree","6 - Agree","6 - Agree","7 - Strongly agree","2 - likely","1 - certain","3 - somewhat likely","3 - somewhat likely","6 - Agree","... remained the same","... remained the same","... remained the same","... remained the same","Yes","to a low degree","Keeping yp with the latest technology ","The latest technology pushes my buisness thurther ","To keep up with the technical information ","Using the latest technology ","United Kingdom","","40-49","Master's/Diploma","","10 to 20 years","Male","","Production","","1847.41","","","33.76","","5.05","35.39","11.03","","5.7","1083.03","5.29","8.54","11.42","6.73","6.54","418.16","13.29","8.78","16.38","11.85","6.08","12.78","","7.76","","4.17","3.54","2.93","3.29","2.22","6.61","3.65","","22.8","28.07","21.96","12.56","","4.24","3.44","3.62","5.1","3.23","8.42"
"188","1980-01-01 00:00:00","37","en","404268418","6458f328-7e72-9798-92c6-c656ad1774d3","I accept the outlined privacy policy","Yes","I can’t lie to you. I’m really unsure of what this question is asking ","","4 - Neither agree nor disagree","2 - Disagree","5 - Somewhat agree","4 - Neither agree nor disagree","2 - Disagree","4 - Neither agree nor disagree","4 - Neither agree nor disagree","2 - Disagree","3 - Somewhat disagree","3 - Somewhat disagree","","5 - Somewhat agree","5 - Somewhat agree","2 - Disagree","3 - Somewhat disagree","3 - Somewhat disagree","5 - Somewhat agree","5 - Somewhat agree","3 - Somewhat disagree","6 - Agree","3 - Somewhat disagree","3 - Somewhat disagree","4 - Neither agree nor disagree","4 - Neither agree nor disagree","3 - Somewhat disagree","3 - Somewhat disagree","5 - Somewhat agree","7 - Strongly agree","1 - Strongly disagree","4 - Neither agree nor disagree","3 - Somewhat disagree","3 - Somewhat disagree","4 - Neither agree nor disagree","5 - Somewhat agree","2 - Disagree","4 - Neither agree nor disagree","4 - Neither agree nor disagree","2 - Disagree","3 - Somewhat disagree","5 - Somewhat agree","5 - Somewhat agree","4 - Neither agree nor disagree","5 - Somewhat agree","3 - Somewhat disagree","3 - Somewhat disagree","5 - Somewhat agree","4 - Neither agree nor disagree","3 - Somewhat disagree","4 - Neither agree nor disagree","4 - Neither agree nor disagree","2 - Disagree","5 - Somewhat agree","2 - Disagree","3 - Somewhat disagree","3 - Somewhat disagree","2 - Disagree","5 - Somewhat agree","3 - Somewhat disagree","5 - Somewhat agree","3 - Somewhat disagree","2 - Disagree","3 - Somewhat disagree","3 - Somewhat disagree","3 - Somewhat disagree","4 - Neither agree nor disagree","4 - Neither agree nor disagree","3 - Somewhat disagree","6 - Agree","3 - Somewhat disagree","4 - Neither agree nor disagree","3 - Somewhat disagree","5 - Somewhat agree","3 - Somewhat disagree","5 - Somewhat agree","3 - Somewhat disagree","5 - Somewhat agree","3 - Somewhat disagree","4 - Neither agree nor disagree","4 - Neither agree nor disagree","4 - Neither agree nor disagree","5 - Somewhat agree","5 - somewhat unlikely","2 - likely","3 - somewhat likely","6 - unlikely","5 - Somewhat agree","... decreased","... increased","... decreased","... increased","N/A","","I’m not really too sure if I’m being completely honest with you. ","If I’m being honest with you I have no idea. ","I’m not really too sure. ","I’m not too sure. ","United Kingdom","","18-20","Bachelor's/Prediploma","","less than 2 years","Female","","","","705.4","","","12.01","","2.83","50.31","2.33","","7.18","9.79","56.21","115.66","14.14","6.77","8.2","5.66","10.79","65.89","12.91","10.98","120.28","14.32","","6.66","","19.43","44.48","7.61","5.64","4.19","4.64","","","18.3","18.57","6.98","6.96","","3.62","4.09","4.99","15.48","3.18","4.32"
"189","","18","en","417469017","6458f305-2126-75ac-388c-cb022e9709e1","I accept the outlined privacy policy","Yes","We have visited and have co-operated in almanac","","6 - Agree","5 - Somewhat agree","5 - Somewhat agree","5 - Somewhat agree","6 - Agree","7 - Strongly agree","5 - Somewhat agree","7 - Strongly agree","2 - Disagree","5 - Somewhat agree","6 - Agree","4 - Neither agree nor disagree","7 - Strongly agree","4 - Neither agree nor disagree","7 - Strongly agree","5 - Somewhat agree","","","","","","","","","4 - Neither agree nor disagree","5 - Somewhat agree","6 - Agree","6 - Agree","4 - Neither agree nor disagree","3 - Somewhat disagree","4 - Neither agree nor disagree","3 - Somewhat disagree","4 - Neither agree nor disagree","7 - Strongly agree","7 - Strongly agree","2 - Disagree","6 - Agree","6 - Agree","7 - Strongly agree","6 - Agree","4 - Neither agree nor disagree","7 - Strongly agree","6 - Agree","4 - Neither agree nor disagree","3 - Somewhat disagree","5 - Somewhat agree","6 - Agree","4 - Neither agree nor disagree","4 - Neither agree nor disagree","5 - Somewhat agree","5 - Somewhat agree","5 - Somewhat agree","2 - Disagree","4 - Neither agree nor disagree","5 - Somewhat agree","3 - Somewhat disagree","4 - Neither agree nor disagree","6 - Agree","5 - Somewhat agree","2 - Disagree","4 - Neither agree nor disagree","3 - Somewhat disagree","7 - Strongly agree","5 - Somewhat agree","3 - Somewhat disagree","5 - Somewhat agree","5 - Somewhat agree","5 - Somewhat agree","2 - Disagree","7 - Strongly agree","5 - Somewhat agree","4 - Neither agree nor disagree","5 - Somewhat agree","5 - Somewhat agree","2 - Disagree","6 - Agree","4 - Neither agree nor disagree","5 - Somewhat agree","6 - Agree","5 - Somewhat agree","6 - Agree","","","","","","","","","","N/A","","","","","","","","","","","","","","","","441.51","","","15.02","","4.86","83.47","2.54","","65.17","71.78","7.09","6.87","","13.75","57.55","6.4","15.09","33.92","13.59","15.75","7.31","21.35","","","","","","","","","","","","","","","","","","","","","",""
"190","","37","en","131093773","6458f33a-259f-a97c-ef2c-b12d3153c9ba","I accept the outlined privacy policy","No","","","","","","","","","","","","","","","","","","","","","","","","","","","","","","","","","","","","","","","","","","","","","","","","","","","","","","","","","","","","","","","","","","","","","","","","","","","","","","","","","","","","","","","","","","","","","N/A","","","","","","","","","","","","","","","","15.94","","","8.78","","7.16","","","","","","","","","","","","","","","","","","","","","","","","","","","","","","","","","","","","","","",""
"191","","37","en","1141309474","6458f334-6a94-85ae-3ef4-1c0ca6934fe2","I accept the outlined privacy policy","No","","","","","","","","","","","","","","","","","","","","","","","","","","","","","","","","","","","","","","","","","","","","","","","","","","","","","","","","","","","","","","","","","","","","","","","","","","","","","","","","","","","","","","","","","","","","","N/A","","","","","","","","","","","","","","","","77.24","","","66.84","","10.4","","","","","","","","","","","","","","","","","","","","","","","","","","","","","","","","","","","","","","",""
"192","1980-01-01 00:00:00","37","en","1011596696","6458f325-6176-a0e1-a59d-cf3bee25f2fe","I accept the outlined privacy policy","Yes","Ich verstehe kein englisch","","4 - Neither agree nor disagree","5 - Somewhat agree","1 - Strongly disagree","","","","","","","6 - Agree","5 - Somewhat agree","2 - Disagree","2 - Disagree","3 - Somewhat disagree","2 - Disagree","","","","","","","","","","","","","","","","","","","3 - Somewhat disagree","","5 - Somewhat agree","","","","","","","","","","","","","","","","","","","","","","","","","","","","","","","","","","","","","","","6 - Agree","1 - Strongly disagree","","","4 - Neither agree nor disagree","1 - Strongly disagree","","2 - likely","3 - somewhat likely","","6 - unlikely","","... increased","","","... decreased","Yes","to a high degree","Ich kann kein Englisch ","Ich kann nur deutsch ","Warum ist die Umfrage Englisch ","Bitte Englisch ","Germany","","60-66","Advanced technical college certificate","","10 to 20 years","Female","","Other","","425.51","","","19.9","","6.82","31.08","4.35","","21.26","16.16","18.2","13.93","12.02","6.92","5.12","16.81","9.13","18.33","6.8","13.33","5.22","17.39","","10.14","","3.9","11.71","4.53","4.33","3.49","6.79","5.39","","20.09","17.36","23.92","19.02","","6.61","8.48","12.69","9.53","6.2","8.56"
"193","","-1","en","1867802996","6458f318-fdb4-863a-9c94-ec98a5cd2266","","N/A","","","","","","","","","","","","","","","","","","","","","","","","","","","","","","","","","","","","","","","","","","","","","","","","","","","","","","","","","","","","","","","","","","","","","","","","","","","","","","","","","","","","","","","","","","","","","N/A","","","","","","","","","","","","","","","","0","","","","","","","","","","","","","","","","","","","","","","","","","","","","","","","","","","","","","","","","","","","",""
"194","","3","en","894233439","","I accept the outlined privacy policy","Yes","","","","","","","","","","","","","","","","","","","","","","","","","","","","","","","","","","","","","","","","","","","","","","","","","","","","","","","","","","","","","","","","","","","","","","","","","","","","","","","","","","","","","","","","","","","","","N/A","","","","","","","","","","","","","","","","6.83","","","4.32","","2.51","","","","","","","","","","","","","","","","","","","","","","","","","","","","","","","","","","","","","","",""
"195","","37","en","885591264","6458f283-407e-5b05-ce2a-ea59f3621d96","I accept the outlined privacy policy","No","","","","","","","","","","","","","","","","","","","","","","","","","","","","","","","","","","","","","","","","","","","","","","","","","","","","","","","","","","","","","","","","","","","","","","","","","","","","","","","","","","","","","","","","","","","","","N/A","","","","","","","","","","","","","","","","17.37","","","7.51","","9.86","","","","","","","","","","","","","","","","","","","","","","","","","","","","","","","","","","","","","","",""
"196","1980-01-01 00:00:00","37","en","1213972995","6458ff9d-9966-2684-8a4e-93225cb3d35d","I accept the outlined privacy policy","Yes","We shopped around new summer camp database software that would manage housing dining plans room reservations etc","","","5 - Somewhat agree","3 - Somewhat disagree","3 - Somewhat disagree","3 - Somewhat disagree","3 - Somewhat disagree","3 - Somewhat disagree","3 - Somewhat disagree","3 - Somewhat disagree","3 - Somewhat disagree","6 - Agree","6 - Agree","1 - Strongly disagree","1 - Strongly disagree","2 - Disagree","7 - Strongly agree","3 - Somewhat disagree","3 - Somewhat disagree","3 - Somewhat disagree","3 - Somewhat disagree","2 - Disagree","5 - Somewhat agree","3 - Somewhat disagree","3 - Somewhat disagree","3 - Somewhat disagree","5 - Somewhat agree","3 - Somewhat disagree","2 - Disagree","5 - Somewhat agree","3 - Somewhat disagree","5 - Somewhat agree","7 - Strongly agree","3 - Somewhat disagree","3 - Somewhat disagree","3 - Somewhat disagree","3 - Somewhat disagree","6 - Agree","3 - Somewhat disagree","5 - Somewhat agree","5 - Somewhat agree","3 - Somewhat disagree","6 - Agree","5 - Somewhat agree","3 - Somewhat disagree","3 - Somewhat disagree","3 - Somewhat disagree","5 - Somewhat agree","3 - Somewhat disagree","5 - Somewhat agree","3 - Somewhat disagree","5 - Somewhat agree","3 - Somewhat disagree","5 - Somewhat agree","3 - Somewhat disagree","5 - Somewhat agree","3 - Somewhat disagree","3 - Somewhat disagree","5 - Somewhat agree","5 - Somewhat agree","6 - Agree","3 - Somewhat disagree","3 - Somewhat disagree","3 - Somewhat disagree","3 - Somewhat disagree","3 - Somewhat disagree","2 - Disagree","5 - Somewhat agree","3 - Somewhat disagree","3 - Somewhat disagree","2 - Disagree","5 - Somewhat agree","3 - Somewhat disagree","2 - Disagree","3 - Somewhat disagree","3 - Somewhat disagree","5 - Somewhat agree","5 - Somewhat agree","3 - Somewhat disagree","3 - Somewhat disagree","3 - Somewhat disagree","5 - Somewhat agree","4 - fifty-fifty","4 - fifty-fifty","2 - likely","6 - unlikely","5 - Somewhat agree","... increased","... increased","... decreased","... remained the same","No","","Need more training. Need to see the system work as expected ","Streamline best practices. All info in one place. ","Getting team onboard. Cost","Saving time. Streamlining information to resource geams","United States","","30-39","Master's/Diploma","","None","Female","","Service/public service","","888.07","","","8.38","","9.48","30.49","3.35","","48.26","46.21","11.03","15.35","53.47","40.49","24.64","17.34","39.15","162.47","49.75","27.68","22.47","41.98","","71.37","","9.57","13.16","3.2","8.45","7.18","5.29","","","22.51","17.07","17.55","18.75","","6.37","4.69","9.8","8.76","4.91","7.45"
"197","","37","en","2107091050","6458ff9f-3502-118f-3a87-57f31c7aa5ae","I accept the outlined privacy policy","No","","","","","","","","","","","","","","","","","","","","","","","","","","","","","","","","","","","","","","","","","","","","","","","","","","","","","","","","","","","","","","","","","","","","","","","","","","","","","","","","","","","","","","","","","","","","","N/A","","","","","","","","","","","","","","","","9.94","","","6.25","","3.69","","","","","","","","","","","","","","","","","","","","","","","","","","","","","","","","","","","","","","",""
"198","1980-01-01 00:00:00","37","en","1443659413","6458ffa3-8a97-9f30-4142-c14f05da8c19","I accept the outlined privacy policy","Yes","Production of a new anti malware for a school","","5 - Somewhat agree","6 - Agree","7 - Strongly agree","7 - Strongly agree","7 - Strongly agree","6 - Agree","6 - Agree","6 - Agree","5 - Somewhat agree","7 - Strongly agree","6 - Agree","6 - Agree","6 - Agree","6 - Agree","5 - Somewhat agree","7 - Strongly agree","6 - Agree","7 - Strongly agree","6 - Agree","5 - Somewhat agree","7 - Strongly agree","7 - Strongly agree","6 - Agree","5 - Somewhat agree","6 - Agree","5 - Somewhat agree","5 - Somewhat agree","7 - Strongly agree","6 - Agree","4 - Neither agree nor disagree","5 - Somewhat agree","7 - Strongly agree","4 - Neither agree nor disagree","7 - Strongly agree","6 - Agree","5 - Somewhat agree","6 - Agree","6 - Agree","6 - Agree","6 - Agree","7 - Strongly agree","7 - Strongly agree","4 - Neither agree nor disagree","5 - Somewhat agree","7 - Strongly agree","7 - Strongly agree","6 - Agree","5 - Somewhat agree","6 - Agree","6 - Agree","6 - Agree","7 - Strongly agree","7 - Strongly agree","6 - Agree","5 - Somewhat agree","7 - Strongly agree","7 - Strongly agree","5 - Somewhat agree","4 - Neither agree nor disagree","5 - Somewhat agree","7 - Strongly agree","5 - Somewhat agree","7 - Strongly agree","6 - Agree","6 - Agree","6 - Agree","5 - Somewhat agree","6 - Agree","7 - Strongly agree","5 - Somewhat agree","7 - Strongly agree","6 - Agree","5 - Somewhat agree","3 - Somewhat disagree","5 - Somewhat agree","7 - Strongly agree","5 - Somewhat agree","7 - Strongly agree","6 - Agree","7 - Strongly agree","6 - Agree","2 - likely","4 - fifty-fifty","3 - somewhat likely","1 - certain","5 - Somewhat agree","... increased","... increased","... remained the same","... increased","No","","Teamwork and time management ","Friends and bonds","Focusing","focusing","United States","","21-29","Advanced technical college certificate","","2 to 5 years","Male","","Other","Tech","454.97","","","6.95","","7.45","16.22","2.48","","6.21","41.53","14.74","8.16","12.53","6.93","7.56","15.4","28.91","10.76","37.04","11.83","34.79","12.39","","16.35","","4.92","22.08","3.43","3.74","5.05","6.33","","","16.8","8.58","7.84","35.32","","5.53","4.72","6.27","4.67","4.77","16.69"
"199","","37","en","299306423","6458ffc7-896b-b155-27be-ed9425fac4b9","I accept the outlined privacy policy","No","","","","","","","","","","","","","","","","","","","","","","","","","","","","","","","","","","","","","","","","","","","","","","","","","","","","","","","","","","","","","","","","","","","","","","","","","","","","","","","","","","","","","","","","","","","","","N/A","","","","","","","","","","","","","","","","75.85","","","65.67","","10.18","","","","","","","","","","","","","","","","","","","","","","","","","","","","","","","","","","","","","","",""
"200","","-1","en","1565658199","6458ffcc-3173-e74d-b5f7-51c0fb8803f9","","N/A","","","","","","","","","","","","","","","","","","","","","","","","","","","","","","","","","","","","","","","","","","","","","","","","","","","","","","","","","","","","","","","","","","","","","","","","","","","","","","","","","","","","","","","","","","","","","N/A","","","","","","","","","","","","","","","","0","","","","","","","","","","","","","","","","","","","","","","","","","","","","","","","","","","","","","","","","","","","",""
"201","","","en","1182573992","","","N/A","","","","","","","","","","","","","","","","","","","","","","","","","","","","","","","","","","","","","","","","","","","","","","","","","","","","","","","","","","","","","","","","","","","","","","","","","","","","","","","","","","","","","","","","","","","","","N/A","","","","","","","","","","","","","","","","0","","","","","","","","","","","","","","","","","","","","","","","","","","","","","","","","","","","","","","","","","","","",""
"202","1980-01-01 00:00:00","37","en","1294669769","645933e2-e113-826b-39d7-8d6c13b14447","I accept the outlined privacy policy","Yes","The develop of a new payment interface for online digital; transactions.","","4 - Neither agree nor disagree","5 - Somewhat agree","5 - Somewhat agree","6 - Agree","7 - Strongly agree","6 - Agree","5 - Somewhat agree","4 - Neither agree nor disagree","5 - Somewhat agree","5 - Somewhat agree","6 - Agree","6 - Agree","2 - Disagree","2 - Disagree","3 - Somewhat disagree","6 - Agree","6 - Agree","6 - Agree","7 - Strongly agree","6 - Agree","6 - Agree","6 - Agree","6 - Agree","5 - Somewhat agree","6 - Agree","6 - Agree","6 - Agree","6 - Agree","6 - Agree","6 - Agree","5 - Somewhat agree","5 - Somewhat agree","3 - Somewhat disagree","3 - Somewhat disagree","2 - Disagree","3 - Somewhat disagree","5 - Somewhat agree","5 - Somewhat agree","6 - Agree","5 - Somewhat agree","4 - Neither agree nor disagree","4 - Neither agree nor disagree","5 - Somewhat agree","6 - Agree","5 - Somewhat agree","5 - Somewhat agree","5 - Somewhat agree","5 - Somewhat agree","5 - Somewhat agree","6 - Agree","6 - Agree","6 - Agree","5 - Somewhat agree","4 - Neither agree nor disagree","5 - Somewhat agree","6 - Agree","5 - Somewhat agree","5 - Somewhat agree","6 - Agree","6 - Agree","5 - Somewhat agree","5 - Somewhat agree","6 - Agree","6 - Agree","6 - Agree","5 - Somewhat agree","6 - Agree","5 - Somewhat agree","6 - Agree","6 - Agree","3 - Somewhat disagree","5 - Somewhat agree","5 - Somewhat agree","6 - Agree","4 - Neither agree nor disagree","5 - Somewhat agree","5 - Somewhat agree","6 - Agree","6 - Agree","5 - Somewhat agree","6 - Agree","2 - likely","6 - unlikely","1 - certain","6 - unlikely","5 - Somewhat agree","... remained the same","... remained the same","... decreased","... remained the same","Yes","to a low degree","Learning throughout the organisation how to use the system has proved aprticularly challenging.","The product is turned out with greater efficiency. Raises morale of the team.","In general I think personell are often resistant to change, and time can be lost training all team members in new systems.","In general the changes result it better efficiency and a happier workforce.","United Kingdom","","40-49","Upper school-leaving certificate/GCE","","2 to 5 years","Male","","Production","","718.22","","","11.24","","13.73","46.23","9.05","","18.85","25.84","12.38","21.98","15.72","21.06","9.5","23.87","21.71","17.72","21.15","37.53","26.02","22.5","","29.37","","9.76","12.99","9.49","7.99","11.83","18.88","19.25","","44.69","41.49","47.42","26.89","","7.3","9.07","15.52","12.82","5.43","11.95"
"203","1980-01-01 00:00:00","37","en","1162261229","645933dc-c844-9091-feca-131a19e2e163","I accept the outlined privacy policy","Yes","Gg","","4 - Neither agree nor disagree","5 - Somewhat agree","5 - Somewhat agree","5 - Somewhat agree","4 - Neither agree nor disagree","3 - Somewhat disagree","4 - Neither agree nor disagree","3 - Somewhat disagree","","4 - Neither agree nor disagree","4 - Neither agree nor disagree","2 - Disagree","4 - Neither agree nor disagree","","1 - Strongly disagree","4 - Neither agree nor disagree","","4 - Neither agree nor disagree","","3 - Somewhat disagree","4 - Neither agree nor disagree","4 - Neither agree nor disagree","4 - Neither agree nor disagree","4 - Neither agree nor disagree","4 - Neither agree nor disagree","4 - Neither agree nor disagree","4 - Neither agree nor disagree","4 - Neither agree nor disagree","4 - Neither agree nor disagree","4 - Neither agree nor disagree","","4 - Neither agree nor disagree","4 - Neither agree nor disagree","4 - Neither agree nor disagree","4 - Neither agree nor disagree","4 - Neither agree nor disagree","3 - Somewhat disagree","4 - Neither agree nor disagree","3 - Somewhat disagree","3 - Somewhat disagree","4 - Neither agree nor disagree","3 - Somewhat disagree","4 - Neither agree nor disagree","5 - Somewhat agree","4 - Neither agree nor disagree","","2 - Disagree","","4 - Neither agree nor disagree","4 - Neither agree nor disagree","4 - Neither agree nor disagree","5 - Somewhat agree","4 - Neither agree nor disagree","2 - Disagree","4 - Neither agree nor disagree","4 - Neither agree nor disagree","4 - Neither agree nor disagree","4 - Neither agree nor disagree","4 - Neither agree nor disagree","3 - Somewhat disagree","4 - Neither agree nor disagree","4 - Neither agree nor disagree","4 - Neither agree nor disagree","4 - Neither agree nor disagree","4 - Neither agree nor disagree","4 - Neither agree nor disagree","4 - Neither agree nor disagree","4 - Neither agree nor disagree","4 - Neither agree nor disagree","3 - Somewhat disagree","4 - Neither agree nor disagree","4 - Neither agree nor disagree","4 - Neither agree nor disagree","5 - Somewhat agree","4 - Neither agree nor disagree","4 - Neither agree nor disagree","4 - Neither agree nor disagree","4 - Neither agree nor disagree","4 - Neither agree nor disagree","4 - Neither agree nor disagree","4 - Neither agree nor disagree","5 - somewhat unlikely","5 - somewhat unlikely","4 - fifty-fifty","4 - fifty-fifty","4 - Neither agree nor disagree","... remained the same","... decreased","... remained the same","... remained the same","No","","Fgh","Vg","Tgg","","United Kingdom","","30-39","Intermediate school-leaving certificate","","2 to 5 years","Male","","Service/public service","","485.77","","","12.91","","3.93","4.73","3.45","","22.28","12.54","7.06","9.74","16.92","13.64","17.29","18.16","115.03","12.42","24.33","39.17","9.01","19.12","","28","","33.7","5.12","3.55","3.69","3.46","3.73","","","4.36","3.39","3.41","2.18","","5.79","5.23","4.09","3.69","6.13","4.52"
"204","1980-01-01 00:00:00","37","en","1362093628","645933e2-c828-05a7-0525-e82c4a1d4d99","I accept the outlined privacy policy","Yes","Cloud computing ","","7 - Strongly agree","6 - Agree","7 - Strongly agree","7 - Strongly agree","6 - Agree","7 - Strongly agree","6 - Agree","7 - Strongly agree","6 - Agree","7 - Strongly agree","6 - Agree","7 - Strongly agree","6 - Agree","6 - Agree","7 - Strongly agree","7 - Strongly agree","7 - Strongly agree","6 - Agree","6 - Agree","7 - Strongly agree","6 - Agree","6 - Agree","7 - Strongly agree","7 - Strongly agree","6 - Agree","6 - Agree","7 - Strongly agree","7 - Strongly agree","7 - Strongly agree","6 - Agree","6 - Agree","7 - Strongly agree","7 - Strongly agree","6 - Agree","6 - Agree","7 - Strongly agree","6 - Agree","5 - Somewhat agree","7 - Strongly agree","7 - Strongly agree","6 - Agree","7 - Strongly agree","7 - Strongly agree","6 - Agree","7 - Strongly agree","6 - Agree","7 - Strongly agree","6 - Agree","6 - Agree","7 - Strongly agree","7 - Strongly agree","6 - Agree","7 - Strongly agree","7 - Strongly agree","6 - Agree","6 - Agree","6 - Agree","6 - Agree","7 - Strongly agree","7 - Strongly agree","7 - Strongly agree","6 - Agree","7 - Strongly agree","6 - Agree","7 - Strongly agree","7 - Strongly agree","6 - Agree","7 - Strongly agree","6 - Agree","6 - Agree","7 - Strongly agree","7 - Strongly agree","6 - Agree","6 - Agree","7 - Strongly agree","6 - Agree","7 - Strongly agree","7 - Strongly agree","6 - Agree","7 - Strongly agree","6 - Agree","1 - certain","2 - likely","2 - likely","1 - certain","7 - Strongly agree","... increased","... remained the same","... increased","... remained the same","Yes","to a very high degree","Amazing ","Powerful ","Passionate ","Amazing ","United Kingdom","","40-49","Bachelor's/Prediploma","","10 to 20 years","Male","","Medical/Healthcare","","274.46","","","5.85","","8.18","10.3","2.47","","6.58","9.5","5.88","7.44","13.01","9.37","7.1","7.41","13.66","9.43","16.7","13.2","10.08","13","","13.01","","4.97","6.31","4.68","4.16","3.95","7.95","4.12","","5.28","4.95","6.58","4.56","","6.18","4.06","4.56","4.86","4.84","10.28"
"205","1980-01-01 00:00:00","37","en","425664117","645933c4-740a-0ee4-e6a9-2e6c985c017d","I accept the outlined privacy policy","Yes","I am involved in all kinds of projects at work. These include improving how some processes work to make things more efficient at work. I also track and manage software to make sure it is up to date at all times. ","","4 - Neither agree nor disagree","4 - Neither agree nor disagree","4 - Neither agree nor disagree","6 - Agree","7 - Strongly agree","7 - Strongly agree","7 - Strongly agree","7 - Strongly agree","7 - Strongly agree","5 - Somewhat agree","5 - Somewhat agree","5 - Somewhat agree","4 - Neither agree nor disagree","1 - Strongly disagree","3 - Somewhat disagree","6 - Agree","6 - Agree","6 - Agree","7 - Strongly agree","7 - Strongly agree","7 - Strongly agree","7 - Strongly agree","6 - Agree","7 - Strongly agree","7 - Strongly agree","6 - Agree","7 - Strongly agree","7 - Strongly agree","7 - Strongly agree","5 - Somewhat agree","6 - Agree","5 - Somewhat agree","3 - Somewhat disagree","2 - Disagree","3 - Somewhat disagree","5 - Somewhat agree","7 - Strongly agree","6 - Agree","7 - Strongly agree","5 - Somewhat agree","6 - Agree","6 - Agree","5 - Somewhat agree","6 - Agree","6 - Agree","7 - Strongly agree","6 - Agree","6 - Agree","6 - Agree","7 - Strongly agree","4 - Neither agree nor disagree","4 - Neither agree nor disagree","4 - Neither agree nor disagree","4 - Neither agree nor disagree","5 - Somewhat agree","4 - Neither agree nor disagree","4 - Neither agree nor disagree","4 - Neither agree nor disagree","4 - Neither agree nor disagree","5 - Somewhat agree","4 - Neither agree nor disagree","7 - Strongly agree","7 - Strongly agree","7 - Strongly agree","6 - Agree","6 - Agree","7 - Strongly agree","6 - Agree","7 - Strongly agree","5 - Somewhat agree","4 - Neither agree nor disagree","5 - Somewhat agree","6 - Agree","5 - Somewhat agree","6 - Agree","6 - Agree","4 - Neither agree nor disagree","5 - Somewhat agree","6 - Agree","5 - Somewhat agree","6 - Agree","5 - somewhat unlikely","4 - fifty-fifty","3 - somewhat likely","3 - somewhat likely","4 - Neither agree nor disagree","... remained the same","... remained the same","... increased","... remained the same","Yes","to a high degree","It is sometimes things don’t alaways go to plan and the work load can be too much ","It makes things fast and very reliable ","It can be hard to update or to keep","It is very good and modern way of doing things ","United Kingdom","","30-39","Upper school-leaving certificate/GCE","","5 to 10 years","Female","","Production","","367.84","","","7.59","","2.96","71.2","1.88","","6.12","9.73","8.67","14.23","15.15","8.1","6.64","9.31","11.16","12.45","16.69","13.35","6.75","14.82","","9.59","","3.36","2.54","2.38","2.84","3.26","5.73","2.99","","26.62","13.32","14.35","16.09","","2.96","3.81","6.35","4.36","3.81","6.68"
"206","","37","en","1928916684","645933f5-4040-1455-c894-7409a21376aa","I accept the outlined privacy policy","No","","","","","","","","","","","","","","","","","","","","","","","","","","","","","","","","","","","","","","","","","","","","","","","","","","","","","","","","","","","","","","","","","","","","","","","","","","","","","","","","","","","","","","","","","","","","","N/A","","","","","","","","","","","","","","","","25.51","","","12.18","","13.33","","","","","","","","","","","","","","","","","","","","","","","","","","","","","","","","","","","","","","",""
"207","","37","en","1919097763","645933f6-b0f5-c476-ceed-3cb9157184d9","I accept the outlined privacy policy","No","","","","","","","","","","","","","","","","","","","","","","","","","","","","","","","","","","","","","","","","","","","","","","","","","","","","","","","","","","","","","","","","","","","","","","","","","","","","","","","","","","","","","","","","","","","","","N/A","","","","","","","","","","","","","","","","18.67","","","10.87","","7.8","","","","","","","","","","","","","","","","","","","","","","","","","","","","","","","","","","","","","","",""
"208","1980-01-01 00:00:00","37","en","1849929389","645933c7-54a0-3d95-9496-6d90500b7783","I accept the outlined privacy policy","Yes","The software is epic games. It's a popular gaming service which, I manage over office workers. My role is to pitch into ideas and advertisements.","","2 - Disagree","2 - Disagree","2 - Disagree","","","","","","","2 - Disagree","5 - Somewhat agree","4 - Neither agree nor disagree","6 - Agree","5 - Somewhat agree","3 - Somewhat disagree","3 - Somewhat disagree","4 - Neither agree nor disagree","4 - Neither agree nor disagree","4 - Neither agree nor disagree","2 - Disagree","4 - Neither agree nor disagree","5 - Somewhat agree","5 - Somewhat agree","4 - Neither agree nor disagree","5 - Somewhat agree","2 - Disagree","4 - Neither agree nor disagree","2 - Disagree","3 - Somewhat disagree","3 - Somewhat disagree","2 - Disagree","2 - Disagree","2 - Disagree","2 - Disagree","2 - Disagree","2 - Disagree","4 - Neither agree nor disagree","4 - Neither agree nor disagree","2 - Disagree","5 - Somewhat agree","5 - Somewhat agree","4 - Neither agree nor disagree","3 - Somewhat disagree","5 - Somewhat agree","3 - Somewhat disagree","4 - Neither agree nor disagree","6 - Agree","3 - Somewhat disagree","2 - Disagree","6 - Agree","2 - Disagree","1 - Strongly disagree","5 - Somewhat agree","6 - Agree","5 - Somewhat agree","4 - Neither agree nor disagree","5 - Somewhat agree","6 - Agree","2 - Disagree","3 - Somewhat disagree","3 - Somewhat disagree","2 - Disagree","6 - Agree","4 - Neither agree nor disagree","5 - Somewhat agree","5 - Somewhat agree","2 - Disagree","5 - Somewhat agree","4 - Neither agree nor disagree","3 - Somewhat disagree","5 - Somewhat agree","4 - Neither agree nor disagree","2 - Disagree","3 - Somewhat disagree","3 - Somewhat disagree","5 - Somewhat agree","4 - Neither agree nor disagree","5 - Somewhat agree","6 - Agree","4 - Neither agree nor disagree","3 - Somewhat disagree","3 - somewhat likely","5 - somewhat unlikely","3 - somewhat likely","6 - unlikely","6 - Agree","... remained the same","... remained the same","... remained the same","","No","","Personally there isn't much of a problem as i have multiple people available to cover for me and my problems","I have a supportive team who look to improve and work off of the project and makes me enjoy work.","I don't have to deal with large challenges, I have a team who do most of my work","I don't get involved as much but because of that my work ethic is increased and therefore i have a good mindset at work","United Kingdom","","30-39","Upper school-leaving certificate/GCE","","less than 2 years","Male","","Craft/skilled and manual work","","750.53","","","10.7","","10.11","110.61","33.09","","27.31","3.45","7.2","6.08","10.26","7.82","12.88","30.77","56.57","11.4","14.37","37.41","39.62","10.63","","19.52","","12.73","8.52","5.38","3.3","1.67","13.79","","","60.23","42.1","48.4","44.29","","4.91","4.32","7.77","13.83","5.55","13.94"
"209","","37","en","2006764531","645933f0-0a60-4b6e-dfc3-81dfa2f7b2c4","I accept the outlined privacy policy","No","","","","","","","","","","","","","","","","","","","","","","","","","","","","","","","","","","","","","","","","","","","","","","","","","","","","","","","","","","","","","","","","","","","","","","","","","","","","","","","","","","","","","","","","","","","","","N/A","","","","","","","","","","","","","","","","19.86","","","11.45","","8.41","","","","","","","","","","","","","","","","","","","","","","","","","","","","","","","","","","","","","","",""
"210","","37","en","38812798","645933ed-5904-7034-6290-93912c41a233","I accept the outlined privacy policy","No","","","","","","","","","","","","","","","","","","","","","","","","","","","","","","","","","","","","","","","","","","","","","","","","","","","","","","","","","","","","","","","","","","","","","","","","","","","","","","","","","","","","","","","","","","","","","N/A","","","","","","","","","","","","","","","","18.14","","","11.12","","7.02","","","","","","","","","","","","","","","","","","","","","","","","","","","","","","","","","","","","","","",""
"211","","37","en","1324964494","645933c7-a334-9d0b-2c91-f416d1e31980","I accept the outlined privacy policy","No","","","","","","","","","","","","","","","","","","","","","","","","","","","","","","","","","","","","","","","","","","","","","","","","","","","","","","","","","","","","","","","","","","","","","","","","","","","","","","","","","","","","","","","","","","","","","N/A","","","","","","","","","","","","","","","","37.69","","","25.57","","12.12","","","","","","","","","","","","","","","","","","","","","","","","","","","","","","","","","","","","","","",""
"212","1980-01-01 00:00:00","37","en","1205602100","645933ee-6299-fdef-9b03-8910e6f79155","I accept the outlined privacy policy","Yes","we were developing a software to help businesses organise their teams.","","6 - Agree","5 - Somewhat agree","7 - Strongly agree","7 - Strongly agree","7 - Strongly agree","7 - Strongly agree","6 - Agree","5 - Somewhat agree","5 - Somewhat agree","6 - Agree","6 - Agree","7 - Strongly agree","3 - Somewhat disagree","1 - Strongly disagree","1 - Strongly disagree","7 - Strongly agree","7 - Strongly agree","6 - Agree","7 - Strongly agree","7 - Strongly agree","5 - Somewhat agree","7 - Strongly agree","7 - Strongly agree","6 - Agree","7 - Strongly agree","6 - Agree","7 - Strongly agree","7 - Strongly agree","4 - Neither agree nor disagree","5 - Somewhat agree","5 - Somewhat agree","7 - Strongly agree","5 - Somewhat agree","7 - Strongly agree","6 - Agree","7 - Strongly agree","7 - Strongly agree","4 - Neither agree nor disagree","6 - Agree","5 - Somewhat agree","4 - Neither agree nor disagree","6 - Agree","5 - Somewhat agree","6 - Agree","6 - Agree","7 - Strongly agree","7 - Strongly agree","5 - Somewhat agree","4 - Neither agree nor disagree","5 - Somewhat agree","7 - Strongly agree","5 - Somewhat agree","6 - Agree","5 - Somewhat agree","7 - Strongly agree","6 - Agree","6 - Agree","7 - Strongly agree","6 - Agree","7 - Strongly agree","6 - Agree","7 - Strongly agree","4 - Neither agree nor disagree","6 - Agree","5 - Somewhat agree","7 - Strongly agree","7 - Strongly agree","6 - Agree","5 - Somewhat agree","5 - Somewhat agree","7 - Strongly agree","4 - Neither agree nor disagree","6 - Agree","7 - Strongly agree","6 - Agree","6 - Agree","7 - Strongly agree","6 - Agree","7 - Strongly agree","7 - Strongly agree","6 - Agree","5 - somewhat unlikely","5 - somewhat unlikely","7 - impossible","7 - impossible","6 - Agree","... increased","... increased","... increased","... increased","No","","getting the whole team trained on new tech, ","increased productivity ","cost and training","better productivity","United Kingdom","","21-29","Master's/Diploma","","None","Male","","Production","","283.23","","","4.45","","5.66","22.2","3.28","","5.16","11.47","4.78","14.76","7.61","5.3","5.95","4.47","8.57","8.8","9.81","10.66","6.82","13.56","","6.59","","5.31","4.7","4.83","4.43","4.41","5.06","","","14.46","14.37","13.69","11.01","","4.5","5","5.06","7.72","4.65","14.13"
"213","1980-01-01 00:00:00","37","en","90242493","645933e1-7f6a-202a-749e-e9acb9ed48e9","I accept the outlined privacy policy","Yes","We worked as a team to complete the design and completion of a block of flats using analysis and data ","","5 - Somewhat agree","5 - Somewhat agree","4 - Neither agree nor disagree","6 - Agree","6 - Agree","6 - Agree","5 - Somewhat agree","5 - Somewhat agree","5 - Somewhat agree","6 - Agree","5 - Somewhat agree","5 - Somewhat agree","3 - Somewhat disagree","3 - Somewhat disagree","3 - Somewhat disagree","5 - Somewhat agree","6 - Agree","6 - Agree","5 - Somewhat agree","5 - Somewhat agree","6 - Agree","4 - Neither agree nor disagree","5 - Somewhat agree","6 - Agree","6 - Agree","6 - Agree","5 - Somewhat agree","6 - Agree","5 - Somewhat agree","6 - Agree","5 - Somewhat agree","6 - Agree","2 - Disagree","3 - Somewhat disagree","4 - Neither agree nor disagree","3 - Somewhat disagree","5 - Somewhat agree","6 - Agree","5 - Somewhat agree","6 - Agree","5 - Somewhat agree","4 - Neither agree nor disagree","6 - Agree","5 - Somewhat agree","6 - Agree","6 - Agree","5 - Somewhat agree","6 - Agree","6 - Agree","5 - Somewhat agree","5 - Somewhat agree","6 - Agree","6 - Agree","5 - Somewhat agree","6 - Agree","5 - Somewhat agree","6 - Agree","5 - Somewhat agree","5 - Somewhat agree","5 - Somewhat agree","5 - Somewhat agree","5 - Somewhat agree","5 - Somewhat agree","5 - Somewhat agree","6 - Agree","5 - Somewhat agree","4 - Neither agree nor disagree","6 - Agree","6 - Agree","5 - Somewhat agree","5 - Somewhat agree","6 - Agree","6 - Agree","6 - Agree","6 - Agree","6 - Agree","6 - Agree","6 - Agree","5 - Somewhat agree","5 - Somewhat agree","5 - Somewhat agree","2 - likely","5 - somewhat unlikely","2 - likely","5 - somewhat unlikely","5 - Somewhat agree","... increased","... decreased","... increased","... decreased","Yes","to a high degree","Finding the right operating system to take the workload on ","It has made the work easier and quicker to complete ","Training all the staff on the system  ","The working hours are less ","United Kingdom","","40-49","Bachelor's/Prediploma","","2 to 5 years","Male","","Medical/Healthcare","","864.22","","","13.25","","5.11","76.76","4.43","","19.89","23.61","29.15","27.38","35.27","55.84","31.49","28.08","33.47","21.94","23.55","43.76","31.04","35.58","","66.06","","17.42","7.86","33.4","13.25","20.47","6.23","6.21","","26.38","38.91","24.85","13.82","","14.62","4.81","7.86","12.52","3.71","6.24"
"214","1980-01-01 00:00:00","37","en","1250904822","645933ee-edba-08a0-a6c0-17dc70dd92ad","I accept the outlined privacy policy","Yes","Accoint and bookeeping","","4 - Neither agree nor disagree","4 - Neither agree nor disagree","4 - Neither agree nor disagree","5 - Somewhat agree","5 - Somewhat agree","6 - Agree","5 - Somewhat agree","3 - Somewhat disagree","5 - Somewhat agree","6 - Agree","6 - Agree","7 - Strongly agree","","","2 - Disagree","","5 - Somewhat agree","6 - Agree","5 - Somewhat agree","7 - Strongly agree","7 - Strongly agree","","7 - Strongly agree","7 - Strongly agree","6 - Agree","5 - Somewhat agree","6 - Agree","5 - Somewhat agree","4 - Neither agree nor disagree","4 - Neither agree nor disagree","","","1 - Strongly disagree","1 - Strongly disagree","2 - Disagree","1 - Strongly disagree","7 - Strongly agree","5 - Somewhat agree","6 - Agree","7 - Strongly agree","6 - Agree","5 - Somewhat agree","6 - Agree","7 - Strongly agree","6 - Agree","","","5 - Somewhat agree","","4 - Neither agree nor disagree","6 - Agree","6 - Agree","5 - Somewhat agree","6 - Agree","6 - Agree","6 - Agree","5 - Somewhat agree","6 - Agree","6 - Agree","7 - Strongly agree","4 - Neither agree nor disagree","6 - Agree","6 - Agree","6 - Agree","5 - Somewhat agree","6 - Agree","","6 - Agree","6 - Agree","4 - Neither agree nor disagree","4 - Neither agree nor disagree","6 - Agree","4 - Neither agree nor disagree","6 - Agree","6 - Agree","5 - Somewhat agree","6 - Agree","4 - Neither agree nor disagree","5 - Somewhat agree","4 - Neither agree nor disagree","6 - Agree","3 - somewhat likely","7 - impossible","4 - fifty-fifty","3 - somewhat likely","1 - Strongly disagree","... remained the same","... remained the same","","... remained the same","No","","Understanding new technology and training others","Speed and cost saving","Training accessibility ","Cost saving","United Kingdom","","40-49","Advanced technical college certificate","","less than 2 years","Male","","Craft/skilled and manual work","","762.94","","","12.61","","12","31.11","9.99","","18.97","33.29","15.31","19.11","32.64","26.49","22.88","25.25","49.43","35.42","59.83","42.91","33.98","59.51","","46.24","","8.26","9.57","7.11","10.01","7.07","8.58","","","29.03","13.74","16.38","13.94","","6.45","6.2","6.53","17.6","6.43","9.07"
"215","1980-01-01 00:00:00","37","en","1468882440","645933e1-f23b-8914-bb58-0c7a742ad0d8","I accept the outlined privacy policy","Yes","It was payroll software","","3 - Somewhat disagree","5 - Somewhat agree","3 - Somewhat disagree","6 - Agree","6 - Agree","5 - Somewhat agree","3 - Somewhat disagree","2 - Disagree","5 - Somewhat agree","5 - Somewhat agree","6 - Agree","6 - Agree","2 - Disagree","3 - Somewhat disagree","3 - Somewhat disagree","6 - Agree","5 - Somewhat agree","6 - Agree","5 - Somewhat agree","6 - Agree","6 - Agree","4 - Neither agree nor disagree","5 - Somewhat agree","6 - Agree","5 - Somewhat agree","6 - Agree","5 - Somewhat agree","5 - Somewhat agree","5 - Somewhat agree","3 - Somewhat disagree","4 - Neither agree nor disagree","4 - Neither agree nor disagree","6 - Agree","6 - Agree","5 - Somewhat agree","5 - Somewhat agree","6 - Agree","6 - Agree","5 - Somewhat agree","5 - Somewhat agree","6 - Agree","5 - Somewhat agree","5 - Somewhat agree","6 - Agree","5 - Somewhat agree","5 - Somewhat agree","5 - Somewhat agree","6 - Agree","5 - Somewhat agree","5 - Somewhat agree","5 - Somewhat agree","5 - Somewhat agree","5 - Somewhat agree","5 - Somewhat agree","5 - Somewhat agree","5 - Somewhat agree","5 - Somewhat agree","5 - Somewhat agree","5 - Somewhat agree","5 - Somewhat agree","6 - Agree","5 - Somewhat agree","6 - Agree","5 - Somewhat agree","6 - Agree","5 - Somewhat agree","5 - Somewhat agree","5 - Somewhat agree","5 - Somewhat agree","5 - Somewhat agree","5 - Somewhat agree","5 - Somewhat agree","6 - Agree","5 - Somewhat agree","5 - Somewhat agree","5 - Somewhat agree","5 - Somewhat agree","5 - Somewhat agree","5 - Somewhat agree","5 - Somewhat agree","5 - Somewhat agree","3 - somewhat likely","3 - somewhat likely","3 - somewhat likely","4 - fifty-fifty","5 - Somewhat agree","... remained the same","... remained the same","... remained the same","... increased","No","","The updates mean I have to constantly adapt to the new changes of technology ","The improvements make production more efficient and reduce time on some of my tasks ","Employees being able to keep up with the updates ","It certainly makes productivity more efficient ","United Kingdom","","50-59","Upper school-leaving certificate/GCE","","10 to 20 years","Male","","Production","","846.38","","","9.16","","8.09","42.04","9.33","","19.96","27.89","17.3","31.71","31.85","19.25","23.63","24.93","54.93","45.42","42.92","29.53","16.28","38.22","","31.96","","8.98","13.26","5.58","5.52","6.46","7.17","","","44.34","77.29","50.8","43.99","","5.1","4.41","25.19","11.48","3.53","8.88"
"216","","37","en","384957733","645933f4-5925-1449-90fd-90d90394c85b","I accept the outlined privacy policy","No","","","","","","","","","","","","","","","","","","","","","","","","","","","","","","","","","","","","","","","","","","","","","","","","","","","","","","","","","","","","","","","","","","","","","","","","","","","","","","","","","","","","","","","","","","","","","N/A","","","","","","","","","","","","","","","","26.46","","","17.74","","8.72","","","","","","","","","","","","","","","","","","","","","","","","","","","","","","","","","","","","","","",""
"217","","37","en","1247041750","645933fb-3e2d-0c00-d3ad-502456839299","I accept the outlined privacy policy","No","","","","","","","","","","","","","","","","","","","","","","","","","","","","","","","","","","","","","","","","","","","","","","","","","","","","","","","","","","","","","","","","","","","","","","","","","","","","","","","","","","","","","","","","","","","","","N/A","","","","","","","","","","","","","","","","13.33","","","6.38","","6.95","","","","","","","","","","","","","","","","","","","","","","","","","","","","","","","","","","","","","","",""
"218","","37","en","2040162278","645933ef-2573-00e0-fe58-591befa77bb0","I accept the outlined privacy policy","No","","","","","","","","","","","","","","","","","","","","","","","","","","","","","","","","","","","","","","","","","","","","","","","","","","","","","","","","","","","","","","","","","","","","","","","","","","","","","","","","","","","","","","","","","","","","","N/A","","","","","","","","","","","","","","","","22.03","","","12.92","","9.11","","","","","","","","","","","","","","","","","","","","","","","","","","","","","","","","","","","","","","",""
"219","1980-01-01 00:00:00","37","en","1359066106","645933f6-d5bd-053a-577d-4ac791e6e32c","I accept the outlined privacy policy","Yes","New website, change in operating systems ","","4 - Neither agree nor disagree","5 - Somewhat agree","3 - Somewhat disagree","6 - Agree","6 - Agree","6 - Agree","6 - Agree","5 - Somewhat agree","6 - Agree","4 - Neither agree nor disagree","4 - Neither agree nor disagree","4 - Neither agree nor disagree","3 - Somewhat disagree","2 - Disagree","3 - Somewhat disagree","7 - Strongly agree","6 - Agree","6 - Agree","6 - Agree","6 - Agree","6 - Agree","6 - Agree","6 - Agree","6 - Agree","5 - Somewhat agree","5 - Somewhat agree","6 - Agree","5 - Somewhat agree","5 - Somewhat agree","5 - Somewhat agree","4 - Neither agree nor disagree","5 - Somewhat agree","3 - Somewhat disagree","3 - Somewhat disagree","3 - Somewhat disagree","3 - Somewhat disagree","6 - Agree","5 - Somewhat agree","5 - Somewhat agree","6 - Agree","5 - Somewhat agree","5 - Somewhat agree","5 - Somewhat agree","5 - Somewhat agree","7 - Strongly agree","6 - Agree","6 - Agree","6 - Agree","5 - Somewhat agree","6 - Agree","5 - Somewhat agree","5 - Somewhat agree","5 - Somewhat agree","5 - Somewhat agree","5 - Somewhat agree","5 - Somewhat agree","5 - Somewhat agree","5 - Somewhat agree","5 - Somewhat agree","4 - Neither agree nor disagree","5 - Somewhat agree","6 - Agree","5 - Somewhat agree","5 - Somewhat agree","5 - Somewhat agree","5 - Somewhat agree","5 - Somewhat agree","5 - Somewhat agree","5 - Somewhat agree","5 - Somewhat agree","3 - Somewhat disagree","4 - Neither agree nor disagree","4 - Neither agree nor disagree","5 - Somewhat agree","5 - Somewhat agree","5 - Somewhat agree","6 - Agree","4 - Neither agree nor disagree","5 - Somewhat agree","4 - Neither agree nor disagree","5 - Somewhat agree","3 - somewhat likely","6 - unlikely","3 - somewhat likely","5 - somewhat unlikely","5 - Somewhat agree","... increased","... remained the same","... remained the same","... remained the same","No","","Getting used to new operating systems ","Quicker and easier ","Not enough knowledge ","Easier ","United Kingdom","","50-59","Bachelor's/Prediploma","","None","Female","","Service/public service","","609.78","","","9.18","","12.23","39.47","7.98","","16.63","24.17","12.71","21.79","29.97","21.8","26.4","17.75","32.4","28.9","34.12","28.45","25.64","33.39","","24.02","","6.84","8.38","7.29","6.44","8.21","7.02","","","26.01","16.31","12.64","10.94","","5.98","5.14","6.19","15.4","5.25","14.74"
"220","1980-01-01 00:00:00","37","en","2047808906","645933ef-9a7e-e936-cb85-72def61fb374","I accept the outlined privacy policy","Yes","Not too sure","","7 - Strongly agree","7 - Strongly agree","7 - Strongly agree","7 - Strongly agree","7 - Strongly agree","7 - Strongly agree","7 - Strongly agree","7 - Strongly agree","7 - Strongly agree","7 - Strongly agree","7 - Strongly agree","7 - Strongly agree","7 - Strongly agree","7 - Strongly agree","7 - Strongly agree","7 - Strongly agree","7 - Strongly agree","7 - Strongly agree","7 - Strongly agree","7 - Strongly agree","7 - Strongly agree","7 - Strongly agree","7 - Strongly agree","7 - Strongly agree","7 - Strongly agree","7 - Strongly agree","7 - Strongly agree","7 - Strongly agree","7 - Strongly agree","7 - Strongly agree","7 - Strongly agree","7 - Strongly agree","7 - Strongly agree","7 - Strongly agree","7 - Strongly agree","7 - Strongly agree","7 - Strongly agree","7 - Strongly agree","7 - Strongly agree","7 - Strongly agree","7 - Strongly agree","7 - Strongly agree","7 - Strongly agree","7 - Strongly agree","7 - Strongly agree","7 - Strongly agree","7 - Strongly agree","7 - Strongly agree","7 - Strongly agree","7 - Strongly agree","7 - Strongly agree","7 - Strongly agree","7 - Strongly agree","7 - Strongly agree","7 - Strongly agree","7 - Strongly agree","7 - Strongly agree","7 - Strongly agree","7 - Strongly agree","7 - Strongly agree","7 - Strongly agree","7 - Strongly agree","7 - Strongly agree","7 - Strongly agree","7 - Strongly agree","7 - Strongly agree","7 - Strongly agree","7 - Strongly agree","7 - Strongly agree","7 - Strongly agree","7 - Strongly agree","7 - Strongly agree","7 - Strongly agree","7 - Strongly agree","7 - Strongly agree","7 - Strongly agree","7 - Strongly agree","7 - Strongly agree","7 - Strongly agree","7 - Strongly agree","7 - Strongly agree","1 - certain","1 - certain","1 - certain","1 - certain","7 - Strongly agree","... increased","... increased","... increased","... increased","Yes","to a very high degree","Not too sure ","Not too sure ","Not too sure ","Not too sure ","United Kingdom","","21-29","Lower school-leaving certificate","","2 to 5 years","Female","","Medical/Healthcare","","740.92","","","6.02","","7.04","60.42","2.02","","23.88","21.83","27.58","51.75","54.31","27.71","74.98","15.85","50.98","7.25","80.72","46.88","6.08","22.49","","22.86","","20.28","8.33","2.19","28.12","1.89","3.12","2.06","","4.04","3.94","16.6","4.82","","3.75","3.41","15.68","4.36","2.19","5.49"
"221","1980-01-01 00:00:00","37","en","686605223","645933f6-e6f2-7d5a-f7f7-7f44205f534d","I accept the outlined privacy policy","Yes","Okayy it's useful information ","","3 - Somewhat disagree","6 - Agree","6 - Agree","7 - Strongly agree","7 - Strongly agree","6 - Agree","6 - Agree","4 - Neither agree nor disagree","4 - Neither agree nor disagree","5 - Somewhat agree","5 - Somewhat agree","4 - Neither agree nor disagree","5 - Somewhat agree","6 - Agree","6 - Agree","6 - Agree","6 - Agree","6 - Agree","6 - Agree","7 - Strongly agree","6 - Agree","5 - Somewhat agree","7 - Strongly agree","4 - Neither agree nor disagree","5 - Somewhat agree","5 - Somewhat agree","5 - Somewhat agree","5 - Somewhat agree","6 - Agree","6 - Agree","6 - Agree","4 - Neither agree nor disagree","5 - Somewhat agree","5 - Somewhat agree","6 - Agree","6 - Agree","6 - Agree","6 - Agree","4 - Neither agree nor disagree","5 - Somewhat agree","5 - Somewhat agree","6 - Agree","5 - Somewhat agree","6 - Agree","6 - Agree","6 - Agree","6 - Agree","6 - Agree","6 - Agree","5 - Somewhat agree","4 - Neither agree nor disagree","4 - Neither agree nor disagree","6 - Agree","6 - Agree","6 - Agree","6 - Agree","6 - Agree","6 - Agree","5 - Somewhat agree","5 - Somewhat agree","6 - Agree","6 - Agree","4 - Neither agree nor disagree","5 - Somewhat agree","6 - Agree","5 - Somewhat agree","6 - Agree","6 - Agree","6 - Agree","6 - Agree","5 - Somewhat agree","7 - Strongly agree","7 - Strongly agree","6 - Agree","5 - Somewhat agree","6 - Agree","7 - Strongly agree","6 - Agree","5 - Somewhat agree","5 - Somewhat agree","6 - Agree","6 - unlikely","4 - fifty-fifty","7 - impossible","5 - somewhat unlikely","6 - Agree","... increased","... remained the same","... remained the same","... remained the same","No","","Ok","","Ol","No","United Kingdom","","21-29","Bachelor's/Prediploma","","2 to 5 years","Male","","","","405.05","","","4.99","","4.23","17.43","2.44","","10.65","15.67","7.71","7.47","15","39.2","11.56","24.59","47.38","21.9","27.07","15.55","8.38","23.33","","10.69","","4.27","19.03","8.06","2.65","9.12","5.27","","","3.85","1.79","4.33","3.56","","3.26","3.87","8.06","3.31","3.92","5.46"
"222","1980-01-01 00:00:00","37","en","479753000","645933f6-ef80-85da-17dd-82b674bf666d","I accept the outlined privacy policy","Yes","Chatbot","","7 - Strongly agree","6 - Agree","7 - Strongly agree","6 - Agree","7 - Strongly agree","5 - Somewhat agree","6 - Agree","7 - Strongly agree","5 - Somewhat agree","7 - Strongly agree","6 - Agree","7 - Strongly agree","7 - Strongly agree","7 - Strongly agree","4 - Neither agree nor disagree","6 - Agree","7 - Strongly agree","7 - Strongly agree","7 - Strongly agree","7 - Strongly agree","7 - Strongly agree","6 - Agree","6 - Agree","7 - Strongly agree","3 - Somewhat disagree","7 - Strongly agree","6 - Agree","7 - Strongly agree","4 - Neither agree nor disagree","6 - Agree","4 - Neither agree nor disagree","3 - Somewhat disagree","6 - Agree","7 - Strongly agree","6 - Agree","7 - Strongly agree","6 - Agree","7 - Strongly agree","6 - Agree","5 - Somewhat agree","7 - Strongly agree","7 - Strongly agree","7 - Strongly agree","7 - Strongly agree","6 - Agree","7 - Strongly agree","6 - Agree","7 - Strongly agree","7 - Strongly agree","6 - Agree","6 - Agree","7 - Strongly agree","7 - Strongly agree","7 - Strongly agree","5 - Somewhat agree","6 - Agree","6 - Agree","7 - Strongly agree","7 - Strongly agree","7 - Strongly agree","7 - Strongly agree","6 - Agree","5 - Somewhat agree","7 - Strongly agree","6 - Agree","7 - Strongly agree","4 - Neither agree nor disagree","7 - Strongly agree","7 - Strongly agree","5 - Somewhat agree","6 - Agree","6 - Agree","7 - Strongly agree","6 - Agree","7 - Strongly agree","6 - Agree","6 - Agree","7 - Strongly agree","6 - Agree","6 - Agree","7 - Strongly agree","3 - somewhat likely","2 - likely","4 - fifty-fifty","2 - likely","5 - Somewhat agree","... remained the same","... remained the same","... increased","... increased","Yes","to a high degree","Getting everybody to learn how to use it","It will save us cost and time","Training up the staff to the high level we need ","It will make our lives much easier ","United Kingdom","","30-39","Master's/Diploma","","None","Female","","Service/public service","","323.87","","","9.11","","4.42","14.94","2.99","","5.8","9.77","7.03","9.25","18.15","6.67","11.14","6.32","11.84","22.01","17.5","10.95","7.02","11.76","","7.77","","5.25","3.14","3.14","2.29","2.19","2.35","4.99","","16.88","34.82","17.12","10.93","","6.21","3.44","4.61","5.39","3.06","3.62"
"223","1980-01-01 00:00:00","37","en","1988880005","645933e6-c57f-c875-ef49-75067d30ef53","I accept the outlined privacy policy","Yes","Introduction of file sharing software","","2 - Disagree","5 - Somewhat agree","2 - Disagree","6 - Agree","7 - Strongly agree","7 - Strongly agree","7 - Strongly agree","5 - Somewhat agree","6 - Agree","5 - Somewhat agree","6 - Agree","7 - Strongly agree","1 - Strongly disagree","1 - Strongly disagree","1 - Strongly disagree","7 - Strongly agree","5 - Somewhat agree","5 - Somewhat agree","5 - Somewhat agree","6 - Agree","5 - Somewhat agree","2 - Disagree","5 - Somewhat agree","6 - Agree","6 - Agree","5 - Somewhat agree","6 - Agree","4 - Neither agree nor disagree","3 - Somewhat disagree","2 - Disagree","2 - Disagree","7 - Strongly agree","2 - Disagree","2 - Disagree","2 - Disagree","2 - Disagree","3 - Somewhat disagree","2 - Disagree","2 - Disagree","2 - Disagree","5 - Somewhat agree","5 - Somewhat agree","2 - Disagree","2 - Disagree","5 - Somewhat agree","4 - Neither agree nor disagree","5 - Somewhat agree","5 - Somewhat agree","3 - Somewhat disagree","4 - Neither agree nor disagree","6 - Agree","5 - Somewhat agree","5 - Somewhat agree","5 - Somewhat agree","6 - Agree","6 - Agree","5 - Somewhat agree","5 - Somewhat agree","5 - Somewhat agree","4 - Neither agree nor disagree","5 - Somewhat agree","6 - Agree","6 - Agree","6 - Agree","5 - Somewhat agree","6 - Agree","2 - Disagree","5 - Somewhat agree","6 - Agree","5 - Somewhat agree","6 - Agree","5 - Somewhat agree","5 - Somewhat agree","6 - Agree","6 - Agree","4 - Neither agree nor disagree","5 - Somewhat agree","","","4 - Neither agree nor disagree","","3 - somewhat likely","5 - somewhat unlikely","2 - likely","5 - somewhat unlikely","6 - Agree","... remained the same","... remained the same","... decreased","... remained the same","No","","Openness to change
Open to it not doing everything that is required
More comprehensive software is out there available but much more expensive ","Data protection
Reducing costs
Efficiencies in time","Cost
Appetite for change","Efficiencies in time
Collaborative working ","United Kingdom","","40-49","Master's/Diploma","","None","Female","","Service/public service","","523.27","","","12.25","","7.52","15.2","4.59","","23.01","17.78","15.33","13.63","28.22","13.41","14.47","14.85","22.79","22.35","47.35","27.06","25.14","29.83","","18.28","","6.17","6.56","6.79","5.73","4.61","7.56","","","41.72","20.22","9.01","10.66","","4.26","4.03","7.6","6.36","4.11","4.82"
"224","1980-01-01 00:00:00","37","en","309905217","645933f9-5962-e129-2722-26237184abd3","I accept the outlined privacy policy","Yes","Building a website and learning of coding and HTML ","","6 - Agree","6 - Agree","5 - Somewhat agree","7 - Strongly agree","7 - Strongly agree","7 - Strongly agree","7 - Strongly agree","7 - Strongly agree","7 - Strongly agree","7 - Strongly agree","7 - Strongly agree","7 - Strongly agree","1 - Strongly disagree","1 - Strongly disagree","1 - Strongly disagree","7 - Strongly agree","7 - Strongly agree","7 - Strongly agree","7 - Strongly agree","7 - Strongly agree","7 - Strongly agree","7 - Strongly agree","7 - Strongly agree","7 - Strongly agree","2 - Disagree","1 - Strongly disagree","7 - Strongly agree","1 - Strongly disagree","7 - Strongly agree","5 - Somewhat agree","6 - Agree","4 - Neither agree nor disagree","5 - Somewhat agree","2 - Disagree","5 - Somewhat agree","5 - Somewhat agree","7 - Strongly agree","7 - Strongly agree","7 - Strongly agree","7 - Strongly agree","7 - Strongly agree","7 - Strongly agree","7 - Strongly agree","7 - Strongly agree","7 - Strongly agree","7 - Strongly agree","7 - Strongly agree","7 - Strongly agree","7 - Strongly agree","7 - Strongly agree","6 - Agree","6 - Agree","6 - Agree","6 - Agree","6 - Agree","6 - Agree","6 - Agree","6 - Agree","6 - Agree","6 - Agree","6 - Agree","6 - Agree","6 - Agree","6 - Agree","6 - Agree","6 - Agree","6 - Agree","6 - Agree","7 - Strongly agree","3 - Somewhat disagree","5 - Somewhat agree","7 - Strongly agree","4 - Neither agree nor disagree","6 - Agree","6 - Agree","6 - Agree","6 - Agree","6 - Agree","6 - Agree","6 - Agree","6 - Agree","1 - certain","1 - certain","1 - certain","1 - certain","6 - Agree","... increased","... decreased","... decreased","... decreased","Yes","to a low degree","Had to do more work now","Easy to compile information ","Not stressful but fun","It gives more knowledge ","United Kingdom","","21-29","Master's/Diploma","","less than 2 years","Male","","Medical/Healthcare","","695.26","","","9.69","","10","79.32","3.47","","26.1","29.48","24.53","36.35","33.21","45.75","24.45","26.3","35.21","24.72","25.09","30.76","37.29","19.92","","21.1","","5.71","13.89","7.42","6.74","7.46","7.69","11.59","","18.49","12.44","16.2","14.46","","5.09","6.11","4.71","6.52","2.87","5.13"
"225","1980-01-01 00:00:00","37","en","683648454","645933fd-20b3-7e1e-296c-1a46468f0ede","I accept the outlined privacy policy","Yes","Unsure ","","","","","6 - Agree","7 - Strongly agree","7 - Strongly agree","7 - Strongly agree","7 - Strongly agree","7 - Strongly agree","","","","","","","","7 - Strongly agree","7 - Strongly agree","7 - Strongly agree","6 - Agree","7 - Strongly agree","6 - Agree","7 - Strongly agree","7 - Strongly agree","","","","","","","4 - Neither agree nor disagree","","","","","","","","","","","","","","","","","","","","","","","","","","","","","","","","","","","","","","","","","","","","","","","","","","","","","","","","... increased","... increased","... increased","... remained the same","No","","Time management ","Convenient ","Upskilling","Unsure ","United Kingdom","","40-49","Upper school-leaving certificate/GCE","","10 to 20 years","Female","","Medical/Healthcare","","247.57","","","6.78","","5.43","17.8","6.51","","5.15","13.64","3.52","3.03","23.65","4.39","11.19","3.33","3.73","3.26","6.23","4.39","3.26","7.68","","3.99","","3.98","6.72","6.17","3.91","8.47","7.75","","","9.17","8.35","13.34","7.03","","6.45","4.83","6.08","9.89","3.25","5.22"
"226","1980-01-01 00:00:00","37","en","1960621394","645933f4-ec61-1da4-9b3b-225c58fab3c5","I accept the outlined privacy policy","Yes","I T
","","5 - Somewhat agree","5 - Somewhat agree","5 - Somewhat agree","6 - Agree","6 - Agree","6 - Agree","6 - Agree","6 - Agree","6 - Agree","6 - Agree","3 - Somewhat disagree","5 - Somewhat agree","3 - Somewhat disagree","3 - Somewhat disagree","3 - Somewhat disagree","6 - Agree","6 - Agree","6 - Agree","6 - Agree","6 - Agree","6 - Agree","5 - Somewhat agree","6 - Agree","6 - Agree","6 - Agree","6 - Agree","6 - Agree","5 - Somewhat agree","6 - Agree","5 - Somewhat agree","5 - Somewhat agree","3 - Somewhat disagree","6 - Agree","5 - Somewhat agree","5 - Somewhat agree","5 - Somewhat agree","6 - Agree","6 - Agree","6 - Agree","6 - Agree","6 - Agree","6 - Agree","6 - Agree","6 - Agree","6 - Agree","6 - Agree","6 - Agree","6 - Agree","6 - Agree","6 - Agree","6 - Agree","6 - Agree","6 - Agree","6 - Agree","6 - Agree","6 - Agree","6 - Agree","6 - Agree","6 - Agree","6 - Agree","6 - Agree","6 - Agree","6 - Agree","6 - Agree","6 - Agree","6 - Agree","5 - Somewhat agree","6 - Agree","6 - Agree","3 - Somewhat disagree","5 - Somewhat agree","5 - Somewhat agree","3 - Somewhat disagree","6 - Agree","6 - Agree","6 - Agree","7 - Strongly agree","6 - Agree","6 - Agree","6 - Agree","6 - Agree","2 - likely","6 - unlikely","6 - unlikely","6 - unlikely","5 - Somewhat agree","... increased","... increased","... increased","... increased","Yes","to a very high degree","I T helps so much as you get so much help relating to the work you do.so reduces my work load a lot.","Like I said the work load is less but higher productive ","Nothing really","Less work load","United Kingdom","","30-39","Advanced technical college certificate","","5 to 10 years","Female","","Medical/Healthcare","","1061.63","","","13.43","","17.7","33.46","7.37","","26.74","37.21","22.36","31.45","42.29","32.99","54.76","24.51","49.25","42.68","82.62","62.61","38.98","50.59","","60.27","","11.08","15.15","9.89","15.64","10.25","16.42","10.35","","84.35","77.13","14.71","15.06","","7.93","8.79","9.03","11.1","4.02","9.46"
"227","1980-01-01 00:00:00","37","en","102636401","645933cb-a190-6cce-df55-6c44805e0c7f","I accept the outlined privacy policy","Yes","Yea","","7 - Strongly agree","6 - Agree","7 - Strongly agree","6 - Agree","7 - Strongly agree","5 - Somewhat agree","7 - Strongly agree","4 - Neither agree nor disagree","5 - Somewhat agree","6 - Agree","6 - Agree","4 - Neither agree nor disagree","5 - Somewhat agree","6 - Agree","4 - Neither agree nor disagree","6 - Agree","7 - Strongly agree","4 - Neither agree nor disagree","6 - Agree","6 - Agree","7 - Strongly agree","4 - Neither agree nor disagree","6 - Agree","7 - Strongly agree","7 - Strongly agree","6 - Agree","5 - Somewhat agree","3 - Somewhat disagree","7 - Strongly agree","7 - Strongly agree","5 - Somewhat agree","6 - Agree","6 - Agree","6 - Agree","6 - Agree","7 - Strongly agree","6 - Agree","3 - Somewhat disagree","7 - Strongly agree","6 - Agree","6 - Agree","7 - Strongly agree","6 - Agree","7 - Strongly agree","6 - Agree","2 - Disagree","7 - Strongly agree","5 - Somewhat agree","3 - Somewhat disagree","7 - Strongly agree","6 - Agree","4 - Neither agree nor disagree","5 - Somewhat agree","2 - Disagree","7 - Strongly agree","4 - Neither agree nor disagree","5 - Somewhat agree","6 - Agree","7 - Strongly agree","6 - Agree","7 - Strongly agree","6 - Agree","7 - Strongly agree","2 - Disagree","6 - Agree","6 - Agree","4 - Neither agree nor disagree","5 - Somewhat agree","5 - Somewhat agree","5 - Somewhat agree","5 - Somewhat agree","6 - Agree","5 - Somewhat agree","4 - Neither agree nor disagree","2 - Disagree","6 - Agree","7 - Strongly agree","5 - Somewhat agree","5 - Somewhat agree","7 - Strongly agree","4 - Neither agree nor disagree","5 - somewhat unlikely","3 - somewhat likely","3 - somewhat likely","6 - unlikely","6 - Agree","... increased","... increased","... increased","... increased","Yes","to a very high degree","Yes","Yes","Yes","Yes","United Kingdom","","21-29","Lower school-leaving certificate","","less than 2 years","Female","","","","242.08","","","6.94","","4.14","5.92","5.06","","4.88","8.77","5.52","6.6","8.62","5.47","14.99","5.38","10.1","8.81","21.64","11.47","12.44","14.68","","7.79","","3.81","5.02","3.53","2.66","2.75","3.28","3.72","","4.88","4.91","4.11","4.36","","3.68","4.67","5.84","3.79","5.08","6.77"
"228","","7","en","475797403","645933fa-1503-e412-ca1d-543ff965f31b","I accept the outlined privacy policy","Yes","N","","","","","4 - Neither agree nor disagree","4 - Neither agree nor disagree","4 - Neither agree nor disagree","4 - Neither agree nor disagree","4 - Neither agree nor disagree","4 - Neither agree nor disagree","","","","4 - Neither agree nor disagree","4 - Neither agree nor disagree","4 - Neither agree nor disagree","4 - Neither agree nor disagree","","","","","","","","","","","","","","","","","","","","","","","","","","","","","","","","","","","","","","","","","","","","","","","","","","","","","","","","","","","","","","","","","","","","","","","","","","","N/A","","","","","","","","","","","","","","","","44.62","","","8.85","","4.94","4.92","1.69","","","13.74","","10.48","","","","","","","","","","","","","","","","","","","","","","","","","","","","","","","",""
"229","1980-01-01 00:00:00","37","en","1594250528","645933e8-72f8-ed09-60f7-4a35b5e773f5","I accept the outlined privacy policy","Yes","My organisation implemented a new finance system in October 2020 called My Oracle ","","2 - Disagree","2 - Disagree","2 - Disagree","6 - Agree","5 - Somewhat agree","5 - Somewhat agree","5 - Somewhat agree","5 - Somewhat agree","5 - Somewhat agree","5 - Somewhat agree","2 - Disagree","5 - Somewhat agree","2 - Disagree","1 - Strongly disagree","1 - Strongly disagree","7 - Strongly agree","4 - Neither agree nor disagree","5 - Somewhat agree","5 - Somewhat agree","6 - Agree","5 - Somewhat agree","2 - Disagree","5 - Somewhat agree","4 - Neither agree nor disagree","6 - Agree","6 - Agree","6 - Agree","2 - Disagree","2 - Disagree","7 - Strongly agree","2 - Disagree","6 - Agree","4 - Neither agree nor disagree","4 - Neither agree nor disagree","5 - Somewhat agree","5 - Somewhat agree","6 - Agree","2 - Disagree","4 - Neither agree nor disagree","4 - Neither agree nor disagree","6 - Agree","4 - Neither agree nor disagree","4 - Neither agree nor disagree","6 - Agree","5 - Somewhat agree","5 - Somewhat agree","5 - Somewhat agree","5 - Somewhat agree","5 - Somewhat agree","4 - Neither agree nor disagree","6 - Agree","6 - Agree","6 - Agree","4 - Neither agree nor disagree","4 - Neither agree nor disagree","5 - Somewhat agree","6 - Agree","4 - Neither agree nor disagree","6 - Agree","2 - Disagree","6 - Agree","5 - Somewhat agree","5 - Somewhat agree","5 - Somewhat agree","4 - Neither agree nor disagree","5 - Somewhat agree","2 - Disagree","5 - Somewhat agree","4 - Neither agree nor disagree","2 - Disagree","2 - Disagree","2 - Disagree","2 - Disagree","5 - Somewhat agree","4 - Neither agree nor disagree","4 - Neither agree nor disagree","5 - Somewhat agree","4 - Neither agree nor disagree","4 - Neither agree nor disagree","4 - Neither agree nor disagree","4 - Neither agree nor disagree","3 - somewhat likely","5 - somewhat unlikely","3 - somewhat likely","5 - somewhat unlikely","3 - Somewhat disagree","... remained the same","... remained the same","... decreased","... remained the same","No","","Training is the key to a successful digital transformation.  All employees should be given adequate training my organisation provides training to super users and then expects that training to filter down to all . New people start and they rely on finance to provide the training , there should be a better initial training programme for the systems ","The biggest benefit of the new digital system is the forecasting and budgeting tool , this has improved that aspect of my job ","The biggest challenge is benefiting all areas of the organisation! Some areas have benefited whereas as others have lost benefits. We now have a system where we have to pay for access for each employee and this is costly as we’re local government and so some tasks have now been removed from some employees which removes our control over the time it takes to do our job. ","The biggest benefit of the system is the budgeting tool , it makes it quicker and easier by basing the budget on previous years data so the starting point saves you time. ","United Kingdom","","40-49","Vocational training","","None","Female","","Service/public service","","1325.42","","","31.12","","15.85","66.14","12.16","","15.47","36.29","22.23","21.06","37.59","39.25","35.68","46.19","56.08","34.91","68.67","42.1","37.81","55.83","","38.1","","7.94","15.45","10.24","7.59","6.12","14.61","","","188.06","77.36","155","80.47","","6.19","5.31","8.9","14.88","4.68","10.09"
"230","1980-01-01 00:00:00","37","en","1950564935","645933d0-dd53-328a-7d1e-5de4ec7d89ca","I accept the outlined privacy policy","Yes","i have experience of using Oracle AI","","5 - Somewhat agree","7 - Strongly agree","4 - Neither agree nor disagree","7 - Strongly agree","6 - Agree","6 - Agree","7 - Strongly agree","5 - Somewhat agree","5 - Somewhat agree","6 - Agree","7 - Strongly agree","7 - Strongly agree","7 - Strongly agree","2 - Disagree","3 - Somewhat disagree","7 - Strongly agree","7 - Strongly agree","6 - Agree","7 - Strongly agree","7 - Strongly agree","7 - Strongly agree","5 - Somewhat agree","5 - Somewhat agree","6 - Agree","7 - Strongly agree","7 - Strongly agree","7 - Strongly agree","3 - Somewhat disagree","4 - Neither agree nor disagree","3 - Somewhat disagree","3 - Somewhat disagree","4 - Neither agree nor disagree","4 - Neither agree nor disagree","2 - Disagree","3 - Somewhat disagree","3 - Somewhat disagree","7 - Strongly agree","6 - Agree","6 - Agree","6 - Agree","7 - Strongly agree","6 - Agree","7 - Strongly agree","6 - Agree","6 - Agree","6 - Agree","7 - Strongly agree","6 - Agree","7 - Strongly agree","7 - Strongly agree","6 - Agree","7 - Strongly agree","6 - Agree","7 - Strongly agree","6 - Agree","7 - Strongly agree","7 - Strongly agree","7 - Strongly agree","6 - Agree","6 - Agree","7 - Strongly agree","7 - Strongly agree","6 - Agree","6 - Agree","6 - Agree","6 - Agree","5 - Somewhat agree","7 - Strongly agree","7 - Strongly agree","4 - Neither agree nor disagree","5 - Somewhat agree","5 - Somewhat agree","4 - Neither agree nor disagree","6 - Agree","6 - Agree","7 - Strongly agree","6 - Agree","7 - Strongly agree","6 - Agree","7 - Strongly agree","7 - Strongly agree","1 - certain","1 - certain","1 - certain","6 - unlikely","6 - Agree","... increased","... increased","... decreased","... remained the same","Yes","to a low degree","It is purely a time issue for me. The project is very complicated and time consuming even with automation","The automation has allowed a more relaxed environment as there is less pressure","Money to be blunt it is very expensive ","The speed of change is much faster","United Kingdom","","40-49","Doctorate/PhD","","10 to 20 years","Female","","Medical/Healthcare","","662.85","","","12.19","","4.55","52.87","5.19","","16.59","22.31","10.63","16.76","26.41","25.33","23.99","33.38","21.61","24.73","63.25","30.45","19.67","31.02","","36.87","","7.65","8.46","7.98","7.86","5.9","6.9","4.94","","49.23","30.12","15.6","14.04","","4.21","4.08","4.11","5.63","4.22","4.12"
"231","1980-01-01 00:00:00","37","en","464509084","645933f6-0278-0ffc-9952-4bf014ae020c","I accept the outlined privacy policy","Yes","I was responsible for taking part in an in house project where i was tasked with optimising software solutions for the user base","","6 - Agree","6 - Agree","7 - Strongly agree","5 - Somewhat agree","3 - Somewhat disagree","5 - Somewhat agree","3 - Somewhat disagree","6 - Agree","3 - Somewhat disagree","3 - Somewhat disagree","5 - Somewhat agree","3 - Somewhat disagree","5 - Somewhat agree","4 - Neither agree nor disagree","6 - Agree","4 - Neither agree nor disagree","3 - Somewhat disagree","7 - Strongly agree","3 - Somewhat disagree","5 - Somewhat agree","5 - Somewhat agree","4 - Neither agree nor disagree","3 - Somewhat disagree","5 - Somewhat agree","5 - Somewhat agree","6 - Agree","2 - Disagree","3 - Somewhat disagree","5 - Somewhat agree","3 - Somewhat disagree","5 - Somewhat agree","3 - Somewhat disagree","4 - Neither agree nor disagree","3 - Somewhat disagree","5 - Somewhat agree","3 - Somewhat disagree","5 - Somewhat agree","2 - Disagree","3 - Somewhat disagree","","4 - Neither agree nor disagree","3 - Somewhat disagree","3 - Somewhat disagree","6 - Agree","6 - Agree","3 - Somewhat disagree","5 - Somewhat agree","3 - Somewhat disagree","5 - Somewhat agree","2 - Disagree","4 - Neither agree nor disagree","6 - Agree","4 - Neither agree nor disagree","3 - Somewhat disagree","4 - Neither agree nor disagree","6 - Agree","6 - Agree","","3 - Somewhat disagree","5 - Somewhat agree","2 - Disagree","4 - Neither agree nor disagree","3 - Somewhat disagree","2 - Disagree","3 - Somewhat disagree","7 - Strongly agree","4 - Neither agree nor disagree","3 - Somewhat disagree","2 - Disagree","6 - Agree","4 - Neither agree nor disagree","5 - Somewhat agree","4 - Neither agree nor disagree","","3 - Somewhat disagree","3 - Somewhat disagree","5 - Somewhat agree","","","3 - Somewhat disagree","","6 - unlikely","4 - fifty-fifty","5 - somewhat unlikely","5 - somewhat unlikely","3 - Somewhat disagree","... remained the same","... increased","... remained the same","... increased","No","","The challenge is to make the front facing product as user friendly as possible","It has helped bring in new front end talent experience","the older generation","it ushers in a new age of abundence","United Kingdom","","30-39","Upper school-leaving certificate/GCE","","less than 2 years","Male","","Service/public service","","435.74","","","8.07","","6.35","70.98","2.51","","9.63","10.46","7.08","9.36","12.33","9.3","17.84","7.62","13.44","10.53","18.52","15.36","7.58","10.51","","7.07","","6.14","5.8","5.77","5.2","3.89","4.64","","","40.28","28.58","22.81","15.08","","4.7","6.09","6.37","12.31","5.3","8.24"
"232","1980-01-01 00:00:00","37","en","289046757","645933f3-472a-6480-e1d5-fd9bd1b1340a","I accept the outlined privacy policy","Yes","I had a group project working on virtual reality interfaces ","","6 - Agree","6 - Agree","7 - Strongly agree","7 - Strongly agree","6 - Agree","6 - Agree","7 - Strongly agree","5 - Somewhat agree","7 - Strongly agree","2 - Disagree","1 - Strongly disagree","2 - Disagree","4 - Neither agree nor disagree","1 - Strongly disagree","4 - Neither agree nor disagree","6 - Agree","5 - Somewhat agree","6 - Agree","6 - Agree","7 - Strongly agree","7 - Strongly agree","6 - Agree","7 - Strongly agree","6 - Agree","7 - Strongly agree","5 - Somewhat agree","7 - Strongly agree","1 - Strongly disagree","7 - Strongly agree","6 - Agree","7 - Strongly agree","5 - Somewhat agree","7 - Strongly agree","4 - Neither agree nor disagree","5 - Somewhat agree","5 - Somewhat agree","5 - Somewhat agree","6 - Agree","4 - Neither agree nor disagree","7 - Strongly agree","6 - Agree","6 - Agree","6 - Agree","6 - Agree","6 - Agree","6 - Agree","7 - Strongly agree","5 - Somewhat agree","5 - Somewhat agree","6 - Agree","6 - Agree","7 - Strongly agree","5 - Somewhat agree","5 - Somewhat agree","6 - Agree","5 - Somewhat agree","7 - Strongly agree","7 - Strongly agree","6 - Agree","6 - Agree","7 - Strongly agree","6 - Agree","7 - Strongly agree","5 - Somewhat agree","6 - Agree","6 - Agree","7 - Strongly agree","7 - Strongly agree","6 - Agree","6 - Agree","6 - Agree","7 - Strongly agree","5 - Somewhat agree","6 - Agree","7 - Strongly agree","6 - Agree","5 - Somewhat agree","6 - Agree","6 - Agree","7 - Strongly agree","7 - Strongly agree","1 - certain","7 - impossible","2 - likely","1 - certain","6 - Agree","... increased","... increased","... decreased","... decreased","Yes","to a high degree","Getting staff trained up in time for the swap over was a bit of a challenge ","We have created a better work life for a lot of employees ","Keeping everything up to date and using the latest our software has to offer","Work turnover and accounting for time management ","United Kingdom","","30-39","Advanced technical college certificate","","5 to 10 years","Male","","Production","","600.32","","","6.39","","20.61","32.32","18.39","","16.24","26.57","10.11","22.58","17.93","19.2","11.06","43.14","18.81","16.31","17.4","23.26","13.56","45.07","","30.27","","7.72","8.35","7.5","12.78","7.13","6.91","6.96","","30.12","17.72","28.45","26.32","","5.36","4.38","6.11","4.04","3.72","7.53"
"233","","37","en","65242818","645933d1-e874-0359-d261-737470089e82","I accept the outlined privacy policy","No","","","","","","","","","","","","","","","","","","","","","","","","","","","","","","","","","","","","","","","","","","","","","","","","","","","","","","","","","","","","","","","","","","","","","","","","","","","","","","","","","","","","","","","","","","","","","N/A","","","","","","","","","","","","","","","","19.89","","","8.38","","11.51","","","","","","","","","","","","","","","","","","","","","","","","","","","","","","","","","","","","","","",""
"234","","37","en","1001095448","64593401-2dea-d424-a1ac-67a6efdc5584","I accept the outlined privacy policy","No","","","","","","","","","","","","","","","","","","","","","","","","","","","","","","","","","","","","","","","","","","","","","","","","","","","","","","","","","","","","","","","","","","","","","","","","","","","","","","","","","","","","","","","","","","","","","N/A","","","","","","","","","","","","","","","","31.43","","","25.79","","5.64","","","","","","","","","","","","","","","","","","","","","","","","","","","","","","","","","","","","","","",""
"235","1980-01-01 00:00:00","37","en","1174637848","645933f7-1dcc-84bf-c505-42972a550899","I accept the outlined privacy policy","Yes","New booking programme ","","4 - Neither agree nor disagree","4 - Neither agree nor disagree","3 - Somewhat disagree","6 - Agree","6 - Agree","6 - Agree","6 - Agree","5 - Somewhat agree","3 - Somewhat disagree","6 - Agree","6 - Agree","6 - Agree","1 - Strongly disagree","1 - Strongly disagree","2 - Disagree","6 - Agree","6 - Agree","7 - Strongly agree","6 - Agree","6 - Agree","6 - Agree","5 - Somewhat agree","5 - Somewhat agree","6 - Agree","6 - Agree","","7 - Strongly agree","2 - Disagree","5 - Somewhat agree","5 - Somewhat agree","2 - Disagree","7 - Strongly agree","2 - Disagree","2 - Disagree","2 - Disagree","2 - Disagree","6 - Agree","6 - Agree","6 - Agree","6 - Agree","6 - Agree","6 - Agree","4 - Neither agree nor disagree","4 - Neither agree nor disagree","6 - Agree","3 - Somewhat disagree","5 - Somewhat agree","6 - Agree","5 - Somewhat agree","5 - Somewhat agree","6 - Agree","6 - Agree","5 - Somewhat agree","6 - Agree","6 - Agree","6 - Agree","6 - Agree","6 - Agree","6 - Agree","6 - Agree","6 - Agree","6 - Agree","6 - Agree","6 - Agree","5 - Somewhat agree","7 - Strongly agree","6 - Agree","4 - Neither agree nor disagree","5 - Somewhat agree","3 - Somewhat disagree","6 - Agree","5 - Somewhat agree","3 - Somewhat disagree","6 - Agree","5 - Somewhat agree","5 - Somewhat agree","6 - Agree","6 - Agree","6 - Agree","5 - Somewhat agree","6 - Agree","1 - certain","5 - somewhat unlikely","2 - likely","2 - likely","5 - Somewhat agree","... increased","... increased","... remained the same","... increased","N/A","","Increased work load ","Speed and efficiency ","Reliance on tech for everything ","Increased efficiency ","United Kingdom","","21-29","Master's/Diploma","","None","Male","","Service/public service","","1820.88","","","15.4","","9.76","13.4","8.16","","174.2","103.97","79.23","15.38","27.97","22.22","20.44","19.38","347.95","104.82","284.26","47.97","147.92","93.07","","38.4","","8.7","23.93","6.43","5.58","7.37","5.76","","","20.45","9.3","16.69","73.46","","5.83","5.06","5.77","36.77","3.82","12.06"
"236","1980-01-01 00:00:00","37","en","240094013","645933fc-fced-c2e5-7ffc-f00e6558ae32","I accept the outlined privacy policy","Yes","Using the NHS covid 19 tracking app ","","3 - Somewhat disagree","3 - Somewhat disagree","3 - Somewhat disagree","5 - Somewhat agree","5 - Somewhat agree","5 - Somewhat agree","5 - Somewhat agree","5 - Somewhat agree","5 - Somewhat agree","4 - Neither agree nor disagree","4 - Neither agree nor disagree","4 - Neither agree nor disagree","5 - Somewhat agree","5 - Somewhat agree","5 - Somewhat agree","3 - Somewhat disagree","4 - Neither agree nor disagree","4 - Neither agree nor disagree","4 - Neither agree nor disagree","4 - Neither agree nor disagree","4 - Neither agree nor disagree","4 - Neither agree nor disagree","4 - Neither agree nor disagree","4 - Neither agree nor disagree","4 - Neither agree nor disagree","4 - Neither agree nor disagree","4 - Neither agree nor disagree","4 - Neither agree nor disagree","4 - Neither agree nor disagree","4 - Neither agree nor disagree","4 - Neither agree nor disagree","4 - Neither agree nor disagree","3 - Somewhat disagree","3 - Somewhat disagree","3 - Somewhat disagree","3 - Somewhat disagree","6 - Agree","5 - Somewhat agree","6 - Agree","5 - Somewhat agree","5 - Somewhat agree","5 - Somewhat agree","5 - Somewhat agree","5 - Somewhat agree","4 - Neither agree nor disagree","3 - Somewhat disagree","4 - Neither agree nor disagree","3 - Somewhat disagree","4 - Neither agree nor disagree","4 - Neither agree nor disagree","4 - Neither agree nor disagree","4 - Neither agree nor disagree","4 - Neither agree nor disagree","4 - Neither agree nor disagree","4 - Neither agree nor disagree","4 - Neither agree nor disagree","4 - Neither agree nor disagree","4 - Neither agree nor disagree","4 - Neither agree nor disagree","4 - Neither agree nor disagree","4 - Neither agree nor disagree","4 - Neither agree nor disagree","4 - Neither agree nor disagree","5 - Somewhat agree","4 - Neither agree nor disagree","5 - Somewhat agree","4 - Neither agree nor disagree","4 - Neither agree nor disagree","4 - Neither agree nor disagree","3 - Somewhat disagree","3 - Somewhat disagree","3 - Somewhat disagree","3 - Somewhat disagree","4 - Neither agree nor disagree","4 - Neither agree nor disagree","4 - Neither agree nor disagree","4 - Neither agree nor disagree","4 - Neither agree nor disagree","4 - Neither agree nor disagree","4 - Neither agree nor disagree","4 - Neither agree nor disagree","4 - fifty-fifty","4 - fifty-fifty","4 - fifty-fifty","4 - fifty-fifty","3 - Somewhat disagree","... remained the same","... remained the same","... remained the same","... remained the same","No","","","","","","United Kingdom","","21-29","Bachelor's/Prediploma","","less than 2 years","Female","","Service/public service","","464.37","","","13.95","","10.66","26.9","4.66","","13.83","20.49","10.32","14.01","16.15","12.9","11.31","14.67","36.38","20.43","26.08","30.15","17.47","23.16","","41.6","","6.5","10.26","5.37","5.5","5.61","6.9","","","10.15","3.42","2.82","3.16","","4.04","4.56","8.56","10.8","4.08","7.52"
"237","","37","en","499822850","645933fd-6a0d-3521-320d-39e71f07ecee","I accept the outlined privacy policy","No","","","","","","","","","","","","","","","","","","","","","","","","","","","","","","","","","","","","","","","","","","","","","","","","","","","","","","","","","","","","","","","","","","","","","","","","","","","","","","","","","","","","","","","","","","","","","N/A","","","","","","","","","","","","","","","","54.39","","","42.21","","12.18","","","","","","","","","","","","","","","","","","","","","","","","","","","","","","","","","","","","","","",""
"238","1980-01-01 00:00:00","37","en","226706816","64593401-b40f-6a71-97b7-71de13ce3aef","I accept the outlined privacy policy","Yes","I can't remember the name of the products ","","5 - Somewhat agree","5 - Somewhat agree","5 - Somewhat agree","7 - Strongly agree","6 - Agree","6 - Agree","7 - Strongly agree","6 - Agree","7 - Strongly agree","7 - Strongly agree","6 - Agree","7 - Strongly agree","3 - Somewhat disagree","4 - Neither agree nor disagree","5 - Somewhat agree","4 - Neither agree nor disagree","5 - Somewhat agree","7 - Strongly agree","6 - Agree","7 - Strongly agree","6 - Agree","7 - Strongly agree","7 - Strongly agree","7 - Strongly agree","6 - Agree","6 - Agree","7 - Strongly agree","7 - Strongly agree","6 - Agree","6 - Agree","7 - Strongly agree","7 - Strongly agree","3 - Somewhat disagree","6 - Agree","6 - Agree","7 - Strongly agree","7 - Strongly agree","7 - Strongly agree","5 - Somewhat agree","6 - Agree","7 - Strongly agree","6 - Agree","7 - Strongly agree","6 - Agree","7 - Strongly agree","7 - Strongly agree","7 - Strongly agree","7 - Strongly agree","7 - Strongly agree","7 - Strongly agree","6 - Agree","7 - Strongly agree","7 - Strongly agree","6 - Agree","6 - Agree","5 - Somewhat agree","7 - Strongly agree","7 - Strongly agree","7 - Strongly agree","6 - Agree","6 - Agree","6 - Agree","6 - Agree","7 - Strongly agree","7 - Strongly agree","7 - Strongly agree","7 - Strongly agree","6 - Agree","6 - Agree","5 - Somewhat agree","4 - Neither agree nor disagree","3 - Somewhat disagree","3 - Somewhat disagree","6 - Agree","6 - Agree","7 - Strongly agree","7 - Strongly agree","6 - Agree","7 - Strongly agree","7 - Strongly agree","7 - Strongly agree","2 - likely","2 - likely","1 - certain","2 - likely","7 - Strongly agree","... remained the same","... decreased","... decreased","... decreased","No","","I wouldn't say I have came across any challenges as of yet ","Makes life easier and more manageable and it's safe and more trusted. ","Just not knowing what your doing.","The challenges that we used to face are no more. ","United Kingdom","","40-49","Vocational training","","","Female","","Service/public service","","400","","","6.53","","6.96","18.25","2.84","","10.26","11.74","9.07","17.05","13.77","10.73","8.89","10.13","13.11","11.21","18.31","14.91","19.87","14.5","","17.33","","11.27","5.12","7.26","6.54","3.55","7.19","","","33.76","29.66","12.8","16.13","","3.85","4.27","3.96","7.87","4.35","6.96"
"239","1980-01-01 00:00:00","37","en","278632818","645933fb-e871-8568-a860-145341675561","I accept the outlined privacy policy","Yes","I have been working with my team over the last 6 months to implement AI powered tools and software into our ways of working, including software such as FireFlies to Chat GBT","","6 - Agree","5 - Somewhat agree","7 - Strongly agree","6 - Agree","5 - Somewhat agree","6 - Agree","6 - Agree","6 - Agree","6 - Agree","6 - Agree","6 - Agree","6 - Agree","2 - Disagree","6 - Agree","6 - Agree","7 - Strongly agree","7 - Strongly agree","7 - Strongly agree","7 - Strongly agree","7 - Strongly agree","7 - Strongly agree","6 - Agree","7 - Strongly agree","7 - Strongly agree","7 - Strongly agree","7 - Strongly agree","7 - Strongly agree","6 - Agree","5 - Somewhat agree","5 - Somewhat agree","5 - Somewhat agree","5 - Somewhat agree","2 - Disagree","2 - Disagree","2 - Disagree","2 - Disagree","7 - Strongly agree","7 - Strongly agree","7 - Strongly agree","6 - Agree","7 - Strongly agree","7 - Strongly agree","7 - Strongly agree","7 - Strongly agree","5 - Somewhat agree","6 - Agree","7 - Strongly agree","6 - Agree","6 - Agree","6 - Agree","7 - Strongly agree","7 - Strongly agree","7 - Strongly agree","6 - Agree","7 - Strongly agree","7 - Strongly agree","7 - Strongly agree","7 - Strongly agree","7 - Strongly agree","6 - Agree","7 - Strongly agree","7 - Strongly agree","7 - Strongly agree","7 - Strongly agree","7 - Strongly agree","7 - Strongly agree","7 - Strongly agree","7 - Strongly agree","7 - Strongly agree","6 - Agree","6 - Agree","6 - Agree","6 - Agree","7 - Strongly agree","7 - Strongly agree","7 - Strongly agree","7 - Strongly agree","6 - Agree","7 - Strongly agree","7 - Strongly agree","7 - Strongly agree","1 - certain","6 - unlikely","1 - certain","6 - unlikely","6 - Agree","... increased","... decreased","... decreased","... decreased","No","","Onboarding all team members onto a new system with little disruption. A lot of people in my company are older and dont have the tech skills ","Steamlining work, cutting down on workloads","How secure it is and whether it could put people out of jobs","Increased productivity","United Kingdom","","21-29","Bachelor's/Prediploma","","2 to 5 years","Female","","Medical/Healthcare","","1105.02","","","600.14","","11.03","49.7","3.49","","45.51","14.08","8.6","15.14","25.27","10.55","15.29","9.15","12.08","11.03","21.81","20.22","7.93","13.59","","17.13","","4.38","6.73","7.68","44.49","6.16","5.22","","","39.79","18.95","18.14","8.95","","5.08","4.3","4.91","9.09","3.32","6.09"
"240","","37","en","892788245","645933f9-6881-1fda-1663-bc957584f0e2","I accept the outlined privacy policy","No","","","","","","","","","","","","","","","","","","","","","","","","","","","","","","","","","","","","","","","","","","","","","","","","","","","","","","","","","","","","","","","","","","","","","","","","","","","","","","","","","","","","","","","","","","","","","N/A","","","","","","","","","","","","","","","","28.35","","","20.83","","7.52","","","","","","","","","","","","","","","","","","","","","","","","","","","","","","","","","","","","","","",""
"241","1980-01-01 00:00:00","37","en","118271500","645933fa-4171-cb21-3d39-0a5a632e99e2","I accept the outlined privacy policy","Yes","Microsoft. Online payslip and hr portals","","5 - Somewhat agree","5 - Somewhat agree","7 - Strongly agree","6 - Agree","5 - Somewhat agree","6 - Agree","6 - Agree","7 - Strongly agree","6 - Agree","5 - Somewhat agree","6 - Agree","7 - Strongly agree","3 - Somewhat disagree","2 - Disagree","3 - Somewhat disagree","7 - Strongly agree","3 - Somewhat disagree","5 - Somewhat agree","6 - Agree","6 - Agree","6 - Agree","3 - Somewhat disagree","6 - Agree","7 - Strongly agree","5 - Somewhat agree","7 - Strongly agree","6 - Agree","6 - Agree","6 - Agree","6 - Agree","5 - Somewhat agree","2 - Disagree","6 - Agree","7 - Strongly agree","4 - Neither agree nor disagree","6 - Agree","7 - Strongly agree","6 - Agree","5 - Somewhat agree","6 - Agree","7 - Strongly agree","5 - Somewhat agree","6 - Agree","6 - Agree","5 - Somewhat agree","7 - Strongly agree","7 - Strongly agree","6 - Agree","5 - Somewhat agree","6 - Agree","6 - Agree","6 - Agree","6 - Agree","6 - Agree","6 - Agree","7 - Strongly agree","5 - Somewhat agree","5 - Somewhat agree","5 - Somewhat agree","5 - Somewhat agree","4 - Neither agree nor disagree","6 - Agree","5 - Somewhat agree","6 - Agree","6 - Agree","6 - Agree","5 - Somewhat agree","5 - Somewhat agree","5 - Somewhat agree","7 - Strongly agree","5 - Somewhat agree","6 - Agree","6 - Agree","6 - Agree","7 - Strongly agree","4 - Neither agree nor disagree","6 - Agree","6 - Agree","6 - Agree","6 - Agree","6 - Agree","2 - likely","1 - certain","4 - fifty-fifty","2 - likely","6 - Agree","... remained the same","... increased","... remained the same","... increased","No","","We are always growing in clients but not staff","Making things more seamless","Cyber security threats","Making things easier and clear","United Kingdom","","30-39","Intermediate school-leaving certificate","","2 to 5 years","Male","","Medical/Healthcare","","384.71","","","8.54","","3.92","27.16","3.83","","8.01","12.65","8.09","14.9","18.45","12.11","9.29","13.88","13.16","27.6","15.27","10.94","11.6","12.32","","17.46","","6.14","8.36","5.44","4.2","5.59","5.68","","","20.45","18.3","13.52","12.38","","4.18","4.29","4.87","14.6","3.03","4.5"
"242","1980-01-01 00:00:00","37","en","1373316992","645933ff-0a9f-859c-753f-a653d098b728","I accept the outlined privacy policy","Yes","The first time you have a chance at the top is the second one you get a free pet for items and I have the second pet and the first Ito is the I I I I and the third pet ","","7 - Strongly agree","7 - Strongly agree","7 - Strongly agree","7 - Strongly agree","7 - Strongly agree","7 - Strongly agree","7 - Strongly agree","7 - Strongly agree","7 - Strongly agree","7 - Strongly agree","5 - Somewhat agree","6 - Agree","7 - Strongly agree","6 - Agree","7 - Strongly agree","7 - Strongly agree","6 - Agree","7 - Strongly agree","6 - Agree","7 - Strongly agree","6 - Agree","7 - Strongly agree","7 - Strongly agree","6 - Agree","6 - Agree","7 - Strongly agree","6 - Agree","6 - Agree","7 - Strongly agree","7 - Strongly agree","6 - Agree","7 - Strongly agree","7 - Strongly agree","7 - Strongly agree","7 - Strongly agree","7 - Strongly agree","7 - Strongly agree","7 - Strongly agree","5 - Somewhat agree","6 - Agree","7 - Strongly agree","7 - Strongly agree","7 - Strongly agree","6 - Agree","7 - Strongly agree","6 - Agree","7 - Strongly agree","7 - Strongly agree","6 - Agree","7 - Strongly agree","7 - Strongly agree","7 - Strongly agree","7 - Strongly agree","6 - Agree","7 - Strongly agree","7 - Strongly agree","4 - Neither agree nor disagree","7 - Strongly agree","7 - Strongly agree","7 - Strongly agree","6 - Agree","6 - Agree","7 - Strongly agree","7 - Strongly agree","7 - Strongly agree","6 - Agree","7 - Strongly agree","6 - Agree","7 - Strongly agree","7 - Strongly agree","7 - Strongly agree","7 - Strongly agree","6 - Agree","7 - Strongly agree","6 - Agree","7 - Strongly agree","7 - Strongly agree","7 - Strongly agree","6 - Agree","5 - Somewhat agree","7 - Strongly agree","4 - fifty-fifty","5 - somewhat unlikely","4 - fifty-fifty","4 - fifty-fifty","7 - Strongly agree","... increased","... increased","... increased","... remained the same","Yes","to a very high degree","The first time you have a problem is if you’re ","The first time you have a chance at ","The first time you have a problem is if you’re going through something and you’re trying something and you’re going to get a ","The first time you have a chance at the first game is in a month and you ","United Kingdom","","30-39","Master's/Diploma","","less than 2 years","Male","","Service/public service","","478.16","","","6.11","","4.92","20.58","3.41","","7.92","13.65","15.43","10.23","19.07","9.36","8.86","10.42","19.79","13.51","25.48","81.15","9.54","18.63","","29.93","","7.71","39.85","5.3","3.07","3.36","9.39","3.23","","6.78","7.41","9.2","8","","5.06","5.55","11.46","8.32","4.55","11.93"
"243","","37","en","220179926","64593403-cb2d-9d78-6862-e357baa7c41d","I accept the outlined privacy policy","No","","","","","","","","","","","","","","","","","","","","","","","","","","","","","","","","","","","","","","","","","","","","","","","","","","","","","","","","","","","","","","","","","","","","","","","","","","","","","","","","","","","","","","","","","","","","","N/A","","","","","","","","","","","","","","","","17.22","","","7.64","","9.58","","","","","","","","","","","","","","","","","","","","","","","","","","","","","","","","","","","","","","",""
"244","","37","en","1164811332","645933eb-4eeb-0aff-feee-04f269482ab6","I accept the outlined privacy policy","No","","","","","","","","","","","","","","","","","","","","","","","","","","","","","","","","","","","","","","","","","","","","","","","","","","","","","","","","","","","","","","","","","","","","","","","","","","","","","","","","","","","","","","","","","","","","","N/A","","","","","","","","","","","","","","","","13.72","","","8.42","","5.3","","","","","","","","","","","","","","","","","","","","","","","","","","","","","","","","","","","","","","",""
"245","","37","en","1346448055","64593402-74ae-2973-bf99-fe586cb6f9cf","I accept the outlined privacy policy","No","","","","","","","","","","","","","","","","","","","","","","","","","","","","","","","","","","","","","","","","","","","","","","","","","","","","","","","","","","","","","","","","","","","","","","","","","","","","","","","","","","","","","","","","","","","","","N/A","","","","","","","","","","","","","","","","17.7","","","12.99","","4.71","","","","","","","","","","","","","","","","","","","","","","","","","","","","","","","","","","","","","","",""
"246","","37","en","357009822","645933f9-ddc5-5896-f3c1-a8ebd9301d02","I accept the outlined privacy policy","No","","","","","","","","","","","","","","","","","","","","","","","","","","","","","","","","","","","","","","","","","","","","","","","","","","","","","","","","","","","","","","","","","","","","","","","","","","","","","","","","","","","","","","","","","","","","","N/A","","","","","","","","","","","","","","","","22.21","","","16.69","","5.52","","","","","","","","","","","","","","","","","","","","","","","","","","","","","","","","","","","","","","",""
"247","","37","en","198196196","645933ed-7e21-b7ef-c69d-577775dd7334","I accept the outlined privacy policy","No","","","","","","","","","","","","","","","","","","","","","","","","","","","","","","","","","","","","","","","","","","","","","","","","","","","","","","","","","","","","","","","","","","","","","","","","","","","","","","","","","","","","","","","","","","","","","N/A","","","","","","","","","","","","","","","","19.67","","","9.74","","9.93","","","","","","","","","","","","","","","","","","","","","","","","","","","","","","","","","","","","","","",""
"248","","3","en","1522832552","645933d5-5497-97f1-bb7d-e3d51e2534c5","I accept the outlined privacy policy","Yes","","","","","","","","","","","","","","","","","","","","","","","","","","","","","","","","","","","","","","","","","","","","","","","","","","","","","","","","","","","","","","","","","","","","","","","","","","","","","","","","","","","","","","","","","","","","","N/A","","","","","","","","","","","","","","","","32.64","","","14.8","","17.84","","","","","","","","","","","","","","","","","","","","","","","","","","","","","","","","","","","","","","",""
"249","","11","en","807803252","64593405-ae51-2436-927c-fdba5cb1a1b2","I accept the outlined privacy policy","Yes","We were provided a new and updated computer software to take customer details and manage accounts with. ","","","","","6 - Agree","7 - Strongly agree","7 - Strongly agree","6 - Agree","5 - Somewhat agree","6 - Agree","5 - Somewhat agree","6 - Agree","7 - Strongly agree","","","","","5 - Somewhat agree","6 - Agree","6 - Agree","6 - Agree","6 - Agree","2 - Disagree","5 - Somewhat agree","6 - Agree","5 - Somewhat agree","6 - Agree","6 - Agree","3 - Somewhat disagree","6 - Agree","5 - Somewhat agree","5 - Somewhat agree","7 - Strongly agree","","","","","","","","","","","","","6 - Agree","6 - Agree","7 - Strongly agree","5 - Somewhat agree","5 - Somewhat agree","6 - Agree","","","","","","","","","","","","","","","","","","","","","","","","","","","","","","","","","","","","","","","","","N/A","","","","","","","","","","","","","","","","298.88","","","18.03","","25.07","54.8","5.42","","","22.05","23.07","","50.16","20.18","52.1","","","28","","","","","","","","","","","","","","","","","","","","","","","","","",""
"250","1980-01-01 00:00:00","37","en","198312958","64593400-d174-499e-dee0-4cbc591701a9","I accept the outlined privacy policy","Yes","Using articulate 360 to design pharmaceutical training ","","1 - Strongly disagree","1 - Strongly disagree","1 - Strongly disagree","7 - Strongly agree","7 - Strongly agree","7 - Strongly agree","6 - Agree","5 - Somewhat agree","6 - Agree","6 - Agree","5 - Somewhat agree","7 - Strongly agree","2 - Disagree","1 - Strongly disagree","2 - Disagree","6 - Agree","7 - Strongly agree","7 - Strongly agree","7 - Strongly agree","7 - Strongly agree","7 - Strongly agree","4 - Neither agree nor disagree","7 - Strongly agree","7 - Strongly agree","7 - Strongly agree","7 - Strongly agree","7 - Strongly agree","2 - Disagree","6 - Agree","5 - Somewhat agree","2 - Disagree","6 - Agree","2 - Disagree","1 - Strongly disagree","2 - Disagree","2 - Disagree","6 - Agree","6 - Agree","3 - Somewhat disagree","5 - Somewhat agree","6 - Agree","6 - Agree","5 - Somewhat agree","6 - Agree","6 - Agree","6 - Agree","7 - Strongly agree","7 - Strongly agree","","6 - Agree","7 - Strongly agree","6 - Agree","7 - Strongly agree","7 - Strongly agree","7 - Strongly agree","7 - Strongly agree","7 - Strongly agree","7 - Strongly agree","7 - Strongly agree","7 - Strongly agree","7 - Strongly agree","","","","","","","","","3 - Somewhat disagree","7 - Strongly agree","6 - Agree","5 - Somewhat agree","7 - Strongly agree","7 - Strongly agree","7 - Strongly agree","7 - Strongly agree","6 - Agree","7 - Strongly agree","5 - Somewhat agree","7 - Strongly agree","1 - certain","7 - impossible","1 - certain","7 - impossible","7 - Strongly agree","... increased","... increased","... increased","... increased","No","","People using the system consistently and having a common understanding of its capabilities ","Streamlining design and quality control procedures. Easier line management ","People’s reluctance for new technologies and ideas, liking to do things the way they have always been done ","Easier collaboration and workload/idea sharing ","United Kingdom","","40-49","Master's/Diploma","","5 to 10 years","Female","","Medical/Healthcare","","703.98","","","7.01","","18.26","31.11","5.95","","13.99","26.32","12.28","18.69","21.7","22.45","19.4","19.95","50.07","41.77","41.92","6.87","25.59","47.28","","24.34","","25.11","8.57","8.85","11.36","7.48","6.86","","","36.64","32.83","42.82","28.8","","4.94","5.58","6.6","11.56","4.17","6.86"
"251","","2","en","487369291","645933d5-a0b1-503a-96c1-cc228b491ef4","I accept the outlined privacy policy","N/A","","","","","","","","","","","","","","","","","","","","","","","","","","","","","","","","","","","","","","","","","","","","","","","","","","","","","","","","","","","","","","","","","","","","","","","","","","","","","","","","","","","","","","","","","","","","","N/A","","","","","","","","","","","","","","","","32.23","","","32.23","","","","","","","","","","","","","","","","","","","","","","","","","","","","","","","","","","","","","","","","",""
"252","1980-01-01 00:00:00","37","en","9835325","645933e8-8b27-22c9-7b87-edd1b0902c77","I accept the outlined privacy policy","Yes","Microsoft ","","5 - Somewhat agree","3 - Somewhat disagree","3 - Somewhat disagree","4 - Neither agree nor disagree","5 - Somewhat agree","4 - Neither agree nor disagree","6 - Agree","5 - Somewhat agree","5 - Somewhat agree","5 - Somewhat agree","5 - Somewhat agree","6 - Agree","6 - Agree","6 - Agree","6 - Agree","5 - Somewhat agree","4 - Neither agree nor disagree","5 - Somewhat agree","6 - Agree","6 - Agree","5 - Somewhat agree","5 - Somewhat agree","6 - Agree","4 - Neither agree nor disagree","5 - Somewhat agree","5 - Somewhat agree","6 - Agree","3 - Somewhat disagree","5 - Somewhat agree","4 - Neither agree nor disagree","5 - Somewhat agree","5 - Somewhat agree","6 - Agree","6 - Agree","5 - Somewhat agree","2 - Disagree","6 - Agree","6 - Agree","4 - Neither agree nor disagree","6 - Agree","5 - Somewhat agree","6 - Agree","6 - Agree","6 - Agree","","4 - Neither agree nor disagree","7 - Strongly agree","3 - Somewhat disagree","4 - Neither agree nor disagree","6 - Agree","5 - Somewhat agree","6 - Agree","4 - Neither agree nor disagree","6 - Agree","6 - Agree","5 - Somewhat agree","5 - Somewhat agree","7 - Strongly agree","6 - Agree","5 - Somewhat agree","6 - Agree","6 - Agree","6 - Agree","5 - Somewhat agree","5 - Somewhat agree","6 - Agree","4 - Neither agree nor disagree","4 - Neither agree nor disagree","5 - Somewhat agree","5 - Somewhat agree","6 - Agree","6 - Agree","6 - Agree","5 - Somewhat agree","6 - Agree","5 - Somewhat agree","5 - Somewhat agree","6 - Agree","3 - Somewhat disagree","6 - Agree","6 - Agree","6 - unlikely","6 - unlikely","6 - unlikely","2 - likely","5 - Somewhat agree","... remained the same","... remained the same","... remained the same","... remained the same","Yes","to a high degree","People ","More efficiency","Cost","Efficiency ","United Kingdom","","50-59","Bachelor's/Prediploma","","2 to 5 years","Male","","Service/public service","","890.21","","","243.41","","3.96","19.38","176.95","","14.04","11.25","7.6","7.58","14.04","7.87","9.69","16.3","32.12","44.64","16.29","16.36","8.98","16.47","","17.26","","3.21","4.22","2.62","3.25","2.68","3.34","3.23","","40.02","47.81","33.52","29.3","","4.88","5.06","7.27","6.71","4.34","4.56"
"253","1980-01-01 00:00:00","37","en","1174204190","645933ec-977b-3603-0927-e04dff438d3e","I accept the outlined privacy policy","Yes","Virtual reality ","","6 - Agree","6 - Agree","5 - Somewhat agree","6 - Agree","7 - Strongly agree","7 - Strongly agree","6 - Agree","6 - Agree","4 - Neither agree nor disagree","5 - Somewhat agree","7 - Strongly agree","6 - Agree","6 - Agree","7 - Strongly agree","7 - Strongly agree","7 - Strongly agree","7 - Strongly agree","7 - Strongly agree","6 - Agree","7 - Strongly agree","6 - Agree","7 - Strongly agree","6 - Agree","4 - Neither agree nor disagree","7 - Strongly agree","6 - Agree","4 - Neither agree nor disagree","6 - Agree","6 - Agree","6 - Agree","6 - Agree","6 - Agree","6 - Agree","7 - Strongly agree","7 - Strongly agree","6 - Agree","6 - Agree","7 - Strongly agree","6 - Agree","7 - Strongly agree","6 - Agree","7 - Strongly agree","6 - Agree","6 - Agree","6 - Agree","6 - Agree","5 - Somewhat agree","5 - Somewhat agree","7 - Strongly agree","6 - Agree","6 - Agree","7 - Strongly agree","6 - Agree","6 - Agree","7 - Strongly agree","7 - Strongly agree","7 - Strongly agree","7 - Strongly agree","6 - Agree","6 - Agree","7 - Strongly agree","7 - Strongly agree","7 - Strongly agree","5 - Somewhat agree","7 - Strongly agree","4 - Neither agree nor disagree","4 - Neither agree nor disagree","6 - Agree","7 - Strongly agree","5 - Somewhat agree","4 - Neither agree nor disagree","6 - Agree","6 - Agree","7 - Strongly agree","6 - Agree","5 - Somewhat agree","6 - Agree","6 - Agree","7 - Strongly agree","7 - Strongly agree","6 - Agree","2 - likely","4 - fifty-fifty","3 - somewhat likely","5 - somewhat unlikely","5 - Somewhat agree","... increased","... remained the same","... decreased","... decreased","Yes","to a high degree","Learning to use it ","Less workload ","Learning how to use it correctly ","Less workload ","United Kingdom","","21-29","Master's/Diploma","","2 to 5 years","Female","","Medical/Healthcare","","1313.25","","","7.12","","6.66","1069.6","3.02","","6.29","9.09","4.86","7.47","14.1","6.87","6.49","8.18","10.56","8.39","14.41","11.07","7.98","9.93","","10.85","","4.1","3.24","3.21","5.33","3.31","4.31","2.61","","12.87","7.02","10.85","6.39","","3.8","4.11","5.3","4.74","3.79","5.33"
"254","1980-01-01 00:00:00","37","en","1575254405","645933ee-d6da-b35c-412f-b88680649872","I accept the outlined privacy policy","Yes","I participated in a project software in the last couple of years which was extremely beneficial. ","","1 - Strongly disagree","4 - Neither agree nor disagree","7 - Strongly agree","6 - Agree","7 - Strongly agree","5 - Somewhat agree","6 - Agree","2 - Disagree","5 - Somewhat agree","7 - Strongly agree","7 - Strongly agree","6 - Agree","6 - Agree","5 - Somewhat agree","4 - Neither agree nor disagree","7 - Strongly agree","5 - Somewhat agree","5 - Somewhat agree","5 - Somewhat agree","2 - Disagree","7 - Strongly agree","5 - Somewhat agree","7 - Strongly agree","3 - Somewhat disagree","6 - Agree","7 - Strongly agree","6 - Agree","5 - Somewhat agree","3 - Somewhat disagree","4 - Neither agree nor disagree","6 - Agree","5 - Somewhat agree","3 - Somewhat disagree","7 - Strongly agree","5 - Somewhat agree","6 - Agree","4 - Neither agree nor disagree","6 - Agree","7 - Strongly agree","2 - Disagree","6 - Agree","4 - Neither agree nor disagree","4 - Neither agree nor disagree","2 - Disagree","7 - Strongly agree","5 - Somewhat agree","4 - Neither agree nor disagree","5 - Somewhat agree","6 - Agree","5 - Somewhat agree","3 - Somewhat disagree","4 - Neither agree nor disagree","5 - Somewhat agree","5 - Somewhat agree","5 - Somewhat agree","5 - Somewhat agree","5 - Somewhat agree","7 - Strongly agree","7 - Strongly agree","5 - Somewhat agree","1 - Strongly disagree","3 - Somewhat disagree","7 - Strongly agree","5 - Somewhat agree","7 - Strongly agree","4 - Neither agree nor disagree","2 - Disagree","4 - Neither agree nor disagree","7 - Strongly agree","6 - Agree","6 - Agree","3 - Somewhat disagree","6 - Agree","6 - Agree","7 - Strongly agree","5 - Somewhat agree","6 - Agree","4 - Neither agree nor disagree","7 - Strongly agree","6 - Agree","6 - Agree","2 - likely","3 - somewhat likely","1 - certain","4 - fifty-fifty","6 - Agree","... increased","... increased","... remained the same","... decreased","Yes","to a high degree","The biggest challenge has got to be integration with the digital transformation within the company. ","Rhe biggest key benefit to the organisation is the high reduction in workload. ","The biggest challenge is to see how well the company can adapt to the digital transformation. ","The biggest benefits has to be in the long term the reduction of workload on the company.","United Kingdom","","30-39","Advanced technical college certificate","","2 to 5 years","Male","","Other","Digital marketing ","811.65","","","10.51","","9.91","60.62","3.07","","13.41","36.12","11.83","14.53","27.41","20.2","43.42","24.52","29.05","32.27","64.43","33.99","21.87","23.61","","23.4","","7.4","6.29","7.28","7.68","9.01","8.46","7.38","","53.69","35.04","42.84","46.11","","4.57","4.91","17.19","15.88","5.27","28.48"
"255","","37","en","305043052","645933ed-760f-5d1c-df7c-75625dfe5c22","I accept the outlined privacy policy","No","","","","","","","","","","","","","","","","","","","","","","","","","","","","","","","","","","","","","","","","","","","","","","","","","","","","","","","","","","","","","","","","","","","","","","","","","","","","","","","","","","","","","","","","","","","","","N/A","","","","","","","","","","","","","","","","10.97","","","5.52","","5.45","","","","","","","","","","","","","","","","","","","","","","","","","","","","","","","","","","","","","","",""
"256","1980-01-01 00:00:00","37","en","6050911","645933f0-bce5-5af2-74f8-3a02028bc7d1","I accept the outlined privacy policy","Yes","New CRM","","2 - Disagree","1 - Strongly disagree","1 - Strongly disagree","2 - Disagree","1 - Strongly disagree","1 - Strongly disagree","2 - Disagree","1 - Strongly disagree","1 - Strongly disagree","","5 - Somewhat agree","6 - Agree","1 - Strongly disagree","2 - Disagree","5 - Somewhat agree","6 - Agree","2 - Disagree","1 - Strongly disagree","2 - Disagree","2 - Disagree","1 - Strongly disagree","3 - Somewhat disagree","2 - Disagree","2 - Disagree","2 - Disagree","5 - Somewhat agree","2 - Disagree","5 - Somewhat agree","","3 - Somewhat disagree","1 - Strongly disagree","6 - Agree","4 - Neither agree nor disagree","4 - Neither agree nor disagree","4 - Neither agree nor disagree","4 - Neither agree nor disagree","5 - Somewhat agree","5 - Somewhat agree","2 - Disagree","4 - Neither agree nor disagree","1 - Strongly disagree","1 - Strongly disagree","","1 - Strongly disagree","2 - Disagree","3 - Somewhat disagree","3 - Somewhat disagree","2 - Disagree","1 - Strongly disagree","2 - Disagree","1 - Strongly disagree","1 - Strongly disagree","1 - Strongly disagree","3 - Somewhat disagree","1 - Strongly disagree","1 - Strongly disagree","1 - Strongly disagree","2 - Disagree","1 - Strongly disagree","3 - Somewhat disagree","3 - Somewhat disagree","1 - Strongly disagree","1 - Strongly disagree","2 - Disagree","1 - Strongly disagree","1 - Strongly disagree","1 - Strongly disagree","3 - Somewhat disagree","1 - Strongly disagree","2 - Disagree","2 - Disagree","2 - Disagree","2 - Disagree","1 - Strongly disagree","1 - Strongly disagree","2 - Disagree","4 - Neither agree nor disagree","1 - Strongly disagree","2 - Disagree","1 - Strongly disagree","5 - Somewhat agree","5 - somewhat unlikely","3 - somewhat likely","3 - somewhat likely","3 - somewhat likely","2 - Disagree","... remained the same","... remained the same","... remained the same","... remained the same","No","","Implementation by a non expert leading to issues with the system","Better awareness of the risk when things go wrong","Understand the needs before commissioning ","Reduced admin time in small teams","United Kingdom","","30-39","Master's/Diploma","","None","Female","","Other","Non profit","721.8","","","13.01","","14.68","13.2","6","","16.84","26.6","17.15","22.06","33.67","23.68","26.52","15.97","58.69","38.79","62.86","42.63","23.81","47.83","","37.23","","10.24","7.49","7.16","6.18","5.47","6.99","","","33.61","23.26","16.03","16","","5.19","4.22","6.85","13.35","4.83","13.71"
"257","","37","en","815513137","645933fb-89a5-df55-ff6f-ffdeb51a5551","I accept the outlined privacy policy","No","","","","","","","","","","","","","","","","","","","","","","","","","","","","","","","","","","","","","","","","","","","","","","","","","","","","","","","","","","","","","","","","","","","","","","","","","","","","","","","","","","","","","","","","","","","","","N/A","","","","","","","","","","","","","","","","51.45","","","14.77","","36.68","","","","","","","","","","","","","","","","","","","","","","","","","","","","","","","","","","","","","","",""
"258","1980-01-01 00:00:00","37","en","1360388104","645933d7-c711-97f3-0fc5-d12c10c538a2","I accept the outlined privacy policy","Yes","It was the introduction of using software to aid educators in writing pupil end of year reports and to aid in ongoing pupil record keeping ","","2 - Disagree","7 - Strongly agree","2 - Disagree","7 - Strongly agree","7 - Strongly agree","6 - Agree","6 - Agree","5 - Somewhat agree","7 - Strongly agree","6 - Agree","6 - Agree","6 - Agree","1 - Strongly disagree","1 - Strongly disagree","1 - Strongly disagree","7 - Strongly agree","7 - Strongly agree","7 - Strongly agree","7 - Strongly agree","7 - Strongly agree","7 - Strongly agree","4 - Neither agree nor disagree","7 - Strongly agree","7 - Strongly agree","7 - Strongly agree","7 - Strongly agree","7 - Strongly agree","2 - Disagree","3 - Somewhat disagree","2 - Disagree","2 - Disagree","6 - Agree","1 - Strongly disagree","2 - Disagree","2 - Disagree","2 - Disagree","6 - Agree","2 - Disagree","2 - Disagree","6 - Agree","5 - Somewhat agree","6 - Agree","6 - Agree","7 - Strongly agree","5 - Somewhat agree","4 - Neither agree nor disagree","5 - Somewhat agree","6 - Agree","5 - Somewhat agree","6 - Agree","7 - Strongly agree","7 - Strongly agree","7 - Strongly agree","7 - Strongly agree","7 - Strongly agree","6 - Agree","6 - Agree","7 - Strongly agree","7 - Strongly agree","7 - Strongly agree","7 - Strongly agree","6 - Agree","7 - Strongly agree","7 - Strongly agree","7 - Strongly agree","7 - Strongly agree","4 - Neither agree nor disagree","7 - Strongly agree","7 - Strongly agree","5 - Somewhat agree","3 - Somewhat disagree","6 - Agree","1 - Strongly disagree","6 - Agree","7 - Strongly agree","4 - Neither agree nor disagree","7 - Strongly agree","6 - Agree","6 - Agree","5 - Somewhat agree","6 - Agree","1 - certain","7 - impossible","1 - certain","7 - impossible","3 - Somewhat disagree","... increased","... decreased","... decreased","... decreased","No","","Onboarding of some staff who were uncertain about the benefits that I felt the project would bring.","Massive time saving, reduced workload, increased efficiency, improving staff morale ","Training opportunities to bring staff up to speed with technology. Inertia and the reluctance of some staff to embrace change ","Time saving, increase in efficiency and productivity ","United Kingdom","","30-39","Master's/Diploma","","less than 2 years","Male","","Service/public service","","899.06","","","15.76","","16.28","102.63","7.4","","14.42","23.15","12.77","16.19","25.65","16.05","20.05","19.67","33.61","26.02","41.79","25.66","40.14","33.35","","22.05","","6.03","12.01","7.99","5.35","54","8.78","","","63.41","49.74","95.83","34.65","","5.63","5.56","12.03","12.97","4.96","7.48"
"259","1980-01-01 00:00:00","37","en","1161846093","64593405-cb8d-13ae-c5de-1a4dafb6b87a","I accept the outlined privacy policy","Yes","I was required to learn how to use JavaScript and R studio","","5 - Somewhat agree","6 - Agree","6 - Agree","3 - Somewhat disagree","3 - Somewhat disagree","2 - Disagree","2 - Disagree","2 - Disagree","5 - Somewhat agree","3 - Somewhat disagree","6 - Agree","6 - Agree","2 - Disagree","2 - Disagree","3 - Somewhat disagree","6 - Agree","6 - Agree","6 - Agree","6 - Agree","6 - Agree","7 - Strongly agree","4 - Neither agree nor disagree","6 - Agree","6 - Agree","6 - Agree","6 - Agree","6 - Agree","2 - Disagree","3 - Somewhat disagree","2 - Disagree","5 - Somewhat agree","6 - Agree","7 - Strongly agree","5 - Somewhat agree","6 - Agree","6 - Agree","6 - Agree","7 - Strongly agree","6 - Agree","5 - Somewhat agree","2 - Disagree","5 - Somewhat agree","5 - Somewhat agree","3 - Somewhat disagree","6 - Agree","3 - Somewhat disagree","7 - Strongly agree","6 - Agree","3 - Somewhat disagree","6 - Agree","6 - Agree","6 - Agree","6 - Agree","6 - Agree","6 - Agree","6 - Agree","6 - Agree","6 - Agree","6 - Agree","5 - Somewhat agree","5 - Somewhat agree","6 - Agree","6 - Agree","6 - Agree","6 - Agree","7 - Strongly agree","4 - Neither agree nor disagree","6 - Agree","6 - Agree","6 - Agree","5 - Somewhat agree","6 - Agree","2 - Disagree","6 - Agree","3 - Somewhat disagree","3 - Somewhat disagree","6 - Agree","5 - Somewhat agree","6 - Agree","5 - Somewhat agree","6 - Agree","2 - likely","6 - unlikely","4 - fifty-fifty","4 - fifty-fifty","5 - Somewhat agree","... remained the same","... increased","... increased","... remained the same","No","","There is a lack of communication between my coworkers and myself when completing projects together ","Digital transformation has allowed me to complete tasks that would have taken me hours into tasks that take me 1-2 minutes ","Keeping a strong workplace connection and have every employee be informed and in agreement on projects","In general I think digital transformation will allow workplace tasks to get accomplished so much easier without the time and effort they took before","United States","","21-29","Bachelor's/Prediploma","","less than 2 years","Female","","Medical/Healthcare","","915.94","","","11.98","","10.43","56.61","5.97","","57.52","27.62","20.84","16.64","31.83","24.27","21.41","25.05","46.64","80.13","41.8","31.35","46.73","42.67","","34.28","","8.56","11.18","8.75","7.85","7.36","7.62","","","41.66","44.54","48.41","53.02","","6.31","5.89","11.18","9.16","4.58","6.1"
"260","","3","en","1424018242","6459340a-97d4-2741-9816-e381aeaee81b","I accept the outlined privacy policy","Yes","","","","","","","","","","","","","","","","","","","","","","","","","","","","","","","","","","","","","","","","","","","","","","","","","","","","","","","","","","","","","","","","","","","","","","","","","","","","","","","","","","","","","","","","","","","","","N/A","","","","","","","","","","","","","","","","86.72","","","26.97","","59.75","","","","","","","","","","","","","","","","","","","","","","","","","","","","","","","","","","","","","","",""
"261","","37","en","639956013","645933f7-2216-08c6-995d-bdfbc2289dcf","I accept the outlined privacy policy","No","","","","","","","","","","","","","","","","","","","","","","","","","","","","","","","","","","","","","","","","","","","","","","","","","","","","","","","","","","","","","","","","","","","","","","","","","","","","","","","","","","","","","","","","","","","","","N/A","","","","","","","","","","","","","","","","24.27","","","16.51","","7.76","","","","","","","","","","","","","","","","","","","","","","","","","","","","","","","","","","","","","","",""
"262","","-1","en","1460964266","64593400-dccd-6bff-7394-ca3e78f28916","","N/A","","","","","","","","","","","","","","","","","","","","","","","","","","","","","","","","","","","","","","","","","","","","","","","","","","","","","","","","","","","","","","","","","","","","","","","","","","","","","","","","","","","","","","","","","","","","","N/A","","","","","","","","","","","","","","","","0","","","","","","","","","","","","","","","","","","","","","","","","","","","","","","","","","","","","","","","","","","","",""
"263","","37","en","1695162","645933f9-e8c1-b75a-2a4f-c60a031595cc","I accept the outlined privacy policy","No","","","","","","","","","","","","","","","","","","","","","","","","","","","","","","","","","","","","","","","","","","","","","","","","","","","","","","","","","","","","","","","","","","","","","","","","","","","","","","","","","","","","","","","","","","","","","N/A","","","","","","","","","","","","","","","","24.06","","","9.36","","14.7","","","","","","","","","","","","","","","","","","","","","","","","","","","","","","","","","","","","","","",""
"264","","5","en","1603526381","64593412-bcad-dd23-7858-87500557c308","I accept the outlined privacy policy","Yes","Ball sacks ","","","","","","","","","","","","","","","","","","","","","","","","","","","","","","","","","","","","","","","","","","","","","","","","","","","","","","","","","","","","","","","","","","","","","","","","","","","","","","","","","","","","","","","","","","","","N/A","","","","","","","","","","","","","","","","38.18","","","7.31","","11.6","16.42","2.85","","","","","","","","","","","","","","","","","","","","","","","","","","","","","","","","","","","","",""
"265","","1","en","455799047","645933f8-91d0-2860-f77b-8fe2ca721205","","N/A","","","","","","","","","","","","","","","","","","","","","","","","","","","","","","","","","","","","","","","","","","","","","","","","","","","","","","","","","","","","","","","","","","","","","","","","","","","","","","","","","","","","","","","","","","","","","N/A","","","","","","","","","","","","","","","","19.08","","","19.08","","","","","","","","","","","","","","","","","","","","","","","","","","","","","","","","","","","","","","","","",""
"266","","37","en","1088559094","64593400-dccd-6bff-7394-ca3e78f28916","I accept the outlined privacy policy","No","","","","","","","","","","","","","","","","","","","","","","","","","","","","","","","","","","","","","","","","","","","","","","","","","","","","","","","","","","","","","","","","","","","","","","","","","","","","","","","","","","","","","","","","","","","","","N/A","","","","","","","","","","","","","","","","101.76","","","93.01","","8.75","","","","","","","","","","","","","","","","","","","","","","","","","","","","","","","","","","","","","","",""
"267","","-1","en","229735069","645933e3-833f-b723-586a-3504dda775e9","","N/A","","","","","","","","","","","","","","","","","","","","","","","","","","","","","","","","","","","","","","","","","","","","","","","","","","","","","","","","","","","","","","","","","","","","","","","","","","","","","","","","","","","","","","","","","","","","","N/A","","","","","","","","","","","","","","","","0","","","","","","","","","","","","","","","","","","","","","","","","","","","","","","","","","","","","","","","","","","","",""
"268","1980-01-01 00:00:00","37","en","2113356978","6459340c-aec3-a90b-62ec-528ce131ce80","I accept the outlined privacy policy","Yes","Ummm it was good and cool ","","6 - Agree","5 - Somewhat agree","7 - Strongly agree","7 - Strongly agree","5 - Somewhat agree","7 - Strongly agree","7 - Strongly agree","6 - Agree","7 - Strongly agree","6 - Agree","7 - Strongly agree","6 - Agree","5 - Somewhat agree","6 - Agree","6 - Agree","5 - Somewhat agree","5 - Somewhat agree","7 - Strongly agree","5 - Somewhat agree","6 - Agree","7 - Strongly agree","7 - Strongly agree","7 - Strongly agree","6 - Agree","4 - Neither agree nor disagree","5 - Somewhat agree","7 - Strongly agree","7 - Strongly agree","5 - Somewhat agree","4 - Neither agree nor disagree","7 - Strongly agree","6 - Agree","6 - Agree","5 - Somewhat agree","5 - Somewhat agree","7 - Strongly agree","7 - Strongly agree","6 - Agree","7 - Strongly agree","5 - Somewhat agree","7 - Strongly agree","5 - Somewhat agree","6 - Agree","5 - Somewhat agree","5 - Somewhat agree","7 - Strongly agree","7 - Strongly agree","6 - Agree","5 - Somewhat agree","5 - Somewhat agree","7 - Strongly agree","6 - Agree","6 - Agree","5 - Somewhat agree","6 - Agree","5 - Somewhat agree","6 - Agree","7 - Strongly agree","5 - Somewhat agree","4 - Neither agree nor disagree","7 - Strongly agree","6 - Agree","7 - Strongly agree","5 - Somewhat agree","6 - Agree","7 - Strongly agree","4 - Neither agree nor disagree","5 - Somewhat agree","5 - Somewhat agree","5 - Somewhat agree","7 - Strongly agree","6 - Agree","6 - Agree","4 - Neither agree nor disagree","7 - Strongly agree","7 - Strongly agree","5 - Somewhat agree","7 - Strongly agree","7 - Strongly agree","4 - Neither agree nor disagree","7 - Strongly agree","1 - certain","2 - likely","2 - likely","2 - likely","7 - Strongly agree","... increased","... increased","... increased","","Yes","to a very high degree","No challenges all success ","It was really really good ","Nothing it was great ","Things are easier and less stress","United States","","40-49","Upper school-leaving certificate/GCE","","5 to 10 years","Female","","Medical/Healthcare","","486.7","","","7.74","","7.04","17.84","4.43","","15.73","31.78","20.62","7.87","13.22","8.52","14.24","57.78","12.89","25.37","24.56","40.71","7.59","19.92","","18.42","","11.06","8.28","4.49","4.71","2.69","5.4","4.37","","18.5","11.71","11.97","12.91","","5.08","5.67","6.7","6.96","4.65","5.28"
"269","","37","en","1181422738","64593413-3d26-70e7-9d33-f8b12b2c4b50","I accept the outlined privacy policy","No","","","","","","","","","","","","","","","","","","","","","","","","","","","","","","","","","","","","","","","","","","","","","","","","","","","","","","","","","","","","","","","","","","","","","","","","","","","","","","","","","","","","","","","","","","","","","N/A","","","","","","","","","","","","","","","","22.08","","","10.61","","11.47","","","","","","","","","","","","","","","","","","","","","","","","","","","","","","","","","","","","","","",""
"270","","37","en","282488116","645933e6-5d06-fa4a-f2c6-80563193e52d","I accept the outlined privacy policy","No","","","","","","","","","","","","","","","","","","","","","","","","","","","","","","","","","","","","","","","","","","","","","","","","","","","","","","","","","","","","","","","","","","","","","","","","","","","","","","","","","","","","","","","","","","","","","N/A","","","","","","","","","","","","","","","","21.29","","","12.43","","8.86","","","","","","","","","","","","","","","","","","","","","","","","","","","","","","","","","","","","","","",""
"271","","37","en","1177350222","645933fc-cd89-ed1d-773e-cbac6019a8c9","I accept the outlined privacy policy","No","","","","","","","","","","","","","","","","","","","","","","","","","","","","","","","","","","","","","","","","","","","","","","","","","","","","","","","","","","","","","","","","","","","","","","","","","","","","","","","","","","","","","","","","","","","","","N/A","","","","","","","","","","","","","","","","26.18","","","14.13","","12.05","","","","","","","","","","","","","","","","","","","","","","","","","","","","","","","","","","","","","","",""
"272","","-1","en","1265527911","645933e4-ad35-9bb3-c4b5-162bf38bd110","","N/A","","","","","","","","","","","","","","","","","","","","","","","","","","","","","","","","","","","","","","","","","","","","","","","","","","","","","","","","","","","","","","","","","","","","","","","","","","","","","","","","","","","","","","","","","","","","","N/A","","","","","","","","","","","","","","","","0","","","","","","","","","","","","","","","","","","","","","","","","","","","","","","","","","","","","","","","","","","","",""
"273","","3","en","1663160771","6459341a-bd0e-57cf-fdac-03bf22cd5246","I accept the outlined privacy policy","Yes","","","","","","","","","","","","","","","","","","","","","","","","","","","","","","","","","","","","","","","","","","","","","","","","","","","","","","","","","","","","","","","","","","","","","","","","","","","","","","","","","","","","","","","","","","","","","N/A","","","","","","","","","","","","","","","","24.89","","","14.05","","10.84","","","","","","","","","","","","","","","","","","","","","","","","","","","","","","","","","","","","","","",""
"274","1980-01-01 00:00:00","37","en","1932264986","64593413-8625-4b13-2a06-8b3db46b7dd6","I accept the outlined privacy policy","Yes","Computer training at work on Microsoft/adobe/digital transformation","","4 - Neither agree nor disagree","2 - Disagree","2 - Disagree","5 - Somewhat agree","6 - Agree","6 - Agree","5 - Somewhat agree","5 - Somewhat agree","5 - Somewhat agree","5 - Somewhat agree","5 - Somewhat agree","6 - Agree","2 - Disagree","2 - Disagree","3 - Somewhat disagree","6 - Agree","4 - Neither agree nor disagree","5 - Somewhat agree","5 - Somewhat agree","5 - Somewhat agree","5 - Somewhat agree","4 - Neither agree nor disagree","5 - Somewhat agree","4 - Neither agree nor disagree","6 - Agree","6 - Agree","6 - Agree","3 - Somewhat disagree","5 - Somewhat agree","4 - Neither agree nor disagree","2 - Disagree","7 - Strongly agree","4 - Neither agree nor disagree","2 - Disagree","2 - Disagree","4 - Neither agree nor disagree","5 - Somewhat agree","5 - Somewhat agree","3 - Somewhat disagree","5 - Somewhat agree","4 - Neither agree nor disagree","3 - Somewhat disagree","3 - Somewhat disagree","4 - Neither agree nor disagree","5 - Somewhat agree","6 - Agree","5 - Somewhat agree","4 - Neither agree nor disagree","3 - Somewhat disagree","4 - Neither agree nor disagree","5 - Somewhat agree","4 - Neither agree nor disagree","5 - Somewhat agree","6 - Agree","5 - Somewhat agree","4 - Neither agree nor disagree","5 - Somewhat agree","5 - Somewhat agree","5 - Somewhat agree","3 - Somewhat disagree","3 - Somewhat disagree","5 - Somewhat agree","4 - Neither agree nor disagree","4 - Neither agree nor disagree","6 - Agree","5 - Somewhat agree","2 - Disagree","4 - Neither agree nor disagree","5 - Somewhat agree","4 - Neither agree nor disagree","5 - Somewhat agree","5 - Somewhat agree","4 - Neither agree nor disagree","5 - Somewhat agree","5 - Somewhat agree","3 - Somewhat disagree","5 - Somewhat agree","4 - Neither agree nor disagree","4 - Neither agree nor disagree","3 - Somewhat disagree","3 - Somewhat disagree","3 - somewhat likely","5 - somewhat unlikely","2 - likely","5 - somewhat unlikely","4 - Neither agree nor disagree","... increased","... decreased","... decreased","... decreased","Yes","to a low degree","Integration of new processes can lead to mistakes in the beginning while working out bugs","Streamlined information about specific case files","Initial integration/hiring right people for job","Streamlined easy file access ","United States","","30-39","Upper school-leaving certificate/GCE","","5 to 10 years","Male","","Service/public service","","644.15","","","18.07","","8.86","34.89","8.02","","13.33","20.57","11.58","16.38","36.96","15.21","20.61","19.91","30.98","24.51","51.36","29.94","20.11","27.1","","26.27","","7.74","11.43","8.33","7.08","7.72","9.23","7.15","","31.9","21.23","24.05","19.03","","6.89","6.17","15.33","11.6","5.41","9.2"
"275","","37","en","888352351","6459340e-ba3d-e201-381e-82f411bfa260","I accept the outlined privacy policy","No","","","","","","","","","","","","","","","","","","","","","","","","","","","","","","","","","","","","","","","","","","","","","","","","","","","","","","","","","","","","","","","","","","","","","","","","","","","","","","","","","","","","","","","","","","","","","N/A","","","","","","","","","","","","","","","","30.96","","","13.02","","17.94","","","","","","","","","","","","","","","","","","","","","","","","","","","","","","","","","","","","","","",""
"276","1980-01-01 00:00:00","37","en","2027320365","64593418-77ac-cf8c-6982-242b5dc0e3b2","I accept the outlined privacy policy","Yes","None","","5 - Somewhat agree","2 - Disagree","2 - Disagree","4 - Neither agree nor disagree","4 - Neither agree nor disagree","4 - Neither agree nor disagree","4 - Neither agree nor disagree","4 - Neither agree nor disagree","4 - Neither agree nor disagree","4 - Neither agree nor disagree","4 - Neither agree nor disagree","4 - Neither agree nor disagree","4 - Neither agree nor disagree","4 - Neither agree nor disagree","4 - Neither agree nor disagree","4 - Neither agree nor disagree","4 - Neither agree nor disagree","4 - Neither agree nor disagree","4 - Neither agree nor disagree","4 - Neither agree nor disagree","4 - Neither agree nor disagree","4 - Neither agree nor disagree","4 - Neither agree nor disagree","4 - Neither agree nor disagree","4 - Neither agree nor disagree","4 - Neither agree nor disagree","4 - Neither agree nor disagree","4 - Neither agree nor disagree","4 - Neither agree nor disagree","4 - Neither agree nor disagree","4 - Neither agree nor disagree","4 - Neither agree nor disagree","4 - Neither agree nor disagree","4 - Neither agree nor disagree","4 - Neither agree nor disagree","4 - Neither agree nor disagree","4 - Neither agree nor disagree","4 - Neither agree nor disagree","4 - Neither agree nor disagree","4 - Neither agree nor disagree","4 - Neither agree nor disagree","4 - Neither agree nor disagree","4 - Neither agree nor disagree","4 - Neither agree nor disagree","4 - Neither agree nor disagree","4 - Neither agree nor disagree","4 - Neither agree nor disagree","4 - Neither agree nor disagree","4 - Neither agree nor disagree","4 - Neither agree nor disagree","4 - Neither agree nor disagree","4 - Neither agree nor disagree","4 - Neither agree nor disagree","4 - Neither agree nor disagree","4 - Neither agree nor disagree","4 - Neither agree nor disagree","4 - Neither agree nor disagree","4 - Neither agree nor disagree","4 - Neither agree nor disagree","4 - Neither agree nor disagree","4 - Neither agree nor disagree","5 - Somewhat agree","4 - Neither agree nor disagree","4 - Neither agree nor disagree","4 - Neither agree nor disagree","4 - Neither agree nor disagree","4 - Neither agree nor disagree","4 - Neither agree nor disagree","4 - Neither agree nor disagree","4 - Neither agree nor disagree","4 - Neither agree nor disagree","4 - Neither agree nor disagree","4 - Neither agree nor disagree","4 - Neither agree nor disagree","4 - Neither agree nor disagree","4 - Neither agree nor disagree","4 - Neither agree nor disagree","4 - Neither agree nor disagree","4 - Neither agree nor disagree","4 - Neither agree nor disagree","4 - Neither agree nor disagree","2 - likely","3 - somewhat likely","4 - fifty-fifty","4 - fifty-fifty","4 - Neither agree nor disagree","... remained the same","... increased","... remained the same","... increased","No","","Learning the format but I thank it will be wonderful in the future ","Learning the format","","Make the whole operation run smother and mote infestation ","United States","","50-59","Vocational training","","2 to 5 years","Male","","Craft/skilled and manual work","","1101.43","","","27.07","","28.61","30.43","7.46","","19.91","29.56","60.34","18.05","34.84","30.96","35.99","18.61","41.29","28.3","48.24","109.48","23.9","53.38","","53.94","","12.82","9.38","14.16","50.63","41.69","15.03","","","57.56","98.99","4.71","38.78","","4.95","5.45","18.61","11.79","3.67","12.85"
"277","1980-01-01 00:00:00","37","en","2120207856","6459340f-bfc1-fa80-5fc8-5b02a96a0c5f","I accept the outlined privacy policy","Yes","Introduction of QuickBooks into the company setting","","6 - Agree","4 - Neither agree nor disagree","6 - Agree","7 - Strongly agree","6 - Agree","6 - Agree","6 - Agree","3 - Somewhat disagree","6 - Agree","6 - Agree","5 - Somewhat agree","6 - Agree","6 - Agree","7 - Strongly agree","5 - Somewhat agree","1 - Strongly disagree","6 - Agree","6 - Agree","6 - Agree","6 - Agree","6 - Agree","4 - Neither agree nor disagree","6 - Agree","6 - Agree","6 - Agree","4 - Neither agree nor disagree","6 - Agree","3 - Somewhat disagree","4 - Neither agree nor disagree","4 - Neither agree nor disagree","4 - Neither agree nor disagree","4 - Neither agree nor disagree","3 - Somewhat disagree","2 - Disagree","2 - Disagree","3 - Somewhat disagree","6 - Agree","4 - Neither agree nor disagree","4 - Neither agree nor disagree","5 - Somewhat agree","6 - Agree","6 - Agree","6 - Agree","6 - Agree","6 - Agree","6 - Agree","4 - Neither agree nor disagree","4 - Neither agree nor disagree","6 - Agree","5 - Somewhat agree","4 - Neither agree nor disagree","6 - Agree","6 - Agree","6 - Agree","6 - Agree","6 - Agree","6 - Agree","6 - Agree","6 - Agree","4 - Neither agree nor disagree","5 - Somewhat agree","","","","","","","","","2 - Disagree","2 - Disagree","6 - Agree","5 - Somewhat agree","6 - Agree","4 - Neither agree nor disagree","6 - Agree","4 - Neither agree nor disagree","4 - Neither agree nor disagree","4 - Neither agree nor disagree","4 - Neither agree nor disagree","5 - Somewhat agree","2 - likely","6 - unlikely","2 - likely","6 - unlikely","5 - Somewhat agree","... remained the same","... remained the same","... remained the same","... remained the same","No","","Adapting and implementing as well as system integration ","Easier workload","System integration and employee adaptation ","Streamlining the process","United States","","30-39","Vocational training","","None","Female","","Craft/skilled and manual work","","3427.45","","","54.28","","62.72","44.92","8.57","","43.06","29.12","116.44","39.36","139.92","24.85","22.98","59.47","1747.88","217.79","193.21","15.15","66.3","223.41","","48.83","","28.42","9.74","25.29","17.03","21.02","13.28","","","29.72","28.1","23.2","27.6","","6.97","5.75","7.74","12.03","4.58","8.72"
"278","","37","en","1210464107","64593412-1c28-e12f-0165-1b6f988f70aa","I accept the outlined privacy policy","No","","","","","","","","","","","","","","","","","","","","","","","","","","","","","","","","","","","","","","","","","","","","","","","","","","","","","","","","","","","","","","","","","","","","","","","","","","","","","","","","","","","","","","","","","","","","","N/A","","","","","","","","","","","","","","","","133.25","","","122.14","","11.11","","","","","","","","","","","","","","","","","","","","","","","","","","","","","","","","","","","","","","",""
"279","","37","en","1238667000","64593413-7442-ca31-e1ed-e3208253b3dc","I accept the outlined privacy policy","No","","","","","","","","","","","","","","","","","","","","","","","","","","","","","","","","","","","","","","","","","","","","","","","","","","","","","","","","","","","","","","","","","","","","","","","","","","","","","","","","","","","","","","","","","","","","","N/A","","","","","","","","","","","","","","","","18.22","","","7.96","","10.26","","","","","","","","","","","","","","","","","","","","","","","","","","","","","","","","","","","","","","",""
"280","1980-01-01 00:00:00","37","en","103644247","64593410-83ba-7e60-9491-2aeb0ca61371","I accept the outlined privacy policy","Yes","Google search","","7 - Strongly agree","7 - Strongly agree","7 - Strongly agree","7 - Strongly agree","7 - Strongly agree","7 - Strongly agree","7 - Strongly agree","7 - Strongly agree","7 - Strongly agree","7 - Strongly agree","7 - Strongly agree","7 - Strongly agree","7 - Strongly agree","7 - Strongly agree","7 - Strongly agree","7 - Strongly agree","7 - Strongly agree","7 - Strongly agree","7 - Strongly agree","7 - Strongly agree","7 - Strongly agree","7 - Strongly agree","7 - Strongly agree","7 - Strongly agree","7 - Strongly agree","7 - Strongly agree","7 - Strongly agree","7 - Strongly agree","7 - Strongly agree","7 - Strongly agree","7 - Strongly agree","7 - Strongly agree","7 - Strongly agree","7 - Strongly agree","7 - Strongly agree","7 - Strongly agree","7 - Strongly agree","7 - Strongly agree","7 - Strongly agree","7 - Strongly agree","7 - Strongly agree","7 - Strongly agree","7 - Strongly agree","7 - Strongly agree","7 - Strongly agree","7 - Strongly agree","7 - Strongly agree","7 - Strongly agree","7 - Strongly agree","7 - Strongly agree","7 - Strongly agree","7 - Strongly agree","7 - Strongly agree","7 - Strongly agree","7 - Strongly agree","7 - Strongly agree","7 - Strongly agree","7 - Strongly agree","7 - Strongly agree","7 - Strongly agree","7 - Strongly agree","7 - Strongly agree","7 - Strongly agree","7 - Strongly agree","7 - Strongly agree","7 - Strongly agree","7 - Strongly agree","7 - Strongly agree","7 - Strongly agree","7 - Strongly agree","7 - Strongly agree","7 - Strongly agree","7 - Strongly agree","7 - Strongly agree","7 - Strongly agree","7 - Strongly agree","7 - Strongly agree","7 - Strongly agree","7 - Strongly agree","7 - Strongly agree","7 - Strongly agree","2 - likely","1 - certain","2 - likely","1 - certain","7 - Strongly agree","... increased","","... increased","... increased","Yes","to a very high degree","Good","Good","Good","Good","United States","","50-59","Intermediate school-leaving certificate","","more than 20 years","Female","","Service/public service","","323","","","9.39","","6.01","15.89","4.92","","10.77","11.91","9.56","8.96","16.07","9.35","8.31","11.89","20.41","12.69","21.53","15.82","7.46","14.54","","14.27","","5.6","5.71","5.08","3.88","4.31","4.41","3.96","","7.16","4.83","5.63","6.9","","5.62","4.77","8.1","9.25","4.02","4.02"
"281","","37","en","1601227049","64593408-1dd7-fe16-6126-957e2aba369c","I accept the outlined privacy policy","No","","","","","","","","","","","","","","","","","","","","","","","","","","","","","","","","","","","","","","","","","","","","","","","","","","","","","","","","","","","","","","","","","","","","","","","","","","","","","","","","","","","","","","","","","","","","","N/A","","","","","","","","","","","","","","","","41.1","","","26","","15.1","","","","","","","","","","","","","","","","","","","","","","","","","","","","","","","","","","","","","","",""
"282","1980-01-01 00:00:00","37","en","72934396","645933ef-60c8-bb1f-dcea-2713f2665593","I accept the outlined privacy policy","Yes","We have a new filing software system ","","4 - Neither agree nor disagree","4 - Neither agree nor disagree","4 - Neither agree nor disagree","6 - Agree","5 - Somewhat agree","5 - Somewhat agree","4 - Neither agree nor disagree","5 - Somewhat agree","5 - Somewhat agree","5 - Somewhat agree","4 - Neither agree nor disagree","5 - Somewhat agree","5 - Somewhat agree","4 - Neither agree nor disagree","6 - Agree","6 - Agree","5 - Somewhat agree","6 - Agree","4 - Neither agree nor disagree","6 - Agree","6 - Agree","3 - Somewhat disagree","6 - Agree","6 - Agree","4 - Neither agree nor disagree","4 - Neither agree nor disagree","5 - Somewhat agree","5 - Somewhat agree","5 - Somewhat agree","4 - Neither agree nor disagree","4 - Neither agree nor disagree","4 - Neither agree nor disagree","5 - Somewhat agree","3 - Somewhat disagree","4 - Neither agree nor disagree","5 - Somewhat agree","6 - Agree","6 - Agree","5 - Somewhat agree","2 - Disagree","6 - Agree","4 - Neither agree nor disagree","4 - Neither agree nor disagree","2 - Disagree","5 - Somewhat agree","5 - Somewhat agree","5 - Somewhat agree","5 - Somewhat agree","5 - Somewhat agree","5 - Somewhat agree","5 - Somewhat agree","5 - Somewhat agree","6 - Agree","5 - Somewhat agree","5 - Somewhat agree","5 - Somewhat agree","5 - Somewhat agree","6 - Agree","6 - Agree","6 - Agree","6 - Agree","6 - Agree","4 - Neither agree nor disagree","5 - Somewhat agree","5 - Somewhat agree","5 - Somewhat agree","5 - Somewhat agree","5 - Somewhat agree","5 - Somewhat agree","5 - Somewhat agree","5 - Somewhat agree","5 - Somewhat agree","4 - Neither agree nor disagree","5 - Somewhat agree","5 - Somewhat agree","5 - Somewhat agree","6 - Agree","4 - Neither agree nor disagree","5 - Somewhat agree","4 - Neither agree nor disagree","5 - Somewhat agree","5 - somewhat unlikely","3 - somewhat likely","5 - somewhat unlikely","4 - fifty-fifty","5 - Somewhat agree","... remained the same","... decreased","","... increased","Yes","to a high degree","Sometime the technology is not compatible ","We have all of the documents we need at our desk","it just takes time to learn ","Every task is easier to complete ","United States","","21-29","Bachelor's/Prediploma","","None","Female","","Service/public service","","1388.12","","","10.75","","9.61","34.55","5.81","","10.59","80.13","8.98","8.41","35.55","19.64","21.1","15.02","266.53","12.63","21.05","19.73","10.01","21.12","","12.21","","7.18","7.44","7.4","1.74","4.96","7.31","4.92","","29.86","97.6","36.43","52.79","","15.12","16.95","448.97","15.08","3.51","7.44"
"283","","37","en","2007878123","6459341d-5306-d47c-7b54-32b0900f4607","I accept the outlined privacy policy","No","","","","","","","","","","","","","","","","","","","","","","","","","","","","","","","","","","","","","","","","","","","","","","","","","","","","","","","","","","","","","","","","","","","","","","","","","","","","","","","","","","","","","","","","","","","","","N/A","","","","","","","","","","","","","","","","31.29","","","14.75","","16.54","","","","","","","","","","","","","","","","","","","","","","","","","","","","","","","","","","","","","","",""
"284","","37","en","1993623522","64593409-67d9-eb46-3162-48c0e851ecbf","I accept the outlined privacy policy","No","","","","","","","","","","","","","","","","","","","","","","","","","","","","","","","","","","","","","","","","","","","","","","","","","","","","","","","","","","","","","","","","","","","","","","","","","","","","","","","","","","","","","","","","","","","","","N/A","","","","","","","","","","","","","","","","19.75","","","11.21","","8.54","","","","","","","","","","","","","","","","","","","","","","","","","","","","","","","","","","","","","","",""
"285","1980-01-01 00:00:00","37","en","1000349717","64593408-721d-7152-cbc8-cf9c54dbd34b","I accept the outlined privacy policy","Yes","Microsoft outlook ","","5 - Somewhat agree","7 - Strongly agree","7 - Strongly agree","7 - Strongly agree","6 - Agree","5 - Somewhat agree","6 - Agree","4 - Neither agree nor disagree","7 - Strongly agree","7 - Strongly agree","5 - Somewhat agree","6 - Agree","7 - Strongly agree","7 - Strongly agree","5 - Somewhat agree","6 - Agree","4 - Neither agree nor disagree","6 - Agree","7 - Strongly agree","6 - Agree","6 - Agree","7 - Strongly agree","6 - Agree","6 - Agree","6 - Agree","6 - Agree","7 - Strongly agree","7 - Strongly agree","5 - Somewhat agree","7 - Strongly agree","6 - Agree","7 - Strongly agree","7 - Strongly agree","6 - Agree","6 - Agree","7 - Strongly agree","6 - Agree","7 - Strongly agree","7 - Strongly agree","7 - Strongly agree","7 - Strongly agree","6 - Agree","5 - Somewhat agree","6 - Agree","6 - Agree","6 - Agree","7 - Strongly agree","7 - Strongly agree","6 - Agree","5 - Somewhat agree","7 - Strongly agree","7 - Strongly agree","6 - Agree","7 - Strongly agree","7 - Strongly agree","6 - Agree","6 - Agree","5 - Somewhat agree","7 - Strongly agree","7 - Strongly agree","6 - Agree","5 - Somewhat agree","7 - Strongly agree","5 - Somewhat agree","6 - Agree","7 - Strongly agree","7 - Strongly agree","6 - Agree","7 - Strongly agree","6 - Agree","7 - Strongly agree","6 - Agree","7 - Strongly agree","7 - Strongly agree","6 - Agree","7 - Strongly agree","6 - Agree","7 - Strongly agree","5 - Somewhat agree","6 - Agree","7 - Strongly agree","2 - likely","6 - unlikely","1 - certain","7 - impossible","7 - Strongly agree","... increased","... increased","... remained the same","... increased","Yes","to a high degree","The ability to stay successful during the digital transformation","Its become a better and more efficient way to do the digital transformation.","The challenges are mostly minimal due to positive extremities of the digital transformations.","Reducing the time and effort and migrations of the digital transformations.","United States","","21-29","Intermediate school-leaving certificate","","5 to 10 years","Male","","Production","","2265.84","","","11.08","","8.75","19.58","3.3","","18.16","29.51","41.12","28.45","64.12","40.42","32.72","231.97","43.25","143.74","35.33","48.06","376.71","39.58","","73.73","","22.09","220.51","17.26","29.07","7.14","7.3","24.54","","97.5","185.3","242.25","79.47","","5.95","5.38","14.54","6.86","4.47","6.63"
"286","1980-01-01 00:00:00","37","en","1423325583","6459341b-dff4-7e2e-deae-9c3ebf33d717","I accept the outlined privacy policy","Yes","Through an automated survey at work.","","6 - Agree","6 - Agree","6 - Agree","6 - Agree","6 - Agree","6 - Agree","6 - Agree","6 - Agree","6 - Agree","5 - Somewhat agree","6 - Agree","6 - Agree","5 - Somewhat agree","6 - Agree","6 - Agree","6 - Agree","6 - Agree","6 - Agree","6 - Agree","6 - Agree","6 - Agree","6 - Agree","6 - Agree","5 - Somewhat agree","6 - Agree","6 - Agree","6 - Agree","6 - Agree","5 - Somewhat agree","5 - Somewhat agree","6 - Agree","5 - Somewhat agree","6 - Agree","6 - Agree","5 - Somewhat agree","6 - Agree","6 - Agree","6 - Agree","5 - Somewhat agree","5 - Somewhat agree","5 - Somewhat agree","6 - Agree","6 - Agree","5 - Somewhat agree","6 - Agree","6 - Agree","5 - Somewhat agree","6 - Agree","6 - Agree","6 - Agree","6 - Agree","6 - Agree","6 - Agree","6 - Agree","6 - Agree","6 - Agree","6 - Agree","6 - Agree","6 - Agree","6 - Agree","6 - Agree","6 - Agree","6 - Agree","6 - Agree","6 - Agree","6 - Agree","6 - Agree","6 - Agree","6 - Agree","6 - Agree","5 - Somewhat agree","6 - Agree","5 - Somewhat agree","6 - Agree","5 - Somewhat agree","6 - Agree","6 - Agree","6 - Agree","6 - Agree","6 - Agree","6 - Agree","1 - certain","1 - certain","1 - certain","1 - certain","7 - Strongly agree","... remained the same","... remained the same","... remained the same","... remained the same","No","","Making sure that work is not rushed ","People are more likely to use it ","People's attention span ","People tend to be more comfortable with the technology ","United States","","30-39","Bachelor's/Prediploma","","None","Female","","Craft/skilled and manual work","","475.18","","","7.78","","14.85","35.46","6.48","","14.01","14.42","7.68","11.81","23.13","9.04","20.72","15.83","16.29","14.39","20.36","14.72","15.94","21.03","","16.83","","7.46","8.97","3.32","3.17","2.77","7.71","","","32.55","16.25","19.59","25.55","","5.62","4.53","10.42","10.55","3.99","11.96"
"287","1980-01-01 00:00:00","37","en","94553048","6459341d-d9c8-60bf-e5eb-a45e090d6f60","I accept the outlined privacy policy","Yes","My company switched domain names through our Google Workspace. This involved a massive transferring of data including all emails, documents, and contacts. ","","4 - Neither agree nor disagree","4 - Neither agree nor disagree","4 - Neither agree nor disagree","5 - Somewhat agree","6 - Agree","6 - Agree","7 - Strongly agree","6 - Agree","6 - Agree","5 - Somewhat agree","6 - Agree","6 - Agree","2 - Disagree","2 - Disagree","2 - Disagree","6 - Agree","6 - Agree","6 - Agree","6 - Agree","6 - Agree","6 - Agree","4 - Neither agree nor disagree","6 - Agree","6 - Agree","6 - Agree","6 - Agree","6 - Agree","3 - Somewhat disagree","4 - Neither agree nor disagree","4 - Neither agree nor disagree","4 - Neither agree nor disagree","6 - Agree","3 - Somewhat disagree","3 - Somewhat disagree","3 - Somewhat disagree","3 - Somewhat disagree","5 - Somewhat agree","6 - Agree","6 - Agree","5 - Somewhat agree","6 - Agree","5 - Somewhat agree","4 - Neither agree nor disagree","5 - Somewhat agree","5 - Somewhat agree","5 - Somewhat agree","5 - Somewhat agree","5 - Somewhat agree","5 - Somewhat agree","5 - Somewhat agree","5 - Somewhat agree","4 - Neither agree nor disagree","5 - Somewhat agree","5 - Somewhat agree","5 - Somewhat agree","5 - Somewhat agree","5 - Somewhat agree","6 - Agree","5 - Somewhat agree","6 - Agree","5 - Somewhat agree","5 - Somewhat agree","5 - Somewhat agree","6 - Agree","5 - Somewhat agree","5 - Somewhat agree","4 - Neither agree nor disagree","5 - Somewhat agree","5 - Somewhat agree","5 - Somewhat agree","5 - Somewhat agree","5 - Somewhat agree","5 - Somewhat agree","6 - Agree","6 - Agree","5 - Somewhat agree","6 - Agree","5 - Somewhat agree","5 - Somewhat agree","5 - Somewhat agree","6 - Agree","4 - fifty-fifty","6 - unlikely","3 - somewhat likely","5 - somewhat unlikely","5 - Somewhat agree","... increased","... remained the same","... remained the same","... remained the same","No","","The training involved to transfer to the new system. I have many older coworkers and technology isn't intuitive to them, so they have a steeper learning curve for any new digital transformation project. ","It makes things more streamlined and keeps everything in one spot. ","Overall change of the digital landscape. ","More congruent information across the company. ","United States","","21-29","Bachelor's/Prediploma","","None","Female","","Other","Religious sector","767.55","","","6.28","","11.4","51.45","4.39","","23.74","33.82","14.44","19.12","30.56","22.04","22.12","18.83","49.99","30.66","55.56","30.85","17.29","52.99","","26.66","","7.02","10.16","11.03","9.3","4.29","6.5","","","84.94","22.28","24.65","17.15","","4.95","5.51","5.77","9.39","4.24","18.18"
"288","1980-01-01 00:00:00","37","en","1624208430","645933f2-f79c-7321-1c16-b6a60f85dda4","I accept the outlined privacy policy","Yes","I have been working on an augmented reality program that allows people to customize their new homes that I build","","3 - Somewhat disagree","6 - Agree","4 - Neither agree nor disagree","7 - Strongly agree","7 - Strongly agree","7 - Strongly agree","7 - Strongly agree","7 - Strongly agree","7 - Strongly agree","5 - Somewhat agree","5 - Somewhat agree","5 - Somewhat agree","3 - Somewhat disagree","3 - Somewhat disagree","5 - Somewhat agree","7 - Strongly agree","7 - Strongly agree","7 - Strongly agree","7 - Strongly agree","7 - Strongly agree","7 - Strongly agree","7 - Strongly agree","7 - Strongly agree","7 - Strongly agree","7 - Strongly agree","7 - Strongly agree","7 - Strongly agree","1 - Strongly disagree","6 - Agree","5 - Somewhat agree","5 - Somewhat agree","5 - Somewhat agree","3 - Somewhat disagree","1 - Strongly disagree","2 - Disagree","1 - Strongly disagree","7 - Strongly agree","7 - Strongly agree","7 - Strongly agree","7 - Strongly agree","7 - Strongly agree","7 - Strongly agree","","7 - Strongly agree","7 - Strongly agree","5 - Somewhat agree","7 - Strongly agree","7 - Strongly agree","7 - Strongly agree","7 - Strongly agree","7 - Strongly agree","7 - Strongly agree","7 - Strongly agree","7 - Strongly agree","7 - Strongly agree","7 - Strongly agree","7 - Strongly agree","7 - Strongly agree","7 - Strongly agree","7 - Strongly agree","7 - Strongly agree","7 - Strongly agree","7 - Strongly agree","7 - Strongly agree","7 - Strongly agree","7 - Strongly agree","7 - Strongly agree","7 - Strongly agree","7 - Strongly agree","2 - Disagree","4 - Neither agree nor disagree","6 - Agree","4 - Neither agree nor disagree","7 - Strongly agree","7 - Strongly agree","7 - Strongly agree","7 - Strongly agree","7 - Strongly agree","7 - Strongly agree","7 - Strongly agree","7 - Strongly agree","1 - certain","1 - certain","2 - likely","7 - impossible","5 - Somewhat agree","... increased","... increased","... increased","... decreased","Yes","to a high degree","There are not Nanyang problems at all because it is capable with all our older systems ","It allows me to make changes in real time with the customer instead of having to draw up new specs","Only to make sure that all of our newer technologies stay able to be capable of using it","More profit and less overhead when dealing with changing plans ","United States","","40-49","Bachelor's/Prediploma","","5 to 10 years","Male","","Medical/Healthcare","","1374.74","","","35.22","","30.58","76.04","14.78","","46.22","44.1","32.14","85.95","36.09","40.17","40.48","43.56","150.73","49.72","76.74","58.75","48.99","53.82","","67.73","","11.57","13.02","9.35","16.32","10.03","12.16","16.01","","53.68","51.29","53.91","41.36","","7.2","5.36","14.32","11","4.68","11.67"
"289","","37","en","1026790253","645933f3-acfc-afad-d627-e15a5b327190","I accept the outlined privacy policy","No","","","","","","","","","","","","","","","","","","","","","","","","","","","","","","","","","","","","","","","","","","","","","","","","","","","","","","","","","","","","","","","","","","","","","","","","","","","","","","","","","","","","","","","","","","","","","N/A","","","","","","","","","","","","","","","","14.82","","","6.86","","7.96","","","","","","","","","","","","","","","","","","","","","","","","","","","","","","","","","","","","","","",""
"290","","37","en","2075379159","6459340b-1804-2016-f483-775b0dc2bbe7","I accept the outlined privacy policy","No","","","","","","","","","","","","","","","","","","","","","","","","","","","","","","","","","","","","","","","","","","","","","","","","","","","","","","","","","","","","","","","","","","","","","","","","","","","","","","","","","","","","","","","","","","","","","N/A","","","","","","","","","","","","","","","","17.28","","","6.5","","10.78","","","","","","","","","","","","","","","","","","","","","","","","","","","","","","","","","","","","","","",""
"291","","37","en","1888193623","645933f0-b6c2-00c6-d625-70500644d6b0","I accept the outlined privacy policy","No","","","","","","","","","","","","","","","","","","","","","","","","","","","","","","","","","","","","","","","","","","","","","","","","","","","","","","","","","","","","","","","","","","","","","","","","","","","","","","","","","","","","","","","","","","","","","N/A","","","","","","","","","","","","","","","","19.91","","","12.28","","7.63","","","","","","","","","","","","","","","","","","","","","","","","","","","","","","","","","","","","","","",""
"292","1980-01-01 00:00:00","37","en","2045323709","6459341a-34cc-b7d2-855a-f50fbbdda282","I accept the outlined privacy policy","Yes","For what I have done so I will never have any further problems in my mind and my mom and I are you going out with you and your family in a few weeks or something to get a ","","7 - Strongly agree","5 - Somewhat agree","6 - Agree","6 - Agree","6 - Agree","5 - Somewhat agree","6 - Agree","5 - Somewhat agree","6 - Agree","5 - Somewhat agree","7 - Strongly agree","4 - Neither agree nor disagree","6 - Agree","6 - Agree","5 - Somewhat agree","","7 - Strongly agree","5 - Somewhat agree","7 - Strongly agree","6 - Agree","5 - Somewhat agree","5 - Somewhat agree","6 - Agree","6 - Agree","5 - Somewhat agree","5 - Somewhat agree","6 - Agree","5 - Somewhat agree","5 - Somewhat agree","6 - Agree","7 - Strongly agree","5 - Somewhat agree","5 - Somewhat agree","5 - Somewhat agree","5 - Somewhat agree","6 - Agree","7 - Strongly agree","6 - Agree","6 - Agree","7 - Strongly agree","6 - Agree","6 - Agree","5 - Somewhat agree","4 - Neither agree nor disagree","7 - Strongly agree","5 - Somewhat agree","6 - Agree","5 - Somewhat agree","5 - Somewhat agree","5 - Somewhat agree","6 - Agree","6 - Agree","5 - Somewhat agree","7 - Strongly agree","6 - Agree","7 - Strongly agree","6 - Agree","7 - Strongly agree","5 - Somewhat agree","5 - Somewhat agree","5 - Somewhat agree","6 - Agree","5 - Somewhat agree","4 - Neither agree nor disagree","4 - Neither agree nor disagree","5 - Somewhat agree","7 - Strongly agree","6 - Agree","6 - Agree","5 - Somewhat agree","6 - Agree","5 - Somewhat agree","7 - Strongly agree","7 - Strongly agree","5 - Somewhat agree","7 - Strongly agree","6 - Agree","7 - Strongly agree","6 - Agree","5 - Somewhat agree","5 - Somewhat agree","5 - somewhat unlikely","5 - somewhat unlikely","2 - likely","3 - somewhat likely","6 - Agree","... increased","... increased","... remained the same","... increased","Yes","to a low degree","Good morning my dear friend and thanks me for the house to be able help out of your ","J and the other one 1⃣ it was the first thing I did it was the first one I was talking to ","Very good and very good and very good and very good and very decent quality for me lol 😂 it would ","","United States","","30-39","Doctorate/PhD","","5 to 10 years","Female","","Service/public service","","763.52","","","280.22","","10","13.83","4.45","","7.72","22.69","7.74","10.66","19.14","9.74","94.28","27.36","16.59","26.27","20.85","22.6","9.54","21.68","","17.06","","5.39","3.95","3.95","3.37","2.75","12.15","16.31","","10.87","9.31","11.64","2.56","","10.34","5.21","5.44","6.01","6.99","4.86"
"293","1980-01-01 00:00:00","37","en","480945621","64593424-8429-8e08-c425-22b2d5e40df1","I accept the outlined privacy policy","Yes","gems gems gemstones are so cool ","","7 - Strongly agree","6 - Agree","5 - Somewhat agree","6 - Agree","6 - Agree","5 - Somewhat agree","2 - Disagree","5 - Somewhat agree","4 - Neither agree nor disagree","6 - Agree","6 - Agree","5 - Somewhat agree","6 - Agree","7 - Strongly agree","5 - Somewhat agree","6 - Agree","7 - Strongly agree","3 - Somewhat disagree","4 - Neither agree nor disagree","6 - Agree","4 - Neither agree nor disagree","5 - Somewhat agree","6 - Agree","7 - Strongly agree","7 - Strongly agree","5 - Somewhat agree","4 - Neither agree nor disagree","6 - Agree","4 - Neither agree nor disagree","6 - Agree","2 - Disagree","6 - Agree","6 - Agree","","5 - Somewhat agree","2 - Disagree","2 - Disagree","3 - Somewhat disagree","6 - Agree","6 - Agree","5 - Somewhat agree","5 - Somewhat agree","3 - Somewhat disagree","4 - Neither agree nor disagree","6 - Agree","3 - Somewhat disagree","1 - Strongly disagree","7 - Strongly agree","4 - Neither agree nor disagree","6 - Agree","6 - Agree","5 - Somewhat agree","5 - Somewhat agree","7 - Strongly agree","3 - Somewhat disagree","6 - Agree","4 - Neither agree nor disagree","4 - Neither agree nor disagree","5 - Somewhat agree","6 - Agree","4 - Neither agree nor disagree","4 - Neither agree nor disagree","7 - Strongly agree","3 - Somewhat disagree","5 - Somewhat agree","6 - Agree","7 - Strongly agree","6 - Agree","6 - Agree","7 - Strongly agree","","","","5 - Somewhat agree","5 - Somewhat agree","5 - Somewhat agree","7 - Strongly agree","6 - Agree","5 - Somewhat agree","7 - Strongly agree","7 - Strongly agree","7 - impossible","6 - unlikely","2 - likely","3 - somewhat likely","6 - Agree","... increased","... remained the same","... increased","... increased","Yes","to a high degree","I don’t have much to say but my feee gems are in a good spot right here on my island so i’m gonna go check it all the more to ","i’m going on the beach with the ion on it for about two minutes so i’m not gonna go back for the rest the night ","the first time the two countries were to sign the agreement is that it was the last step ","the first thing that comes out when i see the first thing i think about in the next few ","United States","","21-29","Bachelor's/Prediploma","","2 to 5 years","Male","","Production","","1232.06","","","24.2","","26.3","451.14","13.52","","169.84","40.48","7.1","21.74","15.93","14.07","8.97","59.27","22.33","21.08","23.27","32.42","53.11","15.64","","10.52","","4.4","12.25","9.26","3.53","3.65","4.79","4.61","","25.44","21.77","11.43","9.71","","8.18","6.87","46.63","6.61","9.55","12.45"
"294","1980-01-01 00:00:00","37","en","730153268","645933f3-7d7a-c393-5832-ab05fa436d33","I accept the outlined privacy policy","Yes","Cerner","","2 - Disagree","2 - Disagree","2 - Disagree","5 - Somewhat agree","3 - Somewhat disagree","2 - Disagree","4 - Neither agree nor disagree","3 - Somewhat disagree","3 - Somewhat disagree","2 - Disagree","3 - Somewhat disagree","5 - Somewhat agree","2 - Disagree","1 - Strongly disagree","2 - Disagree","7 - Strongly agree","5 - Somewhat agree","5 - Somewhat agree","5 - Somewhat agree","5 - Somewhat agree","5 - Somewhat agree","2 - Disagree","5 - Somewhat agree","5 - Somewhat agree","3 - Somewhat disagree","5 - Somewhat agree","5 - Somewhat agree","2 - Disagree","4 - Neither agree nor disagree","2 - Disagree","2 - Disagree","5 - Somewhat agree","5 - Somewhat agree","3 - Somewhat disagree","5 - Somewhat agree","5 - Somewhat agree","4 - Neither agree nor disagree","4 - Neither agree nor disagree","4 - Neither agree nor disagree","5 - Somewhat agree","4 - Neither agree nor disagree","2 - Disagree","3 - Somewhat disagree","3 - Somewhat disagree","4 - Neither agree nor disagree","3 - Somewhat disagree","4 - Neither agree nor disagree","4 - Neither agree nor disagree","2 - Disagree","4 - Neither agree nor disagree","5 - Somewhat agree","5 - Somewhat agree","5 - Somewhat agree","5 - Somewhat agree","5 - Somewhat agree","5 - Somewhat agree","5 - Somewhat agree","5 - Somewhat agree","5 - Somewhat agree","5 - Somewhat agree","5 - Somewhat agree","5 - Somewhat agree","5 - Somewhat agree","5 - Somewhat agree","5 - Somewhat agree","5 - Somewhat agree","5 - Somewhat agree","5 - Somewhat agree","5 - Somewhat agree","3 - Somewhat disagree","3 - Somewhat disagree","4 - Neither agree nor disagree","2 - Disagree","4 - Neither agree nor disagree","3 - Somewhat disagree","3 - Somewhat disagree","4 - Neither agree nor disagree","3 - Somewhat disagree","3 - Somewhat disagree","3 - Somewhat disagree","4 - Neither agree nor disagree","3 - somewhat likely","4 - fifty-fifty","2 - likely","5 - somewhat unlikely","5 - Somewhat agree","... remained the same","... decreased","... increased","... remained the same","No","","The fact that Cerner was not structured for any OB associated unit","No more paper charting","Learning how to use it","No more paper charting","United States","","40-49","Master's/Diploma","","10 to 20 years","Female","","Medical/Healthcare","","680.84","","","17.18","","10.1","12.07","2.94","","14.95","29.67","18.11","20.66","29.23","42.07","34.97","19.49","15.89","18.61","33","26.33","32.18","97.28","","39.91","","9.64","6.69","7.15","10.85","9.28","7.98","","","46.73","11.36","15.27","11.08","","6.03","3.5","5.61","6.06","3.18","5.79"
"295","","37","en","1512689616","6459340c-23e9-96cd-3dc1-9d2589caac81","I accept the outlined privacy policy","No","","","","","","","","","","","","","","","","","","","","","","","","","","","","","","","","","","","","","","","","","","","","","","","","","","","","","","","","","","","","","","","","","","","","","","","","","","","","","","","","","","","","","","","","","","","","","N/A","","","","","","","","","","","","","","","","20.59","","","8.54","","12.05","","","","","","","","","","","","","","","","","","","","","","","","","","","","","","","","","","","","","","",""
"296","1980-01-01 00:00:00","37","en","1186722391","64593416-ae22-ce0d-8a9d-7b606a991b0c","I accept the outlined privacy policy","Yes","None ","","4 - Neither agree nor disagree","4 - Neither agree nor disagree","4 - Neither agree nor disagree","4 - Neither agree nor disagree","4 - Neither agree nor disagree","4 - Neither agree nor disagree","4 - Neither agree nor disagree","4 - Neither agree nor disagree","4 - Neither agree nor disagree","4 - Neither agree nor disagree","4 - Neither agree nor disagree","4 - Neither agree nor disagree","4 - Neither agree nor disagree","4 - Neither agree nor disagree","4 - Neither agree nor disagree","4 - Neither agree nor disagree","4 - Neither agree nor disagree","4 - Neither agree nor disagree","4 - Neither agree nor disagree","4 - Neither agree nor disagree","4 - Neither agree nor disagree","4 - Neither agree nor disagree","4 - Neither agree nor disagree","4 - Neither agree nor disagree","4 - Neither agree nor disagree","4 - Neither agree nor disagree","4 - Neither agree nor disagree","4 - Neither agree nor disagree","4 - Neither agree nor disagree","4 - Neither agree nor disagree","4 - Neither agree nor disagree","4 - Neither agree nor disagree","4 - Neither agree nor disagree","4 - Neither agree nor disagree","4 - Neither agree nor disagree","4 - Neither agree nor disagree","4 - Neither agree nor disagree","4 - Neither agree nor disagree","4 - Neither agree nor disagree","4 - Neither agree nor disagree","4 - Neither agree nor disagree","4 - Neither agree nor disagree","4 - Neither agree nor disagree","4 - Neither agree nor disagree","4 - Neither agree nor disagree","4 - Neither agree nor disagree","4 - Neither agree nor disagree","4 - Neither agree nor disagree","4 - Neither agree nor disagree","4 - Neither agree nor disagree","4 - Neither agree nor disagree","4 - Neither agree nor disagree","4 - Neither agree nor disagree","4 - Neither agree nor disagree","4 - Neither agree nor disagree","4 - Neither agree nor disagree","4 - Neither agree nor disagree","4 - Neither agree nor disagree","4 - Neither agree nor disagree","4 - Neither agree nor disagree","4 - Neither agree nor disagree","4 - Neither agree nor disagree","4 - Neither agree nor disagree","4 - Neither agree nor disagree","4 - Neither agree nor disagree","4 - Neither agree nor disagree","4 - Neither agree nor disagree","4 - Neither agree nor disagree","4 - Neither agree nor disagree","4 - Neither agree nor disagree","4 - Neither agree nor disagree","4 - Neither agree nor disagree","4 - Neither agree nor disagree","4 - Neither agree nor disagree","4 - Neither agree nor disagree","4 - Neither agree nor disagree","4 - Neither agree nor disagree","4 - Neither agree nor disagree","4 - Neither agree nor disagree","4 - Neither agree nor disagree","4 - Neither agree nor disagree","4 - fifty-fifty","4 - fifty-fifty","4 - fifty-fifty","4 - fifty-fifty","4 - Neither agree nor disagree","... remained the same","","","... remained the same","No","","None ","None ","None ","None ","United States","","40-49","Master's/Diploma","","None","Female","","","","241.59","","","11.58","","4.3","3.86","3.76","","6.56","8.45","6.91","6.79","12.06","10.63","8.3","9.92","11.63","8.87","15.85","10.76","8.77","11.45","","8.06","","3.4","3.68","5.42","2.07","2.46","6.16","","","3.63","4.3","3.81","3.97","","3.95","3.75","10.97","5.2","3","7.31"
"297","1980-01-01 00:00:00","37","en","1174605273","6459340d-4f6e-16b6-a920-9c3ad68a8065","I accept the outlined privacy policy","Yes","I was asked to help a company fix their wifi. They did not have the correct box for their building and it did not work over the main frame. I used the hotspot from my phone to get it working on the database. We used Microsoft office when it was said and done to get all of the desktops to sync up to each other.","","6 - Agree","7 - Strongly agree","7 - Strongly agree","6 - Agree","6 - Agree","6 - Agree","6 - Agree","6 - Agree","6 - Agree","2 - Disagree","6 - Agree","6 - Agree","2 - Disagree","4 - Neither agree nor disagree","4 - Neither agree nor disagree","6 - Agree","6 - Agree","6 - Agree","6 - Agree","6 - Agree","6 - Agree","6 - Agree","6 - Agree","6 - Agree","7 - Strongly agree","6 - Agree","6 - Agree","3 - Somewhat disagree","7 - Strongly agree","6 - Agree","6 - Agree","3 - Somewhat disagree","2 - Disagree","3 - Somewhat disagree","2 - Disagree","2 - Disagree","6 - Agree","5 - Somewhat agree","5 - Somewhat agree","7 - Strongly agree","5 - Somewhat agree","7 - Strongly agree","6 - Agree","6 - Agree","7 - Strongly agree","5 - Somewhat agree","7 - Strongly agree","7 - Strongly agree","6 - Agree","6 - Agree","6 - Agree","6 - Agree","6 - Agree","6 - Agree","7 - Strongly agree","6 - Agree","6 - Agree","7 - Strongly agree","6 - Agree","6 - Agree","6 - Agree","6 - Agree","6 - Agree","6 - Agree","6 - Agree","6 - Agree","6 - Agree","6 - Agree","6 - Agree","5 - Somewhat agree","6 - Agree","6 - Agree","5 - Somewhat agree","7 - Strongly agree","6 - Agree","6 - Agree","7 - Strongly agree","6 - Agree","5 - Somewhat agree","6 - Agree","6 - Agree","2 - likely","6 - unlikely","1 - certain","6 - unlikely","5 - Somewhat agree","... increased","... decreased","... remained the same","... increased","No","","The biggest problem that is a challenge for the success of a digital transformation in my project is the people not knowing how to use digital technological information. We have to train more people which takes more time for them to understand how to use it.","The biggest benefit in our transformation into digital technology is the fact that we can get more work done in a shorter amount of time.","In general the biggest challenge would have to be mistakes. If someone makes a mistake it takes time to fix it that within time should get easier.","In general the best part of the general transformation is productivity. Our workload is greater but becomes easier with our new database.

","United States","","30-39","Advanced technical college certificate","","2 to 5 years","Female","","Service/public service","","1598.74","","","32.54","","10.81","174.32","14.64","","26.55","47.01","24.63","33.35","48.5","64.82","28.76","21.76","60.96","64.71","103.2","51.85","54.35","65.95","","39.25","","12.35","11.04","10.15","25.69","12.64","21.96","","","77.34","112.1","105.94","172.42","","7.34","6.6","26.56","9.62","5.19","13.84"
"298","","37","en","407814759","6459340c-c59a-2e9a-95bb-5a3464b764d3","I accept the outlined privacy policy","No","","","","","","","","","","","","","","","","","","","","","","","","","","","","","","","","","","","","","","","","","","","","","","","","","","","","","","","","","","","","","","","","","","","","","","","","","","","","","","","","","","","","","","","","","","","","","N/A","","","","","","","","","","","","","","","","17.58","","","12.15","","5.43","","","","","","","","","","","","","","","","","","","","","","","","","","","","","","","","","","","","","","",""
"299","1980-01-01 00:00:00","37","en","1741713832","64593421-f469-a74d-4ab2-130fd81b388d","I accept the outlined privacy policy","Yes","Yes","","7 - Strongly agree","7 - Strongly agree","7 - Strongly agree","7 - Strongly agree","7 - Strongly agree","7 - Strongly agree","7 - Strongly agree","7 - Strongly agree","7 - Strongly agree","7 - Strongly agree","4 - Neither agree nor disagree","3 - Somewhat disagree","7 - Strongly agree","7 - Strongly agree","7 - Strongly agree","7 - Strongly agree","6 - Agree","5 - Somewhat agree","1 - Strongly disagree","2 - Disagree","","3 - Somewhat disagree","7 - Strongly agree","4 - Neither agree nor disagree","7 - Strongly agree","7 - Strongly agree","7 - Strongly agree","7 - Strongly agree","4 - Neither agree nor disagree","6 - Agree","6 - Agree","7 - Strongly agree","7 - Strongly agree","2 - Disagree","6 - Agree","1 - Strongly disagree","4 - Neither agree nor disagree","6 - Agree","7 - Strongly agree","3 - Somewhat disagree","7 - Strongly agree","2 - Disagree","5 - Somewhat agree","","4 - Neither agree nor disagree","6 - Agree","4 - Neither agree nor disagree","6 - Agree","5 - Somewhat agree","6 - Agree","3 - Somewhat disagree","","3 - Somewhat disagree","4 - Neither agree nor disagree","4 - Neither agree nor disagree","7 - Strongly agree","","2 - Disagree","7 - Strongly agree","","4 - Neither agree nor disagree","4 - Neither agree nor disagree","5 - Somewhat agree","6 - Agree","2 - Disagree","7 - Strongly agree","6 - Agree","2 - Disagree","3 - Somewhat disagree","2 - Disagree","1 - Strongly disagree","4 - Neither agree nor disagree","5 - Somewhat agree","3 - Somewhat disagree","7 - Strongly agree","5 - Somewhat agree","4 - Neither agree nor disagree","4 - Neither agree nor disagree","","3 - Somewhat disagree","","7 - impossible","7 - impossible","7 - impossible","7 - impossible","6 - Agree","... remained the same","... increased","... remained the same","... decreased","Yes","to a very high degree","Yes","I’m gay","Gay boy","Very good","Rest of Europe","","21-29","Lower school-leaving certificate","","less than 2 years","Male","","Medical/Healthcare","","318.49","","","27.62","","7.87","7.05","2.2","","8.49","12.56","6.22","10.38","14.9","10.14","8.21","10.01","20.48","10.95","15.95","11.91","8.17","10.21","","10.83","","6.77","8.39","5.59","4.5","4.61","7.36","5.57","","5.85","6.08","5.69","9.15","","3.63","4.95","5.51","5.88","4.1","10.71"
"300","1980-01-01 00:00:00","37","en","240709447","6459341e-6711-aded-0825-6d0153c1cd67","I accept the outlined privacy policy","Yes","I really like it and I T good and I like it ","","5 - Somewhat agree","2 - Disagree","4 - Neither agree nor disagree","","","","","","","6 - Agree","5 - Somewhat agree","5 - Somewhat agree","4 - Neither agree nor disagree","6 - Agree","2 - Disagree","5 - Somewhat agree","1 - Strongly disagree","5 - Somewhat agree","4 - Neither agree nor disagree","2 - Disagree","3 - Somewhat disagree","1 - Strongly disagree","2 - Disagree","6 - Agree","2 - Disagree","5 - Somewhat agree","2 - Disagree","4 - Neither agree nor disagree","","","","3 - Somewhat disagree","3 - Somewhat disagree","3 - Somewhat disagree","3 - Somewhat disagree","4 - Neither agree nor disagree","7 - Strongly agree","4 - Neither agree nor disagree","4 - Neither agree nor disagree","5 - Somewhat agree","3 - Somewhat disagree","3 - Somewhat disagree","5 - Somewhat agree","3 - Somewhat disagree","4 - Neither agree nor disagree","5 - Somewhat agree","5 - Somewhat agree","2 - Disagree","5 - Somewhat agree","4 - Neither agree nor disagree","4 - Neither agree nor disagree","5 - Somewhat agree","4 - Neither agree nor disagree","4 - Neither agree nor disagree","7 - Strongly agree","6 - Agree","5 - Somewhat agree","4 - Neither agree nor disagree","5 - Somewhat agree","4 - Neither agree nor disagree","7 - Strongly agree","4 - Neither agree nor disagree","2 - Disagree","3 - Somewhat disagree","4 - Neither agree nor disagree","3 - Somewhat disagree","4 - Neither agree nor disagree","2 - Disagree","4 - Neither agree nor disagree","5 - Somewhat agree","6 - Agree","5 - Somewhat agree","4 - Neither agree nor disagree","4 - Neither agree nor disagree","5 - Somewhat agree","3 - Somewhat disagree","4 - Neither agree nor disagree","3 - Somewhat disagree","6 - Agree","5 - Somewhat agree","4 - Neither agree nor disagree","6 - unlikely","4 - fifty-fifty","3 - somewhat likely","7 - impossible","4 - Neither agree nor disagree","... remained the same","","","","No","","I liked it burnt","I miss n ","","Ysh","Other","Djjdjdj","21-29","Other","Ndndncn","","Other","Jdjdjfjrjr","","","390.67","","","13.11","","17.17","16.37","3.86","","9.09","9.78","6.85","32.36","22.69","6.76","5.96","11.79","39.51","9.65","20.36","15.25","7.99","18.96","","8.35","","4.29","3.55","2.24","2.72","2.01","10.59","","","12.27","6.5","2.02","3.37","","6.56","14.12","7.35","15.44","8.2","13.58"
"301","1980-01-01 00:00:00","37","en","483322669","64593413-64c7-ad6d-9a6c-c37a3dbefbca","I accept the outlined privacy policy","Yes","animal ","","6 - Agree","6 - Agree","6 - Agree","7 - Strongly agree","7 - Strongly agree","7 - Strongly agree","7 - Strongly agree","7 - Strongly agree","7 - Strongly agree","7 - Strongly agree","3 - Somewhat disagree","3 - Somewhat disagree","7 - Strongly agree","7 - Strongly agree","7 - Strongly agree","7 - Strongly agree","4 - Neither agree nor disagree","7 - Strongly agree","6 - Agree","5 - Somewhat agree","7 - Strongly agree","7 - Strongly agree","4 - Neither agree nor disagree","7 - Strongly agree","7 - Strongly agree","5 - Somewhat agree","4 - Neither agree nor disagree","6 - Agree","4 - Neither agree nor disagree","5 - Somewhat agree","7 - Strongly agree","6 - Agree","7 - Strongly agree","6 - Agree","7 - Strongly agree","7 - Strongly agree","6 - Agree","4 - Neither agree nor disagree","3 - Somewhat disagree","2 - Disagree","1 - Strongly disagree","4 - Neither agree nor disagree","7 - Strongly agree","5 - Somewhat agree","7 - Strongly agree","5 - Somewhat agree","3 - Somewhat disagree","6 - Agree","4 - Neither agree nor disagree","4 - Neither agree nor disagree","5 - Somewhat agree","6 - Agree","4 - Neither agree nor disagree","","2 - Disagree","","","3 - Somewhat disagree","","7 - Strongly agree","1 - Strongly disagree","7 - Strongly agree","6 - Agree","5 - Somewhat agree","7 - Strongly agree","7 - Strongly agree","3 - Somewhat disagree","7 - Strongly agree","4 - Neither agree nor disagree","5 - Somewhat agree","7 - Strongly agree","6 - Agree","4 - Neither agree nor disagree","","","7 - Strongly agree","7 - Strongly agree","7 - Strongly agree","7 - Strongly agree","7 - Strongly agree","","7 - impossible","6 - unlikely","5 - somewhat unlikely","4 - fifty-fifty","6 - Agree","... increased","... remained the same","... remained the same","... remained the same","Yes","to a high degree","saving animals ","more animals are saved","getting the animals adopted","more animals are adopted","United States","","21-29","Upper school-leaving certificate/GCE","","5 to 10 years","Female","","Production","","934.42","","","22.21","","8.95","14.56","4.44","","11.96","20.59","9.75","8.76","12.02","12.53","14.53","8.52","22.38","18.47","21.16","260.6","12.3","12.69","","8.72","","10.29","6.71","5.99","3.99","4.42","6.2","5.68","","121.57","16.59","16.13","183.11","","7.61","7.86","10.31","9.66","6.62","6.54"
"302","","37","en","1445111935","645933f9-91b1-e46a-dd45-0b2ca6f40974","I accept the outlined privacy policy","No","","","","","","","","","","","","","","","","","","","","","","","","","","","","","","","","","","","","","","","","","","","","","","","","","","","","","","","","","","","","","","","","","","","","","","","","","","","","","","","","","","","","","","","","","","","","","N/A","","","","","","","","","","","","","","","","37.52","","","28.14","","9.38","","","","","","","","","","","","","","","","","","","","","","","","","","","","","","","","","","","","","","",""
"303","","37","en","2106962209","645933fa-d401-a4a9-83a0-7e2d91b9cb06","I accept the outlined privacy policy","No","","","","","","","","","","","","","","","","","","","","","","","","","","","","","","","","","","","","","","","","","","","","","","","","","","","","","","","","","","","","","","","","","","","","","","","","","","","","","","","","","","","","","","","","","","","","","N/A","","","","","","","","","","","","","","","","32.77","","","11.1","","21.67","","","","","","","","","","","","","","","","","","","","","","","","","","","","","","","","","","","","","","",""
"304","","37","en","1574077302","645933f9-eb0e-d46b-db49-b1fd5b3c5f30","I accept the outlined privacy policy","No","","","","","","","","","","","","","","","","","","","","","","","","","","","","","","","","","","","","","","","","","","","","","","","","","","","","","","","","","","","","","","","","","","","","","","","","","","","","","","","","","","","","","","","","","","","","","N/A","","","","","","","","","","","","","","","","22.3","","","16.26","","6.04","","","","","","","","","","","","","","","","","","","","","","","","","","","","","","","","","","","","","","",""
"305","","37","en","828220180","6459341b-b356-5a93-cd68-6ad68ca1d629","I accept the outlined privacy policy","No","","","","","","","","","","","","","","","","","","","","","","","","","","","","","","","","","","","","","","","","","","","","","","","","","","","","","","","","","","","","","","","","","","","","","","","","","","","","","","","","","","","","","","","","","","","","","N/A","","","","","","","","","","","","","","","","28.55","","","14.7","","13.85","","","","","","","","","","","","","","","","","","","","","","","","","","","","","","","","","","","","","","",""
"306","","3","en","1766821751","64593425-963c-e529-9b48-47aa4da1bbdf","I accept the outlined privacy policy","Yes","","","","","","","","","","","","","","","","","","","","","","","","","","","","","","","","","","","","","","","","","","","","","","","","","","","","","","","","","","","","","","","","","","","","","","","","","","","","","","","","","","","","","","","","","","","","","N/A","","","","","","","","","","","","","","","","21","","","13.57","","7.43","","","","","","","","","","","","","","","","","","","","","","","","","","","","","","","","","","","","","","",""
"307","1980-01-01 00:00:00","37","en","102873545","64593413-3d86-ed5f-fd5e-51c53a16dc6a","I accept the outlined privacy policy","Yes","Photoshop and place it and instagram","","7 - Strongly agree","5 - Somewhat agree","7 - Strongly agree","7 - Strongly agree","7 - Strongly agree","7 - Strongly agree","7 - Strongly agree","5 - Somewhat agree","5 - Somewhat agree","7 - Strongly agree","7 - Strongly agree","7 - Strongly agree","7 - Strongly agree","6 - Agree","5 - Somewhat agree","4 - Neither agree nor disagree","6 - Agree","7 - Strongly agree","6 - Agree","7 - Strongly agree","7 - Strongly agree","4 - Neither agree nor disagree","7 - Strongly agree","6 - Agree","7 - Strongly agree","7 - Strongly agree","6 - Agree","2 - Disagree","7 - Strongly agree","3 - Somewhat disagree","2 - Disagree","6 - Agree","6 - Agree","6 - Agree","5 - Somewhat agree","5 - Somewhat agree","5 - Somewhat agree","3 - Somewhat disagree","5 - Somewhat agree","3 - Somewhat disagree","5 - Somewhat agree","7 - Strongly agree","4 - Neither agree nor disagree","5 - Somewhat agree","5 - Somewhat agree","7 - Strongly agree","3 - Somewhat disagree","7 - Strongly agree","5 - Somewhat agree","5 - Somewhat agree","7 - Strongly agree","4 - Neither agree nor disagree","5 - Somewhat agree","3 - Somewhat disagree","6 - Agree","7 - Strongly agree","6 - Agree","3 - Somewhat disagree","6 - Agree","3 - Somewhat disagree","5 - Somewhat agree","7 - Strongly agree","6 - Agree","4 - Neither agree nor disagree","7 - Strongly agree","5 - Somewhat agree","4 - Neither agree nor disagree","7 - Strongly agree","5 - Somewhat agree","7 - Strongly agree","7 - Strongly agree","7 - Strongly agree","6 - Agree","7 - Strongly agree","7 - Strongly agree","5 - Somewhat agree","5 - Somewhat agree","5 - Somewhat agree","7 - Strongly agree","6 - Agree","6 - Agree","2 - likely","3 - somewhat likely","4 - fifty-fifty","2 - likely","6 - Agree","... increased","... remained the same","... decreased","... decreased","Yes","to a low degree","Learning a new system while being used to another one","Making my job easier ","Learning new systems ","Taking everything online","United States","","21-29","Advanced technical college certificate","","less than 2 years","Female","","Medical/Healthcare","","1230.52","","","24.67","","9.45","18.13","3.41","","40.67","54.08","14.18","74.31","29.68","57.35","45.11","30.51","43.02","52.74","49.77","29.91","16.03","36.67","","110.31","","88.5","49.96","13.09","7.17","134.02","6.94","26.72","","45.02","37.74","11.27","19.83","","13.45","7.25","5.15","9.26","4.96","10.19"
"308","","37","en","983656392","645933fb-3228-7c31-da4f-941ceb32ab4b","I accept the outlined privacy policy","No","","","","","","","","","","","","","","","","","","","","","","","","","","","","","","","","","","","","","","","","","","","","","","","","","","","","","","","","","","","","","","","","","","","","","","","","","","","","","","","","","","","","","","","","","","","","","N/A","","","","","","","","","","","","","","","","80.94","","","44.47","","36.47","","","","","","","","","","","","","","","","","","","","","","","","","","","","","","","","","","","","","","",""
"309","1980-01-01 00:00:00","37","en","312921127","64593407-117b-6cdc-65cd-c81a59bb4cb8","I accept the outlined privacy policy","Yes","Excel
Reload
Coding ","","4 - Neither agree nor disagree","4 - Neither agree nor disagree","4 - Neither agree nor disagree","4 - Neither agree nor disagree","4 - Neither agree nor disagree","4 - Neither agree nor disagree","4 - Neither agree nor disagree","4 - Neither agree nor disagree","4 - Neither agree nor disagree","4 - Neither agree nor disagree","4 - Neither agree nor disagree","4 - Neither agree nor disagree","4 - Neither agree nor disagree","4 - Neither agree nor disagree","4 - Neither agree nor disagree","4 - Neither agree nor disagree","4 - Neither agree nor disagree","4 - Neither agree nor disagree","4 - Neither agree nor disagree","4 - Neither agree nor disagree","4 - Neither agree nor disagree","4 - Neither agree nor disagree","4 - Neither agree nor disagree","4 - Neither agree nor disagree","4 - Neither agree nor disagree","4 - Neither agree nor disagree","4 - Neither agree nor disagree","4 - Neither agree nor disagree","4 - Neither agree nor disagree","4 - Neither agree nor disagree","4 - Neither agree nor disagree","4 - Neither agree nor disagree","4 - Neither agree nor disagree","4 - Neither agree nor disagree","4 - Neither agree nor disagree","4 - Neither agree nor disagree","4 - Neither agree nor disagree","4 - Neither agree nor disagree","4 - Neither agree nor disagree","4 - Neither agree nor disagree","4 - Neither agree nor disagree","4 - Neither agree nor disagree","4 - Neither agree nor disagree","4 - Neither agree nor disagree","4 - Neither agree nor disagree","4 - Neither agree nor disagree","4 - Neither agree nor disagree","4 - Neither agree nor disagree","4 - Neither agree nor disagree","4 - Neither agree nor disagree","4 - Neither agree nor disagree","4 - Neither agree nor disagree","4 - Neither agree nor disagree","4 - Neither agree nor disagree","4 - Neither agree nor disagree","4 - Neither agree nor disagree","4 - Neither agree nor disagree","4 - Neither agree nor disagree","4 - Neither agree nor disagree","4 - Neither agree nor disagree","4 - Neither agree nor disagree","4 - Neither agree nor disagree","4 - Neither agree nor disagree","4 - Neither agree nor disagree","4 - Neither agree nor disagree","4 - Neither agree nor disagree","4 - Neither agree nor disagree","4 - Neither agree nor disagree","4 - Neither agree nor disagree","4 - Neither agree nor disagree","4 - Neither agree nor disagree","4 - Neither agree nor disagree","4 - Neither agree nor disagree","4 - Neither agree nor disagree","4 - Neither agree nor disagree","4 - Neither agree nor disagree","4 - Neither agree nor disagree","4 - Neither agree nor disagree","4 - Neither agree nor disagree","4 - Neither agree nor disagree","4 - Neither agree nor disagree","4 - fifty-fifty","4 - fifty-fifty","4 - fifty-fifty","4 - fifty-fifty","4 - Neither agree nor disagree","... remained the same","... decreased","... remained the same","... remained the same","Yes","to a high degree","N/a","N/a","First leading step","N/a","United States","","21-29","Bachelor's/Prediploma","","less than 2 years","Female","","Medical/Healthcare","","797.75","","","6.86","","12.53","29.13","3.25","","19.79","20.28","17.56","20.55","51.05","15.27","16.41","58.71","18.58","44.92","30.75","17.6","13.07","38.51","","23.6","","9.5","21.29","10.79","21","3.62","24.44","7.69","","85.28","6.84","17.24","8.48","","9.73","11.38","62.3","16.54","13.04","10.17"
"310","","","en","1095512186","","","N/A","","","","","","","","","","","","","","","","","","","","","","","","","","","","","","","","","","","","","","","","","","","","","","","","","","","","","","","","","","","","","","","","","","","","","","","","","","","","","","","","","","","","","","","","","","","","","N/A","","","","","","","","","","","","","","","","0","","","","","","","","","","","","","","","","","","","","","","","","","","","","","","","","","","","","","","","","","","","",""
"311","","37","en","918470524","645933de-e8ee-9654-d9d4-d433ea7a1425","I accept the outlined privacy policy","No","","","","","","","","","","","","","","","","","","","","","","","","","","","","","","","","","","","","","","","","","","","","","","","","","","","","","","","","","","","","","","","","","","","","","","","","","","","","","","","","","","","","","","","","","","","","","N/A","","","","","","","","","","","","","","","","36.76","","","20.28","","16.48","","","","","","","","","","","","","","","","","","","","","","","","","","","","","","","","","","","","","","",""
"312","","26","en","166849163","645933f9-8e14-d171-5063-64c0f60acae4","I accept the outlined privacy policy","Yes","Computing technology and technology project to serve the company's financial and banking data ","","7 - Strongly agree","4 - Neither agree nor disagree","6 - Agree","","","","","","7 - Strongly agree","7 - Strongly agree","7 - Strongly agree","6 - Agree","5 - Somewhat agree","7 - Strongly agree","6 - Agree","7 - Strongly agree","7 - Strongly agree","5 - Somewhat agree","7 - Strongly agree","7 - Strongly agree","6 - Agree","6 - Agree","7 - Strongly agree","6 - Agree","7 - Strongly agree","6 - Agree","7 - Strongly agree","7 - Strongly agree","6 - Agree","5 - Somewhat agree","7 - Strongly agree","7 - Strongly agree","7 - Strongly agree","7 - Strongly agree","6 - Agree","7 - Strongly agree","5 - Somewhat agree","6 - Agree","2 - Disagree","7 - Strongly agree","5 - Somewhat agree","4 - Neither agree nor disagree","3 - Somewhat disagree","","4 - Neither agree nor disagree","7 - Strongly agree","6 - Agree","3 - Somewhat disagree","2 - Disagree","5 - Somewhat agree","5 - Somewhat agree","","2 - Disagree","","3 - Somewhat disagree","5 - Somewhat agree","4 - Neither agree nor disagree","7 - Strongly agree","3 - Somewhat disagree","1 - Strongly disagree","6 - Agree","6 - Agree","6 - Agree","7 - Strongly agree","5 - Somewhat agree","7 - Strongly agree","7 - Strongly agree","7 - Strongly agree","7 - Strongly agree","7 - Strongly agree","6 - Agree","7 - Strongly agree","7 - Strongly agree","7 - Strongly agree","7 - Strongly agree","7 - Strongly agree","6 - Agree","7 - Strongly agree","7 - Strongly agree","7 - Strongly agree","6 - Agree","2 - likely","3 - somewhat likely","2 - likely","2 - likely","7 - Strongly agree","... increased","... increased","... increased","... remained the same","Yes","","","","","","","","","","","","","","","","805.65","","","34.84","","21.22","91.97","17.38","","10.89","29.83","9.99","17.09","29.37","24.75","108.43","11.19","38.74","38.78","66.37","28.95","16.63","73.5","","59.86","","9.95","25.42","17.58","6.8","7.41","8.71","","","","","","","","","","","","",""
"313","","1","en","1058513113","64593436-75bd-8313-0797-34e8f7477c22","","N/A","","","","","","","","","","","","","","","","","","","","","","","","","","","","","","","","","","","","","","","","","","","","","","","","","","","","","","","","","","","","","","","","","","","","","","","","","","","","","","","","","","","","","","","","","","","","","N/A","","","","","","","","","","","","","","","","11.47","","","11.47","","","","","","","","","","","","","","","","","","","","","","","","","","","","","","","","","","","","","","","","",""
"314","","3","en","2065219839","64593437-aacf-087f-ff22-f65ec4a0ec64","I accept the outlined privacy policy","Yes","","","","","","","","","","","","","","","","","","","","","","","","","","","","","","","","","","","","","","","","","","","","","","","","","","","","","","","","","","","","","","","","","","","","","","","","","","","","","","","","","","","","","","","","","","","","","N/A","","","","","","","","","","","","","","","","39.19","","","35.36","","3.83","","","","","","","","","","","","","","","","","","","","","","","","","","","","","","","","","","","","","","",""
"315","","37","en","1785564857","6459342a-7531-dbb9-f2dd-17c3c45aa09c","I accept the outlined privacy policy","No","","","","","","","","","","","","","","","","","","","","","","","","","","","","","","","","","","","","","","","","","","","","","","","","","","","","","","","","","","","","","","","","","","","","","","","","","","","","","","","","","","","","","","","","","","","","","N/A","","","","","","","","","","","","","","","","8.38","","","5.13","","3.25","","","","","","","","","","","","","","","","","","","","","","","","","","","","","","","","","","","","","","",""
"316","1980-01-01 00:00:00","37","en","1194865641","64593442-5b30-14d3-c7e7-7bbafb71da46","I accept the outlined privacy policy","Yes","Für forschung experimente","","5 - Somewhat agree","4 - Neither agree nor disagree","6 - Agree","7 - Strongly agree","5 - Somewhat agree","5 - Somewhat agree","4 - Neither agree nor disagree","6 - Agree","3 - Somewhat disagree","5 - Somewhat agree","7 - Strongly agree","6 - Agree","5 - Somewhat agree","6 - Agree","3 - Somewhat disagree","4 - Neither agree nor disagree","5 - Somewhat agree","6 - Agree","7 - Strongly agree","4 - Neither agree nor disagree","5 - Somewhat agree","7 - Strongly agree","6 - Agree","6 - Agree","4 - Neither agree nor disagree","6 - Agree","7 - Strongly agree","7 - Strongly agree","4 - Neither agree nor disagree","3 - Somewhat disagree","4 - Neither agree nor disagree","7 - Strongly agree","4 - Neither agree nor disagree","7 - Strongly agree","6 - Agree","7 - Strongly agree","5 - Somewhat agree","4 - Neither agree nor disagree","5 - Somewhat agree","5 - Somewhat agree","6 - Agree","7 - Strongly agree","7 - Strongly agree","5 - Somewhat agree","4 - Neither agree nor disagree","5 - Somewhat agree","5 - Somewhat agree","7 - Strongly agree","6 - Agree","5 - Somewhat agree","7 - Strongly agree","6 - Agree","6 - Agree","5 - Somewhat agree","6 - Agree","6 - Agree","6 - Agree","5 - Somewhat agree","7 - Strongly agree","6 - Agree","5 - Somewhat agree","7 - Strongly agree","6 - Agree","6 - Agree","7 - Strongly agree","3 - Somewhat disagree","5 - Somewhat agree","6 - Agree","4 - Neither agree nor disagree","7 - Strongly agree","7 - Strongly agree","6 - Agree","7 - Strongly agree","6 - Agree","5 - Somewhat agree","6 - Agree","5 - Somewhat agree","7 - Strongly agree","4 - Neither agree nor disagree","7 - Strongly agree","6 - Agree","5 - somewhat unlikely","6 - unlikely","3 - somewhat likely","3 - somewhat likely","3 - Somewhat disagree","... remained the same","... increased","... remained the same","... increased","Yes","to a high degree","Really good and its have many experience","Its being fun and interesting","Its make fun and interesting","Its really good and fine","Germany","","21-29","Advanced technical college certificate","","2 to 5 years","Female","","Service/public service","","302.32","","","9.71","","3.6","28.86","3.6","","6.1","10.07","5.97","7.1","9.87","8.08","10.69","7.99","10.19","8.79","14.19","13.58","7.33","14.24","","6.1","","2.87","3.25","3.17","3.41","3.21","3.29","4.11","","21.48","13.8","14.22","16.41","","4.21","3.97","4.81","4.55","3.99","5.51"
"317","","","en","1456779956","","","N/A","","","","","","","","","","","","","","","","","","","","","","","","","","","","","","","","","","","","","","","","","","","","","","","","","","","","","","","","","","","","","","","","","","","","","","","","","","","","","","","","","","","","","","","","","","","","","N/A","","","","","","","","","","","","","","","","0","","","","","","","","","","","","","","","","","","","","","","","","","","","","","","","","","","","","","","","","","","","",""
"318","","37","en","231773769","64593447-5790-6288-9a4f-6d01ea99ef89","I accept the outlined privacy policy","No","","","","","","","","","","","","","","","","","","","","","","","","","","","","","","","","","","","","","","","","","","","","","","","","","","","","","","","","","","","","","","","","","","","","","","","","","","","","","","","","","","","","","","","","","","","","","N/A","","","","","","","","","","","","","","","","27.55","","","10.69","","16.86","","","","","","","","","","","","","","","","","","","","","","","","","","","","","","","","","","","","","","",""
"319","1980-01-01 00:00:00","37","en","144520571","64593435-8568-8420-358d-e8bee319f6e9","I accept the outlined privacy policy","Yes","Project in work","","4 - Neither agree nor disagree","6 - Agree","6 - Agree","7 - Strongly agree","6 - Agree","4 - Neither agree nor disagree","5 - Somewhat agree","3 - Somewhat disagree","6 - Agree","4 - Neither agree nor disagree","6 - Agree","4 - Neither agree nor disagree","2 - Disagree","5 - Somewhat agree","6 - Agree","4 - Neither agree nor disagree","5 - Somewhat agree","6 - Agree","4 - Neither agree nor disagree","5 - Somewhat agree","6 - Agree","2 - Disagree","5 - Somewhat agree","2 - Disagree","4 - Neither agree nor disagree","5 - Somewhat agree","7 - Strongly agree","5 - Somewhat agree","7 - Strongly agree","3 - Somewhat disagree","6 - Agree","6 - Agree","4 - Neither agree nor disagree","6 - Agree","6 - Agree","5 - Somewhat agree","4 - Neither agree nor disagree","6 - Agree","5 - Somewhat agree","6 - Agree","6 - Agree","7 - Strongly agree","5 - Somewhat agree","4 - Neither agree nor disagree","3 - Somewhat disagree","6 - Agree","3 - Somewhat disagree","6 - Agree","5 - Somewhat agree","7 - Strongly agree","6 - Agree","5 - Somewhat agree","4 - Neither agree nor disagree","7 - Strongly agree","5 - Somewhat agree","3 - Somewhat disagree","6 - Agree","3 - Somewhat disagree","6 - Agree","4 - Neither agree nor disagree","5 - Somewhat agree","6 - Agree","3 - Somewhat disagree","4 - Neither agree nor disagree","6 - Agree","5 - Somewhat agree","6 - Agree","6 - Agree","6 - Agree","5 - Somewhat agree","4 - Neither agree nor disagree","5 - Somewhat agree","5 - Somewhat agree","6 - Agree","6 - Agree","2 - Disagree","5 - Somewhat agree","4 - Neither agree nor disagree","4 - Neither agree nor disagree","5 - Somewhat agree","4 - Neither agree nor disagree","5 - somewhat unlikely","5 - somewhat unlikely","4 - fifty-fifty","7 - impossible","6 - Agree","... remained the same","... decreased","... increased","... remained the same","Yes","to a low degree","Not give up","I dont know","Nothing","yes","Germany","","30-39","Advanced technical college certificate","","5 to 10 years","Female","","Production","","326.04","","","14.84","","5.16","28.53","3.13","","10.06","14.5","5.95","7.86","13.32","6.94","7.64","6.9","12.04","7.95","14.97","22.86","7.97","11.39","","8.19","","3.16","5.02","3.21","4.49","3.45","3.37","3.2","","20","16.97","13.58","6.27","","4.71","5.87","5.91","6.44","4.74","5.45"
"320","1980-01-01 00:00:00","37","en","674704491","64593437-12ca-c1c9-5ac5-43667173ffc6","I accept the outlined privacy policy","Yes","Hamburger Software ","","5 - Somewhat agree","4 - Neither agree nor disagree","4 - Neither agree nor disagree","7 - Strongly agree","3 - Somewhat disagree","5 - Somewhat agree","5 - Somewhat agree","4 - Neither agree nor disagree","6 - Agree","4 - Neither agree nor disagree","4 - Neither agree nor disagree","4 - Neither agree nor disagree","6 - Agree","4 - Neither agree nor disagree","5 - Somewhat agree","5 - Somewhat agree","6 - Agree","6 - Agree","5 - Somewhat agree","6 - Agree","5 - Somewhat agree","6 - Agree","7 - Strongly agree","6 - Agree","5 - Somewhat agree","6 - Agree","6 - Agree","6 - Agree","6 - Agree","4 - Neither agree nor disagree","5 - Somewhat agree","7 - Strongly agree","5 - Somewhat agree","4 - Neither agree nor disagree","7 - Strongly agree","5 - Somewhat agree","5 - Somewhat agree","5 - Somewhat agree","4 - Neither agree nor disagree","5 - Somewhat agree","7 - Strongly agree","5 - Somewhat agree","5 - Somewhat agree","6 - Agree","5 - Somewhat agree","5 - Somewhat agree","5 - Somewhat agree","5 - Somewhat agree","5 - Somewhat agree","5 - Somewhat agree","6 - Agree","4 - Neither agree nor disagree","4 - Neither agree nor disagree","4 - Neither agree nor disagree","6 - Agree","4 - Neither agree nor disagree","6 - Agree","6 - Agree","4 - Neither agree nor disagree","6 - Agree","5 - Somewhat agree","4 - Neither agree nor disagree","7 - Strongly agree","5 - Somewhat agree","7 - Strongly agree","7 - Strongly agree","5 - Somewhat agree","6 - Agree","4 - Neither agree nor disagree","5 - Somewhat agree","5 - Somewhat agree","5 - Somewhat agree","6 - Agree","6 - Agree","7 - Strongly agree","6 - Agree","6 - Agree","5 - Somewhat agree","5 - Somewhat agree","4 - Neither agree nor disagree","5 - Somewhat agree","6 - unlikely","5 - somewhat unlikely","6 - unlikely","6 - unlikely","5 - Somewhat agree","... increased","","... increased","... remained the same","Yes","to a very high degree","I prefer Software ","Good Working experience","I Need More Expansion ","I Want a lot of homework ","Germany","","30-39","Advanced technical college certificate","","5 to 10 years","Male","","Other","Sales ","1644.88","","","7.22","","256.97","594.95","2.71","","359.61","15.78","11.39","35.26","19.29","16.22","27.08","7.3","18.65","10.79","19.04","13.01","9.37","30.23","","16.24","","5.11","3.24","1.92","4.28","3","3.27","3.19","","18.09","25.3","14.89","21.19","","4.29","6.24","34.04","6.72","3.94","15.06"
"321","","37","en","2093655272","64593450-843a-34b5-c92f-49f914fbfa39","I accept the outlined privacy policy","No","","","","","","","","","","","","","","","","","","","","","","","","","","","","","","","","","","","","","","","","","","","","","","","","","","","","","","","","","","","","","","","","","","","","","","","","","","","","","","","","","","","","","","","","","","","","","N/A","","","","","","","","","","","","","","","","14.53","","","5.8","","8.73","","","","","","","","","","","","","","","","","","","","","","","","","","","","","","","","","","","","","","",""
"322","","37","en","1690791002","64593421-bc03-aec6-02be-12312f6206e7","I accept the outlined privacy policy","No","","","","","","","","","","","","","","","","","","","","","","","","","","","","","","","","","","","","","","","","","","","","","","","","","","","","","","","","","","","","","","","","","","","","","","","","","","","","","","","","","","","","","","","","","","","","","N/A","","","","","","","","","","","","","","","","40.54","","","28","","12.54","","","","","","","","","","","","","","","","","","","","","","","","","","","","","","","","","","","","","","",""
"323","1980-01-01 00:00:00","37","en","2025887373","64593452-51bb-ce05-17de-cace6d982cef","I accept the outlined privacy policy","Yes","Ist was very interessting ","","6 - Agree","6 - Agree","7 - Strongly agree","6 - Agree","5 - Somewhat agree","3 - Somewhat disagree","6 - Agree","5 - Somewhat agree","7 - Strongly agree","5 - Somewhat agree","5 - Somewhat agree","6 - Agree","6 - Agree","5 - Somewhat agree","7 - Strongly agree","6 - Agree","4 - Neither agree nor disagree","6 - Agree","6 - Agree","7 - Strongly agree","6 - Agree","","7 - Strongly agree","7 - Strongly agree","7 - Strongly agree","7 - Strongly agree","6 - Agree","7 - Strongly agree","5 - Somewhat agree","7 - Strongly agree","4 - Neither agree nor disagree","5 - Somewhat agree","5 - Somewhat agree","6 - Agree","3 - Somewhat disagree","2 - Disagree","5 - Somewhat agree","6 - Agree","4 - Neither agree nor disagree","6 - Agree","6 - Agree","4 - Neither agree nor disagree","6 - Agree","4 - Neither agree nor disagree","6 - Agree","6 - Agree","6 - Agree","7 - Strongly agree","7 - Strongly agree","6 - Agree","6 - Agree","6 - Agree","4 - Neither agree nor disagree","6 - Agree","5 - Somewhat agree","5 - Somewhat agree","6 - Agree","5 - Somewhat agree","4 - Neither agree nor disagree","7 - Strongly agree","6 - Agree","7 - Strongly agree","7 - Strongly agree","6 - Agree","4 - Neither agree nor disagree","5 - Somewhat agree","6 - Agree","7 - Strongly agree","6 - Agree","6 - Agree","6 - Agree","5 - Somewhat agree","7 - Strongly agree","7 - Strongly agree","5 - Somewhat agree","6 - Agree","6 - Agree","4 - Neither agree nor disagree","6 - Agree","7 - Strongly agree","7 - Strongly agree","5 - somewhat unlikely","4 - fifty-fifty","7 - impossible","6 - unlikely","5 - Somewhat agree","... increased","","... remained the same","... remained the same","Yes","to a high degree","Es gibt keine","Es gibt zu viele um sie zu beschrieben ","Es zu verstehen ","","Germany","","18-20","Upper school-leaving certificate/GCE","","2 to 5 years","Female","","Medical/Healthcare","","489.05","","","140.88","","4.91","32.47","4.34","","14.8","35.53","8.52","7.27","11.4","7.33","19.59","7.53","13.53","33.18","16.12","10.78","7.51","12.4","","6.68","","6.36","4.22","1.29","2.5","2.5","5.01","2.17","","9.46","19.22","7.71","1.72","","5.54","3.7","4.51","6.41","4.65","7.31"
"324","","37","en","1276672067","6459343b-b4ab-8f67-415d-80f0521101fe","I accept the outlined privacy policy","No","","","","","","","","","","","","","","","","","","","","","","","","","","","","","","","","","","","","","","","","","","","","","","","","","","","","","","","","","","","","","","","","","","","","","","","","","","","","","","","","","","","","","","","","","","","","","N/A","","","","","","","","","","","","","","","","15.48","","","8.57","","6.91","","","","","","","","","","","","","","","","","","","","","","","","","","","","","","","","","","","","","","",""
"325","","3","en","100692425","64593439-e048-3c18-b753-4bd7bc057f6d","I accept the outlined privacy policy","Yes","","","","","","","","","","","","","","","","","","","","","","","","","","","","","","","","","","","","","","","","","","","","","","","","","","","","","","","","","","","","","","","","","","","","","","","","","","","","","","","","","","","","","","","","","","","","","N/A","","","","","","","","","","","","","","","","23.58","","","13.86","","9.72","","","","","","","","","","","","","","","","","","","","","","","","","","","","","","","","","","","","","","",""
"326","1980-01-01 00:00:00","37","en","763926396","64593452-4293-bc3d-a70d-bcc55e5fd56d","I accept the outlined privacy policy","Yes","No ","","5 - Somewhat agree","4 - Neither agree nor disagree","4 - Neither agree nor disagree","4 - Neither agree nor disagree","4 - Neither agree nor disagree","7 - Strongly agree","5 - Somewhat agree","5 - Somewhat agree","1 - Strongly disagree","3 - Somewhat disagree","7 - Strongly agree","7 - Strongly agree","4 - Neither agree nor disagree","4 - Neither agree nor disagree","3 - Somewhat disagree","4 - Neither agree nor disagree","3 - Somewhat disagree","6 - Agree","3 - Somewhat disagree","6 - Agree","5 - Somewhat agree","6 - Agree","4 - Neither agree nor disagree","2 - Disagree","4 - Neither agree nor disagree","3 - Somewhat disagree","4 - Neither agree nor disagree","","6 - Agree","5 - Somewhat agree","3 - Somewhat disagree","6 - Agree","4 - Neither agree nor disagree","6 - Agree","3 - Somewhat disagree","","3 - Somewhat disagree","3 - Somewhat disagree","4 - Neither agree nor disagree","4 - Neither agree nor disagree","3 - Somewhat disagree","4 - Neither agree nor disagree","6 - Agree","4 - Neither agree nor disagree","4 - Neither agree nor disagree","6 - Agree","5 - Somewhat agree","2 - Disagree","7 - Strongly agree","6 - Agree","2 - Disagree","2 - Disagree","6 - Agree","4 - Neither agree nor disagree","2 - Disagree","4 - Neither agree nor disagree","5 - Somewhat agree","3 - Somewhat disagree","5 - Somewhat agree","5 - Somewhat agree","4 - Neither agree nor disagree","5 - Somewhat agree","5 - Somewhat agree","6 - Agree","6 - Agree","7 - Strongly agree","4 - Neither agree nor disagree","5 - Somewhat agree","6 - Agree","7 - Strongly agree","2 - Disagree","4 - Neither agree nor disagree","6 - Agree","5 - Somewhat agree","5 - Somewhat agree","4 - Neither agree nor disagree","6 - Agree","7 - Strongly agree","4 - Neither agree nor disagree","4 - Neither agree nor disagree","4 - Neither agree nor disagree","5 - somewhat unlikely","6 - unlikely","6 - unlikely","3 - somewhat likely","4 - Neither agree nor disagree","... remained the same","... remained the same","... increased","... remained the same","Yes","to a high degree","Yes","I make a project ","Yes","No","Germany","","21-29","Advanced technical college certificate","","5 to 10 years","Diverse","","Craft/skilled and manual work","","325.45","","","9.85","","5.2","7.21","2.07","","5.4","16.18","7.48","7.33","13.63","8.94","10.5","6.75","11.84","11.71","16.77","14.11","6.55","14.63","","7.36","","4.2","4.22","4.82","3.99","2.58","4.78","4.48","","11.03","38.29","14.97","6.17","","6.87","10.61","6.66","7.15","5.26","5.86"
"327","","20","en","528490957","6459345b-9120-7881-f12c-68672645eada","I accept the outlined privacy policy","Yes","I am a bunji bear","","5 - Somewhat agree","5 - Somewhat agree","5 - Somewhat agree","5 - Somewhat agree","6 - Agree","5 - Somewhat agree","3 - Somewhat disagree","7 - Strongly agree","3 - Somewhat disagree","7 - Strongly agree","5 - Somewhat agree","5 - Somewhat agree","2 - Disagree","4 - Neither agree nor disagree","5 - Somewhat agree","6 - Agree","4 - Neither agree nor disagree","3 - Somewhat disagree","5 - Somewhat agree","4 - Neither agree nor disagree","4 - Neither agree nor disagree","2 - Disagree","6 - Agree","2 - Disagree","4 - Neither agree nor disagree","4 - Neither agree nor disagree","6 - Agree","3 - Somewhat disagree","3 - Somewhat disagree","3 - Somewhat disagree","7 - Strongly agree","4 - Neither agree nor disagree","7 - Strongly agree","6 - Agree","5 - Somewhat agree","6 - Agree","5 - Somewhat agree","6 - Agree","6 - Agree","3 - Somewhat disagree","5 - Somewhat agree","6 - Agree","5 - Somewhat agree","6 - Agree","5 - Somewhat agree","4 - Neither agree nor disagree","6 - Agree","4 - Neither agree nor disagree","5 - Somewhat agree","4 - Neither agree nor disagree","5 - Somewhat agree","3 - Somewhat disagree","5 - Somewhat agree","4 - Neither agree nor disagree","3 - Somewhat disagree","3 - Somewhat disagree","6 - Agree","6 - Agree","3 - Somewhat disagree","2 - Disagree","5 - Somewhat agree","7 - Strongly agree","2 - Disagree","4 - Neither agree nor disagree","6 - Agree","5 - Somewhat agree","5 - Somewhat agree","2 - Disagree","3 - Somewhat disagree","7 - Strongly agree","2 - Disagree","7 - Strongly agree","4 - Neither agree nor disagree","3 - Somewhat disagree","5 - Somewhat agree","6 - Agree","","6 - Agree","6 - Agree","7 - Strongly agree","5 - Somewhat agree","6 - unlikely","7 - impossible","5 - somewhat unlikely","4 - fifty-fifty","","","","","","N/A","","","","","","","","","","","","","","","","1252.82","","","85.08","","3.04","438.11","2.15","","9.7","42.1","58.32","8.38","80.03","5.83","37.99","7.62","79.54","151.89","49.6","49.64","52.32","63.23","","28.25","","","","","","","","","","","","","","","","","","","",""
"328","1980-01-01 00:00:00","37","en","1353272331","64593451-ebf6-0f11-1bad-3f03977dd809","I accept the outlined privacy policy","Yes","Microsoft","","6 - Agree","5 - Somewhat agree","5 - Somewhat agree","6 - Agree","6 - Agree","7 - Strongly agree","6 - Agree","5 - Somewhat agree","5 - Somewhat agree","6 - Agree","7 - Strongly agree","7 - Strongly agree","3 - Somewhat disagree","2 - Disagree","6 - Agree","7 - Strongly agree","6 - Agree","5 - Somewhat agree","5 - Somewhat agree","5 - Somewhat agree","5 - Somewhat agree","6 - Agree","5 - Somewhat agree","6 - Agree","5 - Somewhat agree","5 - Somewhat agree","5 - Somewhat agree","6 - Agree","5 - Somewhat agree","5 - Somewhat agree","5 - Somewhat agree","5 - Somewhat agree","2 - Disagree","2 - Disagree","2 - Disagree","2 - Disagree","5 - Somewhat agree","5 - Somewhat agree","5 - Somewhat agree","5 - Somewhat agree","5 - Somewhat agree","5 - Somewhat agree","4 - Neither agree nor disagree","5 - Somewhat agree","4 - Neither agree nor disagree","5 - Somewhat agree","6 - Agree","4 - Neither agree nor disagree","5 - Somewhat agree","5 - Somewhat agree","5 - Somewhat agree","4 - Neither agree nor disagree","4 - Neither agree nor disagree","6 - Agree","5 - Somewhat agree","5 - Somewhat agree","5 - Somewhat agree","4 - Neither agree nor disagree","5 - Somewhat agree","5 - Somewhat agree","4 - Neither agree nor disagree","5 - Somewhat agree","5 - Somewhat agree","6 - Agree","5 - Somewhat agree","5 - Somewhat agree","5 - Somewhat agree","5 - Somewhat agree","5 - Somewhat agree","4 - Neither agree nor disagree","5 - Somewhat agree","5 - Somewhat agree","4 - Neither agree nor disagree","4 - Neither agree nor disagree","5 - Somewhat agree","4 - Neither agree nor disagree","5 - Somewhat agree","4 - Neither agree nor disagree","4 - Neither agree nor disagree","6 - Agree","4 - Neither agree nor disagree","1 - certain","4 - fifty-fifty","1 - certain","4 - fifty-fifty","7 - Strongly agree","... remained the same","... remained the same","... increased","... remained the same","No","","Less contact with coworkers ","Help with easy tasks","Loneliness of the employees","Availability of information","Germany","","21-29","Bachelor's/Prediploma","","2 to 5 years","Female","","Medical/Healthcare","","675.67","","","31.27","","11.81","30.09","6.91","","8.13","24.7","23.84","24.64","24.52","10.02","9.65","16.81","22.51","12.99","33.66","74.67","20.66","18.04","","39.26","","8.98","17.33","8.23","8.15","7.22","7.75","","","27.11","24.27","20.37","33.52","","6.22","5.07","9.49","11.86","7.43","28.49"
"329","","37","en","1542470991","64593455-2712-ba9e-7393-22805cbb91cb","I accept the outlined privacy policy","No","","","","","","","","","","","","","","","","","","","","","","","","","","","","","","","","","","","","","","","","","","","","","","","","","","","","","","","","","","","","","","","","","","","","","","","","","","","","","","","","","","","","","","","","","","","","","N/A","","","","","","","","","","","","","","","","55.93","","","25.77","","30.16","","","","","","","","","","","","","","","","","","","","","","","","","","","","","","","","","","","","","","",""
"330","1980-01-01 00:00:00","37","en","2012655891","6459345f-2d41-472d-31bd-99a9c8188165","I accept the outlined privacy policy","Yes","Keine","","7 - Strongly agree","6 - Agree","7 - Strongly agree","6 - Agree","6 - Agree","4 - Neither agree nor disagree","6 - Agree","4 - Neither agree nor disagree","7 - Strongly agree","2 - Disagree","4 - Neither agree nor disagree","6 - Agree","3 - Somewhat disagree","6 - Agree","7 - Strongly agree","2 - Disagree","5 - Somewhat agree","5 - Somewhat agree","3 - Somewhat disagree","4 - Neither agree nor disagree","5 - Somewhat agree","6 - Agree","4 - Neither agree nor disagree","3 - Somewhat disagree","7 - Strongly agree","7 - Strongly agree","6 - Agree","7 - Strongly agree","6 - Agree","5 - Somewhat agree","4 - Neither agree nor disagree","3 - Somewhat disagree","5 - Somewhat agree","7 - Strongly agree","6 - Agree","4 - Neither agree nor disagree","7 - Strongly agree","5 - Somewhat agree","6 - Agree","7 - Strongly agree","4 - Neither agree nor disagree","4 - Neither agree nor disagree","5 - Somewhat agree","3 - Somewhat disagree","3 - Somewhat disagree","4 - Neither agree nor disagree","4 - Neither agree nor disagree","6 - Agree","6 - Agree","5 - Somewhat agree","4 - Neither agree nor disagree","3 - Somewhat disagree","5 - Somewhat agree","3 - Somewhat disagree","5 - Somewhat agree","5 - Somewhat agree","4 - Neither agree nor disagree","3 - Somewhat disagree","5 - Somewhat agree","5 - Somewhat agree","5 - Somewhat agree","7 - Strongly agree","6 - Agree","5 - Somewhat agree","6 - Agree","6 - Agree","6 - Agree","7 - Strongly agree","4 - Neither agree nor disagree","7 - Strongly agree","6 - Agree","3 - Somewhat disagree","5 - Somewhat agree","3 - Somewhat disagree","6 - Agree","5 - Somewhat agree","6 - Agree","5 - Somewhat agree","6 - Agree","4 - Neither agree nor disagree","7 - Strongly agree","4 - fifty-fifty","2 - likely","5 - somewhat unlikely","3 - somewhat likely","6 - Agree","... increased","... remained the same","... increased","... remained the same","Yes","to a high degree","Keine","Keine","Keine","Keine","Germany","","21-29","Advanced technical college certificate","","None","Male","","Production","","375.13","","","11.22","","6.04","17.15","3.18","","10.33","12.36","8.67","12.36","26.81","12.28","9.81","8.74","15.31","18","19.78","16.22","9.45","18.74","","23.38","","4.64","9.39","4.17","3.29","3.1","7.06","7.94","","6.74","6.4","6.87","7.99","","5.48","5.29","10.71","14.12","4.21","7.9"
"331","","37","en","1727189204","64593450-a449-ae87-c67b-25e23c56ea83","I accept the outlined privacy policy","No","","","","","","","","","","","","","","","","","","","","","","","","","","","","","","","","","","","","","","","","","","","","","","","","","","","","","","","","","","","","","","","","","","","","","","","","","","","","","","","","","","","","","","","","","","","","","N/A","","","","","","","","","","","","","","","","22.58","","","14.92","","7.66","","","","","","","","","","","","","","","","","","","","","","","","","","","","","","","","","","","","","","",""
"332","1980-01-01 00:00:00","37","en","1443052303","6459345e-94d2-0c88-ccf5-e547904fc058","I accept the outlined privacy policy","Yes","I dont know ","","3 - Somewhat disagree","6 - Agree","4 - Neither agree nor disagree","4 - Neither agree nor disagree","4 - Neither agree nor disagree","6 - Agree","6 - Agree","7 - Strongly agree","4 - Neither agree nor disagree","4 - Neither agree nor disagree","6 - Agree","2 - Disagree","4 - Neither agree nor disagree","3 - Somewhat disagree","4 - Neither agree nor disagree","6 - Agree","5 - Somewhat agree","6 - Agree","2 - Disagree","5 - Somewhat agree","4 - Neither agree nor disagree","1 - Strongly disagree","4 - Neither agree nor disagree","6 - Agree","6 - Agree","5 - Somewhat agree","2 - Disagree","6 - Agree","4 - Neither agree nor disagree","2 - Disagree","4 - Neither agree nor disagree","5 - Somewhat agree","5 - Somewhat agree","7 - Strongly agree","2 - Disagree","3 - Somewhat disagree","3 - Somewhat disagree","3 - Somewhat disagree","4 - Neither agree nor disagree","2 - Disagree","7 - Strongly agree","7 - Strongly agree","5 - Somewhat agree","5 - Somewhat agree","6 - Agree","4 - Neither agree nor disagree","7 - Strongly agree","2 - Disagree","5 - Somewhat agree","4 - Neither agree nor disagree","4 - Neither agree nor disagree","7 - Strongly agree","6 - Agree","4 - Neither agree nor disagree","5 - Somewhat agree","6 - Agree","6 - Agree","2 - Disagree","6 - Agree","3 - Somewhat disagree","4 - Neither agree nor disagree","5 - Somewhat agree","6 - Agree","6 - Agree","2 - Disagree","7 - Strongly agree","3 - Somewhat disagree","6 - Agree","4 - Neither agree nor disagree","5 - Somewhat agree","6 - Agree","4 - Neither agree nor disagree","2 - Disagree","6 - Agree","6 - Agree","1 - Strongly disagree","4 - Neither agree nor disagree","2 - Disagree","6 - Agree","4 - Neither agree nor disagree","4 - Neither agree nor disagree","5 - somewhat unlikely","3 - somewhat likely","6 - unlikely","4 - fifty-fifty","5 - Somewhat agree","... remained the same","... increased","... decreased","... increased","Yes","to a high degree","No","No","I don’t know ","I don’t know ","Germany","","21-29","Advanced technical college certificate","","less than 2 years","Male","","Medical/Healthcare","","241.63","","","5.46","","3.4","10.87","2.2","","5.02","14.9","6.16","6.23","9.89","7.55","6.75","6.63","12.82","8.17","15.36","16.78","7.01","11.79","","6.8","","5.27","4.1","3.18","4.16","3.41","4.71","3.17","","3.91","4.01","4.76","6.18","","4.26","4.71","5.65","5.58","4.61","6.17"
"333","","3","en","1901272544","6459344d-2340-bfda-e9cb-89eebdb935b7","I accept the outlined privacy policy","Yes","","","","","","","","","","","","","","","","","","","","","","","","","","","","","","","","","","","","","","","","","","","","","","","","","","","","","","","","","","","","","","","","","","","","","","","","","","","","","","","","","","","","","","","","","","","","","N/A","","","","","","","","","","","","","","","","78.87","","","52.32","","26.55","","","","","","","","","","","","","","","","","","","","","","","","","","","","","","","","","","","","","","",""
"334","","37","en","1605461347","64593462-13c1-09a3-14a1-16a2aa0289b2","I accept the outlined privacy policy","No","","","","","","","","","","","","","","","","","","","","","","","","","","","","","","","","","","","","","","","","","","","","","","","","","","","","","","","","","","","","","","","","","","","","","","","","","","","","","","","","","","","","","","","","","","","","","N/A","","","","","","","","","","","","","","","","24.33","","","17.21","","7.12","","","","","","","","","","","","","","","","","","","","","","","","","","","","","","","","","","","","","","",""
"335","","-1","en","88217302","6459345b-020e-3e3c-532d-32b48439b319","","N/A","","","","","","","","","","","","","","","","","","","","","","","","","","","","","","","","","","","","","","","","","","","","","","","","","","","","","","","","","","","","","","","","","","","","","","","","","","","","","","","","","","","","","","","","","","","","","N/A","","","","","","","","","","","","","","","","0","","","","","","","","","","","","","","","","","","","","","","","","","","","","","","","","","","","","","","","","","","","",""
"336","","37","en","1695490498","64593439-abf7-89f7-b349-966213bccf51","I accept the outlined privacy policy","No","","","","","","","","","","","","","","","","","","","","","","","","","","","","","","","","","","","","","","","","","","","","","","","","","","","","","","","","","","","","","","","","","","","","","","","","","","","","","","","","","","","","","","","","","","","","","N/A","","","","","","","","","","","","","","","","12.97","","","6.02","","6.95","","","","","","","","","","","","","","","","","","","","","","","","","","","","","","","","","","","","","","",""
"337","","3","en","523891832","64593468-cf51-51e0-ef84-2715424ec1cf","I accept the outlined privacy policy","Yes","","","","","","","","","","","","","","","","","","","","","","","","","","","","","","","","","","","","","","","","","","","","","","","","","","","","","","","","","","","","","","","","","","","","","","","","","","","","","","","","","","","","","","","","","","","","","N/A","","","","","","","","","","","","","","","","22.43","","","16.19","","6.24","","","","","","","","","","","","","","","","","","","","","","","","","","","","","","","","","","","","","","",""
"338","","3","en","2127721752","64593461-2eb6-016c-be13-06a218cb6cdd","I accept the outlined privacy policy","Yes","","","","","","","","","","","","","","","","","","","","","","","","","","","","","","","","","","","","","","","","","","","","","","","","","","","","","","","","","","","","","","","","","","","","","","","","","","","","","","","","","","","","","","","","","","","","","N/A","","","","","","","","","","","","","","","","35.53","","","28.08","","7.45","","","","","","","","","","","","","","","","","","","","","","","","","","","","","","","","","","","","","","",""
"339","1980-01-01 00:00:00","37","en","1660808118","64593463-3bf1-ddf2-e5c9-e8413e1885e7","I accept the outlined privacy policy","Yes","I have a quiet licence about that","","5 - Somewhat agree","3 - Somewhat disagree","5 - Somewhat agree","5 - Somewhat agree","2 - Disagree","4 - Neither agree nor disagree","5 - Somewhat agree","3 - Somewhat disagree","6 - Agree","2 - Disagree","5 - Somewhat agree","2 - Disagree","7 - Strongly agree","5 - Somewhat agree","6 - Agree","6 - Agree","6 - Agree","5 - Somewhat agree","5 - Somewhat agree","5 - Somewhat agree","6 - Agree","5 - Somewhat agree","6 - Agree","7 - Strongly agree","5 - Somewhat agree","5 - Somewhat agree","7 - Strongly agree","6 - Agree","6 - Agree","5 - Somewhat agree","7 - Strongly agree","6 - Agree","6 - Agree","5 - Somewhat agree","7 - Strongly agree","6 - Agree","5 - Somewhat agree","6 - Agree","5 - Somewhat agree","5 - Somewhat agree","5 - Somewhat agree","7 - Strongly agree","6 - Agree","7 - Strongly agree","5 - Somewhat agree","4 - Neither agree nor disagree","5 - Somewhat agree","6 - Agree","7 - Strongly agree","7 - Strongly agree","5 - Somewhat agree","6 - Agree","6 - Agree","5 - Somewhat agree","6 - Agree","5 - Somewhat agree","6 - Agree","4 - Neither agree nor disagree","6 - Agree","4 - Neither agree nor disagree","7 - Strongly agree","4 - Neither agree nor disagree","5 - Somewhat agree","6 - Agree","6 - Agree","5 - Somewhat agree","7 - Strongly agree","6 - Agree","5 - Somewhat agree","4 - Neither agree nor disagree","4 - Neither agree nor disagree","5 - Somewhat agree","6 - Agree","5 - Somewhat agree","5 - Somewhat agree","7 - Strongly agree","5 - Somewhat agree","6 - Agree","6 - Agree","7 - Strongly agree","7 - Strongly agree","7 - impossible","6 - unlikely","6 - unlikely","7 - impossible","7 - Strongly agree","... remained the same","... increased","... remained the same","... increased","Yes","to a high degree","Its very much and a Bit from all","That is a good question let me think a while ","So much to do ","A lot of all","Rest of Europe","","21-29","Bachelor's/Prediploma","","2 to 5 years","Female","","Medical/Healthcare","","645.48","","","9.24","","10.63","56.22","6.63","","8.35","23.77","29.71","19.76","32.51","10.4","13.26","10.66","20.88","11.06","31.52","23.22","15","21.9","","26.91","","6.87","12.15","5.99","4.63","8.66","8.29","13.08","","38.31","46.7","23.5","20.15","","10.98","8.13","16.65","17.58","8.18","14"
"340","1980-01-01 00:00:00","37","en","516633040","64593469-2461-4216-f667-c33cc1570b92","I accept the outlined privacy policy","Yes",".
","","4 - Neither agree nor disagree","5 - Somewhat agree","5 - Somewhat agree","5 - Somewhat agree","5 - Somewhat agree","7 - Strongly agree","6 - Agree","5 - Somewhat agree","5 - Somewhat agree","2 - Disagree","3 - Somewhat disagree","3 - Somewhat disagree","4 - Neither agree nor disagree","3 - Somewhat disagree","3 - Somewhat disagree","6 - Agree","4 - Neither agree nor disagree","4 - Neither agree nor disagree","4 - Neither agree nor disagree","2 - Disagree","4 - Neither agree nor disagree","5 - Somewhat agree","5 - Somewhat agree","5 - Somewhat agree","6 - Agree","6 - Agree","3 - Somewhat disagree","6 - Agree","4 - Neither agree nor disagree","4 - Neither agree nor disagree","4 - Neither agree nor disagree","7 - Strongly agree","6 - Agree","3 - Somewhat disagree","5 - Somewhat agree","4 - Neither agree nor disagree","4 - Neither agree nor disagree","6 - Agree","6 - Agree","2 - Disagree","3 - Somewhat disagree","4 - Neither agree nor disagree","4 - Neither agree nor disagree","5 - Somewhat agree","4 - Neither agree nor disagree","4 - Neither agree nor disagree","4 - Neither agree nor disagree","5 - Somewhat agree","4 - Neither agree nor disagree","5 - Somewhat agree","4 - Neither agree nor disagree","1 - Strongly disagree","3 - Somewhat disagree","5 - Somewhat agree","5 - Somewhat agree","6 - Agree","5 - Somewhat agree","3 - Somewhat disagree","1 - Strongly disagree","3 - Somewhat disagree","4 - Neither agree nor disagree","4 - Neither agree nor disagree","4 - Neither agree nor disagree","7 - Strongly agree","5 - Somewhat agree","3 - Somewhat disagree","4 - Neither agree nor disagree","3 - Somewhat disagree","6 - Agree","4 - Neither agree nor disagree","3 - Somewhat disagree","3 - Somewhat disagree","3 - Somewhat disagree","5 - Somewhat agree","4 - Neither agree nor disagree","6 - Agree","5 - Somewhat agree","4 - Neither agree nor disagree","5 - Somewhat agree","6 - Agree","3 - Somewhat disagree","6 - unlikely","6 - unlikely","2 - likely","5 - somewhat unlikely","4 - Neither agree nor disagree","... decreased","... increased","... remained the same","... remained the same","Yes","to a low degree","Alcdrlgs","Xdfbfxgb","Dbffgb","Gbcgngf","Germany","","30-39","Upper school-leaving certificate/GCE","","2 to 5 years","Female","","Service/public service","","289.13","","","11.65","","6.06","8.16","6.01","","14.56","10.67","6.13","7.43","14.09","7.5","12.64","10.35","15.61","9.6","15.36","11","14.23","20","","9.22","","3.48","3.51","3.81","4.2","11.05","2.73","3.39","","4.96","4.89","4.31","3.73","","5.62","5","5.31","4.92","3.7","4.25"
"341","","37","en","2120743354","64593459-f227-7656-3898-b9f320c4ca9c","I accept the outlined privacy policy","No","","","","","","","","","","","","","","","","","","","","","","","","","","","","","","","","","","","","","","","","","","","","","","","","","","","","","","","","","","","","","","","","","","","","","","","","","","","","","","","","","","","","","","","","","","","","","N/A","","","","","","","","","","","","","","","","23.46","","","12.42","","11.04","","","","","","","","","","","","","","","","","","","","","","","","","","","","","","","","","","","","","","",""
"342","","-1","en","1632163821","64593442-ec47-5683-a93d-ab250718a951","","N/A","","","","","","","","","","","","","","","","","","","","","","","","","","","","","","","","","","","","","","","","","","","","","","","","","","","","","","","","","","","","","","","","","","","","","","","","","","","","","","","","","","","","","","","","","","","","","N/A","","","","","","","","","","","","","","","","0","","","","","","","","","","","","","","","","","","","","","","","","","","","","","","","","","","","","","","","","","","","",""
"343","","9","en","471403043","64593442-6968-4002-c89f-c19b47adffc1","I accept the outlined privacy policy","Yes","Ok","","","","","","","","","","","2 - Disagree","7 - Strongly agree","4 - Neither agree nor disagree","","","","","","","","","","","","","","","","","","","","","6 - Agree","7 - Strongly agree","2 - Disagree","5 - Somewhat agree","","","","","","","","4 - Neither agree nor disagree","","","","","","","","","","","","","","","","","","","","","","","","","","","","","","","","","","","","","","","","","","","","","","","N/A","","","","","","","","","","","","","","","","85.1","","","11.28","","3.77","6.85","3.29","","","7.92","11.69","","","","","19.55","20.75","","","","","","","","","","","","","","","","","","","","","","","","","","",""
"344","1980-01-01 00:00:00","37","en","1774836483","64593442-85ed-2d4d-7ab8-2cece218b56a","I accept the outlined privacy policy","Yes","Nike","","3 - Somewhat disagree","4 - Neither agree nor disagree","5 - Somewhat agree","7 - Strongly agree","4 - Neither agree nor disagree","6 - Agree","3 - Somewhat disagree","5 - Somewhat agree","5 - Somewhat agree","5 - Somewhat agree","6 - Agree","6 - Agree","3 - Somewhat disagree","4 - Neither agree nor disagree","5 - Somewhat agree","6 - Agree","4 - Neither agree nor disagree","1 - Strongly disagree","4 - Neither agree nor disagree","3 - Somewhat disagree","5 - Somewhat agree","6 - Agree","5 - Somewhat agree","3 - Somewhat disagree","2 - Disagree","5 - Somewhat agree","4 - Neither agree nor disagree","3 - Somewhat disagree","1 - Strongly disagree","4 - Neither agree nor disagree","2 - Disagree","3 - Somewhat disagree","4 - Neither agree nor disagree","4 - Neither agree nor disagree","3 - Somewhat disagree","3 - Somewhat disagree","3 - Somewhat disagree","6 - Agree","5 - Somewhat agree","7 - Strongly agree","5 - Somewhat agree","4 - Neither agree nor disagree","2 - Disagree","3 - Somewhat disagree","3 - Somewhat disagree","5 - Somewhat agree","6 - Agree","6 - Agree","4 - Neither agree nor disagree","4 - Neither agree nor disagree","6 - Agree","4 - Neither agree nor disagree","4 - Neither agree nor disagree","6 - Agree","4 - Neither agree nor disagree","4 - Neither agree nor disagree","6 - Agree","5 - Somewhat agree","5 - Somewhat agree","4 - Neither agree nor disagree","3 - Somewhat disagree","2 - Disagree","5 - Somewhat agree","4 - Neither agree nor disagree","1 - Strongly disagree","6 - Agree","6 - Agree","5 - Somewhat agree","5 - Somewhat agree","3 - Somewhat disagree","4 - Neither agree nor disagree","3 - Somewhat disagree","5 - Somewhat agree","3 - Somewhat disagree","5 - Somewhat agree","1 - Strongly disagree","6 - Agree","3 - Somewhat disagree","5 - Somewhat agree","5 - Somewhat agree","3 - Somewhat disagree","4 - fifty-fifty","5 - somewhat unlikely","7 - impossible","2 - likely","5 - Somewhat agree","... increased","... remained the same","... increased","... decreased","Yes","to a high degree","Nike","Addidas","Cucci","Versage","Germany","","21-29","Advanced technical college certificate","","5 to 10 years","Male","","Medical/Healthcare","","414.23","","","6.89","","5.28","12.64","3.32","","12.97","15.69","12.46","15.88","30.75","14.34","18.03","16.94","23.66","13.47","30.37","28.78","13.07","30.06","","13","","4.58","5.94","6.63","5.6","5.23","7.88","6.32","","5.55","6.01","6.57","6.13","","4.12","4.82","6.32","6.01","4.12","4.8"
"345","1980-01-01 00:00:00","37","en","1066746655","64593444-592b-8ce4-870b-bfd58109563b","I accept the outlined privacy policy","Yes","Period","","","","","4 - Neither agree nor disagree","4 - Neither agree nor disagree","4 - Neither agree nor disagree","6 - Agree","3 - Somewhat disagree","6 - Agree","","","","","","","","","","","","","","","","4 - Neither agree nor disagree","2 - Disagree","2 - Disagree","5 - Somewhat agree","2 - Disagree","","","","","","","","","","","","","","","","","","","","","","","","","","","","","","","","","1 - Strongly disagree","2 - Disagree","","","5 - Somewhat agree","2 - Disagree","7 - Strongly agree","3 - Somewhat disagree","3 - Somewhat disagree","","","","","","","","","","","","","","","","","","","","","N/A","","Jc","Or","E","Le","","","","","","2 to 5 years","Diverse","","Agriculture/Farming","","236.72","","","23.9","","5.44","35.6","2.97","","5.34","10.24","3.63","4.86","3.92","7.09","4.11","3.88","10.28","4.14","8.23","12.01","3.64","5.5","","3.28","","3.86","3.27","4.36","2.33","2.75","3.63","","","8.11","3.75","4.8","4.57","","9.49","4.05","11.46","4.37","4.35","3.51"
"346","1980-01-01 00:00:00","37","en","1193334847","64593443-035c-e676-1d5a-d2c995b14908","I accept the outlined privacy policy","Yes","Nothing software","","5 - Somewhat agree","7 - Strongly agree","6 - Agree","7 - Strongly agree","6 - Agree","2 - Disagree","4 - Neither agree nor disagree","3 - Somewhat disagree","1 - Strongly disagree","6 - Agree","3 - Somewhat disagree","6 - Agree","6 - Agree","7 - Strongly agree","3 - Somewhat disagree","2 - Disagree","5 - Somewhat agree","6 - Agree","2 - Disagree","5 - Somewhat agree","7 - Strongly agree","7 - Strongly agree","5 - Somewhat agree","3 - Somewhat disagree","6 - Agree","6 - Agree","6 - Agree","5 - Somewhat agree","4 - Neither agree nor disagree","6 - Agree","4 - Neither agree nor disagree","5 - Somewhat agree","6 - Agree","2 - Disagree","4 - Neither agree nor disagree","3 - Somewhat disagree","5 - Somewhat agree","3 - Somewhat disagree","3 - Somewhat disagree","4 - Neither agree nor disagree","2 - Disagree","2 - Disagree","7 - Strongly agree","5 - Somewhat agree","4 - Neither agree nor disagree","6 - Agree","5 - Somewhat agree","6 - Agree","5 - Somewhat agree","5 - Somewhat agree","4 - Neither agree nor disagree","","","","4 - Neither agree nor disagree","","","3 - Somewhat disagree","4 - Neither agree nor disagree","7 - Strongly agree","5 - Somewhat agree","","7 - Strongly agree","4 - Neither agree nor disagree","5 - Somewhat agree","","4 - Neither agree nor disagree","","2 - Disagree","","4 - Neither agree nor disagree","6 - Agree","6 - Agree","6 - Agree","1 - Strongly disagree","6 - Agree","5 - Somewhat agree","2 - Disagree","5 - Somewhat agree","4 - Neither agree nor disagree","4 - Neither agree nor disagree","4 - fifty-fifty","4 - fifty-fifty","2 - likely","3 - somewhat likely","6 - Agree","... decreased","... increased","... remained the same","... increased","Yes","to a high degree","Good","Good","Good","Good","Rest of Europe","","18-20","Intermediate school-leaving certificate","","None","Male","","Other","","439.27","","","6.79","","6.1","17.82","3.45","","9.41","20.98","7.98","12.88","21.71","14.45","14.35","15.23","16.48","16.18","24.61","12.97","13.44","38.46","","15.04","","5.5","8.94","4","6.32","3.43","4.77","11.35","","8.95","6.4","6.63","5.77","","5.94","8.01","12.13","19.56","24.31","8.93"
"347","1980-01-01 00:00:00","37","en","86876721","6459345d-ae8d-fe59-6d93-aa47f0669db4","I accept the outlined privacy policy","Yes","Python, coding a snall game as an school projects","","6 - Agree","5 - Somewhat agree","5 - Somewhat agree","5 - Somewhat agree","5 - Somewhat agree","4 - Neither agree nor disagree","6 - Agree","5 - Somewhat agree","5 - Somewhat agree","5 - Somewhat agree","5 - Somewhat agree","6 - Agree","5 - Somewhat agree","6 - Agree","5 - Somewhat agree","6 - Agree","5 - Somewhat agree","5 - Somewhat agree","5 - Somewhat agree","5 - Somewhat agree","6 - Agree","4 - Neither agree nor disagree","6 - Agree","6 - Agree","6 - Agree","5 - Somewhat agree","6 - Agree","5 - Somewhat agree","5 - Somewhat agree","5 - Somewhat agree","5 - Somewhat agree","6 - Agree","6 - Agree","5 - Somewhat agree","4 - Neither agree nor disagree","4 - Neither agree nor disagree","6 - Agree","5 - Somewhat agree","5 - Somewhat agree","6 - Agree","6 - Agree","4 - Neither agree nor disagree","6 - Agree","5 - Somewhat agree","5 - Somewhat agree","6 - Agree","6 - Agree","5 - Somewhat agree","5 - Somewhat agree","5 - Somewhat agree","5 - Somewhat agree","5 - Somewhat agree","4 - Neither agree nor disagree","5 - Somewhat agree","5 - Somewhat agree","4 - Neither agree nor disagree","5 - Somewhat agree","5 - Somewhat agree","6 - Agree","6 - Agree","6 - Agree","6 - Agree","6 - Agree","6 - Agree","6 - Agree","5 - Somewhat agree","5 - Somewhat agree","6 - Agree","5 - Somewhat agree","5 - Somewhat agree","6 - Agree","6 - Agree","6 - Agree","6 - Agree","5 - Somewhat agree","5 - Somewhat agree","6 - Agree","5 - Somewhat agree","5 - Somewhat agree","6 - Agree","6 - Agree","6 - unlikely","5 - somewhat unlikely","7 - impossible","2 - likely","4 - Neither agree nor disagree","... increased","... remained the same","... increased","... remained the same","Yes","to a high degree","The outdated program","More options","Inovating the program","The new posibilities","Germany","","21-29","Upper school-leaving certificate/GCE","","less than 2 years","Male","","Production","","1508.04","","","7.54","","5.29","48.78","3.87","","7.16","14.2","7.6","8.95","13.11","15.58","1073.09","8.11","17.12","13.52","17.87","14.09","8.99","15.61","","8.41","","3.95","8.36","3.76","4.17","2.68","38.07","13.78","","29.93","11.45","22.91","15.74","","6.53","6.07","5.48","10.33","4.32","11.62"
"348","1980-01-01 00:00:00","37","en","378892603","64593477-2c1b-9d31-8c21-5f596218c51a","I accept the outlined privacy policy","Yes","i got to know the fidelio software and completed a training course.","","2 - Disagree","3 - Somewhat disagree","5 - Somewhat agree","6 - Agree","4 - Neither agree nor disagree","6 - Agree","3 - Somewhat disagree","5 - Somewhat agree","4 - Neither agree nor disagree","3 - Somewhat disagree","5 - Somewhat agree","5 - Somewhat agree","6 - Agree","2 - Disagree","4 - Neither agree nor disagree","4 - Neither agree nor disagree","5 - Somewhat agree","4 - Neither agree nor disagree","5 - Somewhat agree","","5 - Somewhat agree","","3 - Somewhat disagree","5 - Somewhat agree","3 - Somewhat disagree","3 - Somewhat disagree","4 - Neither agree nor disagree","6 - Agree","2 - Disagree","3 - Somewhat disagree","2 - Disagree","3 - Somewhat disagree","4 - Neither agree nor disagree","3 - Somewhat disagree","4 - Neither agree nor disagree","4 - Neither agree nor disagree","2 - Disagree","6 - Agree","4 - Neither agree nor disagree","5 - Somewhat agree","3 - Somewhat disagree","5 - Somewhat agree","3 - Somewhat disagree","5 - Somewhat agree","5 - Somewhat agree","","5 - Somewhat agree","2 - Disagree","4 - Neither agree nor disagree","6 - Agree","4 - Neither agree nor disagree","5 - Somewhat agree","","","4 - Neither agree nor disagree","4 - Neither agree nor disagree","4 - Neither agree nor disagree","3 - Somewhat disagree","4 - Neither agree nor disagree","3 - Somewhat disagree","3 - Somewhat disagree","3 - Somewhat disagree","3 - Somewhat disagree","4 - Neither agree nor disagree","4 - Neither agree nor disagree","5 - Somewhat agree","4 - Neither agree nor disagree","4 - Neither agree nor disagree","5 - Somewhat agree","3 - Somewhat disagree","4 - Neither agree nor disagree","3 - Somewhat disagree","3 - Somewhat disagree","4 - Neither agree nor disagree","3 - Somewhat disagree","4 - Neither agree nor disagree","5 - Somewhat agree","3 - Somewhat disagree","4 - Neither agree nor disagree","5 - Somewhat agree","5 - Somewhat agree","4 - fifty-fifty","5 - somewhat unlikely","","","3 - Somewhat disagree","... remained the same","","... remained the same","... decreased","No","","the implementation","faster workflows","to get to know the new software and to recognize errors
","Faster workflow","Germany","","40-49","Intermediate school-leaving certificate","","less than 2 years","Male","","Medical/Healthcare","","800.41","","","13.31","","16.09","155.36","3.26","","6.6","13.5","24.47","7.67","11.89","7.94","8.04","10.82","16.53","12.92","20.97","15.01","9.81","18.23","","10.33","","4.42","13.37","1.6","3.71","5.12","43.28","","","78.73","77.05","95.99","40.18","","9.35","6.2","12.16","11.15","5.52","9.83"
"349","1980-01-01 00:00:00","37","en","285044905","6459346d-0793-ce69-0de4-65325c23b472","I accept the outlined privacy policy","Yes","I dont know ","","4 - Neither agree nor disagree","3 - Somewhat disagree","4 - Neither agree nor disagree","4 - Neither agree nor disagree","4 - Neither agree nor disagree","4 - Neither agree nor disagree","5 - Somewhat agree","5 - Somewhat agree","5 - Somewhat agree","3 - Somewhat disagree","4 - Neither agree nor disagree","4 - Neither agree nor disagree","4 - Neither agree nor disagree","4 - Neither agree nor disagree","4 - Neither agree nor disagree","4 - Neither agree nor disagree","4 - Neither agree nor disagree","4 - Neither agree nor disagree","5 - Somewhat agree","4 - Neither agree nor disagree","6 - Agree","3 - Somewhat disagree","5 - Somewhat agree","6 - Agree","4 - Neither agree nor disagree","4 - Neither agree nor disagree","4 - Neither agree nor disagree","4 - Neither agree nor disagree","4 - Neither agree nor disagree","5 - Somewhat agree","4 - Neither agree nor disagree","5 - Somewhat agree","4 - Neither agree nor disagree","4 - Neither agree nor disagree","4 - Neither agree nor disagree","4 - Neither agree nor disagree","4 - Neither agree nor disagree","4 - Neither agree nor disagree","4 - Neither agree nor disagree","5 - Somewhat agree","5 - Somewhat agree","5 - Somewhat agree","5 - Somewhat agree","5 - Somewhat agree","4 - Neither agree nor disagree","4 - Neither agree nor disagree","4 - Neither agree nor disagree","3 - Somewhat disagree","4 - Neither agree nor disagree","5 - Somewhat agree","4 - Neither agree nor disagree","4 - Neither agree nor disagree","4 - Neither agree nor disagree","","4 - Neither agree nor disagree","3 - Somewhat disagree","3 - Somewhat disagree","4 - Neither agree nor disagree","4 - Neither agree nor disagree","4 - Neither agree nor disagree","4 - Neither agree nor disagree","4 - Neither agree nor disagree","4 - Neither agree nor disagree","4 - Neither agree nor disagree","4 - Neither agree nor disagree","4 - Neither agree nor disagree","4 - Neither agree nor disagree","4 - Neither agree nor disagree","4 - Neither agree nor disagree","4 - Neither agree nor disagree","4 - Neither agree nor disagree","4 - Neither agree nor disagree","4 - Neither agree nor disagree","4 - Neither agree nor disagree","4 - Neither agree nor disagree","4 - Neither agree nor disagree","5 - Somewhat agree","5 - Somewhat agree","4 - Neither agree nor disagree","5 - Somewhat agree","4 - Neither agree nor disagree","4 - fifty-fifty","4 - fifty-fifty","3 - somewhat likely","4 - fifty-fifty","5 - Somewhat agree","... remained the same","... remained the same","... increased","... increased","No","","Keine Ahnung ","konzentrieres Arbeiten
organisierter","Keine Herausforderungen","Schnelles Arbeiten ","Germany","","21-29","Intermediate school-leaving certificate","","less than 2 years","Female","","Production","","592.83","","","13.06","","12.38","19.65","3.34","","13.78","22.3","10.94","19.64","35.33","14.33","19.22","12.1","59.08","18.95","24.01","17.85","16.19","30.99","","26.56","","9.84","15.28","10.29","7.8","5.37","15.38","","","13.28","36.02","11.73","12.49","","9.65","10.7","8.48","15.29","5.68","15.85"
"350","1980-01-01 00:00:00","37","en","1471888516","6459346c-b0ce-de40-c9ac-2f6dbce8914c","I accept the outlined privacy policy","Yes","Nothing software","","3 - Somewhat disagree","1 - Strongly disagree","4 - Neither agree nor disagree","6 - Agree","3 - Somewhat disagree","6 - Agree","1 - Strongly disagree","4 - Neither agree nor disagree","5 - Somewhat agree","5 - Somewhat agree","6 - Agree","7 - Strongly agree","5 - Somewhat agree","","5 - Somewhat agree","5 - Somewhat agree","5 - Somewhat agree","5 - Somewhat agree","5 - Somewhat agree","5 - Somewhat agree","5 - Somewhat agree","4 - Neither agree nor disagree","5 - Somewhat agree","5 - Somewhat agree","6 - Agree","5 - Somewhat agree","6 - Agree","7 - Strongly agree","7 - Strongly agree","3 - Somewhat disagree","2 - Disagree","4 - Neither agree nor disagree","5 - Somewhat agree","5 - Somewhat agree","4 - Neither agree nor disagree","5 - Somewhat agree","4 - Neither agree nor disagree","1 - Strongly disagree","4 - Neither agree nor disagree","4 - Neither agree nor disagree","6 - Agree","6 - Agree","5 - Somewhat agree","5 - Somewhat agree","7 - Strongly agree","5 - Somewhat agree","7 - Strongly agree","7 - Strongly agree","6 - Agree","6 - Agree","2 - Disagree","6 - Agree","5 - Somewhat agree","6 - Agree","4 - Neither agree nor disagree","6 - Agree","6 - Agree","5 - Somewhat agree","7 - Strongly agree","7 - Strongly agree","7 - Strongly agree","4 - Neither agree nor disagree","5 - Somewhat agree","3 - Somewhat disagree","3 - Somewhat disagree","2 - Disagree","6 - Agree","6 - Agree","6 - Agree","6 - Agree","5 - Somewhat agree","5 - Somewhat agree","5 - Somewhat agree","5 - Somewhat agree","6 - Agree","6 - Agree","4 - Neither agree nor disagree","4 - Neither agree nor disagree","3 - Somewhat disagree","5 - Somewhat agree","6 - Agree","4 - fifty-fifty","2 - likely","5 - somewhat unlikely","","4 - Neither agree nor disagree","... increased","... remained the same","... remained the same","","No","","Good","Good","Good","Goof","Germany","","18-20","Doctorate/PhD","","2 to 5 years","Male","","Service/public service","","452.51","","","39.54","","3.4","11.29","14.14","","8.34","17.92","11.41","15.97","22.36","16.71","8.69","16.76","18.55","11.07","18.16","19.6","11.92","18.55","","28.26","","11.44","3.44","3.15","11.42","6.08","6.43","","","13.99","5.49","6.99","30.08","","7.04","13.48","9.08","4.66","3.49","3.61"
"351","","1","en","2049223354","6459344b-6a0f-13a7-bfd5-c7765bd87a9f","","N/A","","","","","","","","","","","","","","","","","","","","","","","","","","","","","","","","","","","","","","","","","","","","","","","","","","","","","","","","","","","","","","","","","","","","","","","","","","","","","","","","","","","","","","","","","","","","","N/A","","","","","","","","","","","","","","","","10.94","","","10.94","","","","","","","","","","","","","","","","","","","","","","","","","","","","","","","","","","","","","","","","",""
"352","","1","en","1930802637","64593442-ec47-5683-a93d-ab250718a951","","N/A","","","","","","","","","","","","","","","","","","","","","","","","","","","","","","","","","","","","","","","","","","","","","","","","","","","","","","","","","","","","","","","","","","","","","","","","","","","","","","","","","","","","","","","","","","","","","N/A","","","","","","","","","","","","","","","","18.93","","","18.93","","","","","","","","","","","","","","","","","","","","","","","","","","","","","","","","","","","","","","","","",""
"353","1980-01-01 00:00:00","37","en","1171160460","64593474-ba09-9c54-78e8-c6f78a1900ce","I accept the outlined privacy policy","Yes","Hallo","","5 - Somewhat agree","3 - Somewhat disagree","4 - Neither agree nor disagree","4 - Neither agree nor disagree","2 - Disagree","3 - Somewhat disagree","6 - Agree","4 - Neither agree nor disagree","3 - Somewhat disagree","4 - Neither agree nor disagree","5 - Somewhat agree","4 - Neither agree nor disagree","4 - Neither agree nor disagree","4 - Neither agree nor disagree","3 - Somewhat disagree","2 - Disagree","2 - Disagree","3 - Somewhat disagree","3 - Somewhat disagree","3 - Somewhat disagree","3 - Somewhat disagree","2 - Disagree","4 - Neither agree nor disagree","3 - Somewhat disagree","4 - Neither agree nor disagree","6 - Agree","2 - Disagree","2 - Disagree","3 - Somewhat disagree","3 - Somewhat disagree","3 - Somewhat disagree","4 - Neither agree nor disagree","3 - Somewhat disagree","2 - Disagree","3 - Somewhat disagree","3 - Somewhat disagree","4 - Neither agree nor disagree","4 - Neither agree nor disagree","4 - Neither agree nor disagree","2 - Disagree","3 - Somewhat disagree","3 - Somewhat disagree","5 - Somewhat agree","5 - Somewhat agree","2 - Disagree","4 - Neither agree nor disagree","5 - Somewhat agree","3 - Somewhat disagree","4 - Neither agree nor disagree","3 - Somewhat disagree","4 - Neither agree nor disagree","4 - Neither agree nor disagree","2 - Disagree","4 - Neither agree nor disagree","3 - Somewhat disagree","3 - Somewhat disagree","4 - Neither agree nor disagree","4 - Neither agree nor disagree","3 - Somewhat disagree","5 - Somewhat agree","4 - Neither agree nor disagree","4 - Neither agree nor disagree","3 - Somewhat disagree","5 - Somewhat agree","3 - Somewhat disagree","4 - Neither agree nor disagree","4 - Neither agree nor disagree","3 - Somewhat disagree","5 - Somewhat agree","3 - Somewhat disagree","5 - Somewhat agree","4 - Neither agree nor disagree","3 - Somewhat disagree","6 - Agree","3 - Somewhat disagree","4 - Neither agree nor disagree","5 - Somewhat agree","2 - Disagree","5 - Somewhat agree","2 - Disagree","3 - Somewhat disagree","5 - somewhat unlikely","4 - fifty-fifty","4 - fifty-fifty","5 - somewhat unlikely","3 - Somewhat disagree","... remained the same","... decreased","... remained the same","... decreased","N/A","","Hallo again","Do","","Huhu","United Kingdom","","30-39","Vocational training","","5 to 10 years","Female","","Service/public service","","275.68","","","10.41","","6.69","8.11","3.1","","6.38","12.94","7.99","7.33","14.86","8.54","7.01","8.81","14.43","11.66","16.91","13.37","8.95","15.96","","12.62","","7.6","4.91","2.9","3.04","4.49","3.58","","","7.39","4.92","2.77","8.12","","4.41","6.18","3.91","5.86","6.27","3.26"
"354","1980-01-01 00:00:00","37","en","1917513440","6459347a-af2c-78bf-2977-3b3a82f36960","I accept the outlined privacy policy","Yes","I dont know","","6 - Agree","6 - Agree","7 - Strongly agree","4 - Neither agree nor disagree","3 - Somewhat disagree","4 - Neither agree nor disagree","6 - Agree","2 - Disagree","5 - Somewhat agree","6 - Agree","7 - Strongly agree","","7 - Strongly agree","","4 - Neither agree nor disagree","3 - Somewhat disagree","6 - Agree","6 - Agree","6 - Agree","6 - Agree","6 - Agree","6 - Agree","7 - Strongly agree","6 - Agree","6 - Agree","6 - Agree","","5 - Somewhat agree","7 - Strongly agree","7 - Strongly agree","6 - Agree","7 - Strongly agree","7 - Strongly agree","6 - Agree","7 - Strongly agree","3 - Somewhat disagree","6 - Agree","6 - Agree","7 - Strongly agree","6 - Agree","2 - Disagree","6 - Agree","7 - Strongly agree","6 - Agree","6 - Agree","6 - Agree","6 - Agree","6 - Agree","","5 - Somewhat agree","7 - Strongly agree","5 - Somewhat agree","7 - Strongly agree","6 - Agree","","7 - Strongly agree","6 - Agree","","7 - Strongly agree","6 - Agree","","7 - Strongly agree","5 - Somewhat agree","","5 - Somewhat agree","7 - Strongly agree","5 - Somewhat agree","5 - Somewhat agree","","7 - Strongly agree","7 - Strongly agree","7 - Strongly agree","7 - Strongly agree","","6 - Agree","5 - Somewhat agree","6 - Agree","","6 - Agree","6 - Agree","5 - Somewhat agree","7 - impossible","7 - impossible","7 - impossible","2 - likely","5 - Somewhat agree","... increased","... increased","... increased","... remained the same","Yes","to a very high degree","I dont know ","I dont know ","I dont know","Idk ","Germany","","18-20","Intermediate school-leaving certificate","","less than 2 years","Female","","Medical/Healthcare","","416.06","","","12.56","","12.59","18.73","3.44","","9.8","10.36","8.82","9.23","18.47","6.38","7.43","19.93","17.89","10.27","27.69","53.36","7.71","11.93","","11.98","","4.31","4.07","17.42","3.57","3.48","5.08","3.81","","10.61","6.85","8.72","7.91","","5.02","5.97","5.99","9.67","29.97","5.04"
"355","1980-01-01 00:00:00","37","en","1014742095","64593451-fb30-78d2-e5c5-5b19a97dcc4f","I accept the outlined privacy policy","Yes","I did a project with my team and it went public ","","6 - Agree","6 - Agree","7 - Strongly agree","6 - Agree","7 - Strongly agree","7 - Strongly agree","6 - Agree","7 - Strongly agree","7 - Strongly agree","5 - Somewhat agree","5 - Somewhat agree","6 - Agree","5 - Somewhat agree","6 - Agree","5 - Somewhat agree","6 - Agree","7 - Strongly agree","6 - Agree","6 - Agree","6 - Agree","7 - Strongly agree","7 - Strongly agree","5 - Somewhat agree","6 - Agree","6 - Agree","5 - Somewhat agree","6 - Agree","7 - Strongly agree","7 - Strongly agree","4 - Neither agree nor disagree","6 - Agree","6 - Agree","6 - Agree","5 - Somewhat agree","4 - Neither agree nor disagree","2 - Disagree","6 - Agree","5 - Somewhat agree","5 - Somewhat agree","7 - Strongly agree","6 - Agree","7 - Strongly agree","5 - Somewhat agree","7 - Strongly agree","6 - Agree","7 - Strongly agree","5 - Somewhat agree","6 - Agree","7 - Strongly agree","5 - Somewhat agree","6 - Agree","6 - Agree","4 - Neither agree nor disagree","7 - Strongly agree","7 - Strongly agree","5 - Somewhat agree","6 - Agree","6 - Agree","6 - Agree","6 - Agree","7 - Strongly agree","6 - Agree","7 - Strongly agree","6 - Agree","7 - Strongly agree","3 - Somewhat disagree","5 - Somewhat agree","6 - Agree","6 - Agree","6 - Agree","6 - Agree","5 - Somewhat agree","5 - Somewhat agree","6 - Agree","6 - Agree","7 - Strongly agree","6 - Agree","6 - Agree","6 - Agree","7 - Strongly agree","3 - Somewhat disagree","5 - somewhat unlikely","6 - unlikely","5 - somewhat unlikely","4 - fifty-fifty","6 - Agree","... increased","... increased","... remained the same","... increased","No","","if the internet is bad ","you get more money ","geduld","it’s way more easy to use","Germany","","21-29","Bachelor's/Prediploma","","5 to 10 years","Female","","Medical/Healthcare","","387.99","","","15.21","","6.78","22.47","6.2","","12.7","23.67","10.11","19.15","18.94","8.96","5.95","6.59","13.74","10.64","40.89","11.27","19.05","11.67","","13.12","","3.58","6.85","4.1","2.46","3.49","7.14","","","16.39","14.14","12.07","13.83","","3.98","3.98","5.26","6.11","2.81","4.69"
"356","1980-01-01 00:00:00","37","en","333369331","64593479-702c-df39-9242-1821610d2a25","I accept the outlined privacy policy","Yes","Windows","","2 - Disagree","5 - Somewhat agree","6 - Agree","7 - Strongly agree","7 - Strongly agree","7 - Strongly agree","7 - Strongly agree","7 - Strongly agree","7 - Strongly agree","7 - Strongly agree","7 - Strongly agree","7 - Strongly agree","7 - Strongly agree","7 - Strongly agree","7 - Strongly agree","7 - Strongly agree","7 - Strongly agree","7 - Strongly agree","7 - Strongly agree","7 - Strongly agree","7 - Strongly agree","7 - Strongly agree","7 - Strongly agree","7 - Strongly agree","7 - Strongly agree","7 - Strongly agree","6 - Agree","6 - Agree","7 - Strongly agree","7 - Strongly agree","2 - Disagree","5 - Somewhat agree","6 - Agree","7 - Strongly agree","6 - Agree","2 - Disagree","7 - Strongly agree","7 - Strongly agree","6 - Agree","7 - Strongly agree","7 - Strongly agree","5 - Somewhat agree","5 - Somewhat agree","7 - Strongly agree","7 - Strongly agree","7 - Strongly agree","6 - Agree","6 - Agree","7 - Strongly agree","7 - Strongly agree","6 - Agree","5 - Somewhat agree","6 - Agree","7 - Strongly agree","4 - Neither agree nor disagree","7 - Strongly agree","7 - Strongly agree","7 - Strongly agree","7 - Strongly agree","7 - Strongly agree","7 - Strongly agree","7 - Strongly agree","7 - Strongly agree","7 - Strongly agree","6 - Agree","7 - Strongly agree","7 - Strongly agree","7 - Strongly agree","7 - Strongly agree","7 - Strongly agree","7 - Strongly agree","5 - Somewhat agree","7 - Strongly agree","7 - Strongly agree","7 - Strongly agree","7 - Strongly agree","7 - Strongly agree","7 - Strongly agree","6 - Agree","5 - Somewhat agree","7 - Strongly agree","2 - likely","2 - likely","2 - likely","2 - likely","1 - Strongly disagree","... increased","... increased","... increased","... increased","No","","The Internet","No time lost","More time","More time","Germany","","30-39","Upper school-leaving certificate/GCE","","10 to 20 years","Female","","Service/public service","","588.75","","","10.76","","8.39","16.62","3.99","","25.83","26.97","12.51","20.91","23.82","19.6","21.03","30.95","32.76","20.45","47.73","23.02","18.75","36.5","","31.98","","10.53","13.93","5.52","6.04","5.03","12.95","","","19.28","24.85","9.09","7.14","","6.82","5.64","7.94","7.07","4.26","10.09"
"357","1980-01-01 00:00:00","37","en","705937796","6459347e-7a09-e56b-cc03-cd1d13271b3a","I accept the outlined privacy policy","Yes","A project about cyber security","","4 - Neither agree nor disagree","6 - Agree","5 - Somewhat agree","5 - Somewhat agree","6 - Agree","4 - Neither agree nor disagree","6 - Agree","4 - Neither agree nor disagree","4 - Neither agree nor disagree","4 - Neither agree nor disagree","3 - Somewhat disagree","5 - Somewhat agree","2 - Disagree","4 - Neither agree nor disagree","6 - Agree","3 - Somewhat disagree","5 - Somewhat agree","3 - Somewhat disagree","5 - Somewhat agree","5 - Somewhat agree","4 - Neither agree nor disagree","2 - Disagree","6 - Agree","5 - Somewhat agree","6 - Agree","5 - Somewhat agree","5 - Somewhat agree","3 - Somewhat disagree","3 - Somewhat disagree","5 - Somewhat agree","5 - Somewhat agree","4 - Neither agree nor disagree","3 - Somewhat disagree","6 - Agree","5 - Somewhat agree","7 - Strongly agree","6 - Agree","5 - Somewhat agree","3 - Somewhat disagree","4 - Neither agree nor disagree","6 - Agree","3 - Somewhat disagree","4 - Neither agree nor disagree","5 - Somewhat agree","5 - Somewhat agree","5 - Somewhat agree","4 - Neither agree nor disagree","6 - Agree","6 - Agree","3 - Somewhat disagree","5 - Somewhat agree","2 - Disagree","4 - Neither agree nor disagree","6 - Agree","3 - Somewhat disagree","6 - Agree","4 - Neither agree nor disagree","4 - Neither agree nor disagree","3 - Somewhat disagree","5 - Somewhat agree","5 - Somewhat agree","4 - Neither agree nor disagree","4 - Neither agree nor disagree","6 - Agree","6 - Agree","5 - Somewhat agree","5 - Somewhat agree","3 - Somewhat disagree","4 - Neither agree nor disagree","7 - Strongly agree","4 - Neither agree nor disagree","4 - Neither agree nor disagree","6 - Agree","3 - Somewhat disagree","2 - Disagree","3 - Somewhat disagree","5 - Somewhat agree","4 - Neither agree nor disagree","4 - Neither agree nor disagree","5 - Somewhat agree","4 - Neither agree nor disagree","6 - unlikely","4 - fifty-fifty","3 - somewhat likely","5 - somewhat unlikely","6 - Agree","... increased","... remained the same","... increased","... remained the same","Yes","to a high degree","I dont really understade the point of the anwer","I dont really understand","Idk","Idk","Germany","","21-29","Bachelor's/Prediploma","","None","Male","","Craft/skilled and manual work","","445.78","","","10.74","","7.62","28.12","2.26","","9.24","12.77","11.6","10.15","18.98","9.41","11.69","9.79","19.54","14.22","24.55","23.09","9.92","16.99","","9.86","","5.16","7.76","8.86","3.41","2.61","7.94","9.93","","41.84","24.21","4.34","4.7","","5.84","5.08","10.28","18.45","9.43","15.4"
"358","1980-01-01 00:00:00","37","en","1472711190","64593476-86f3-64f2-99a8-a3a8362467d3","I accept the outlined privacy policy","Yes","I love the Windows Software ","","3 - Somewhat disagree","3 - Somewhat disagree","6 - Agree","5 - Somewhat agree","5 - Somewhat agree","2 - Disagree","4 - Neither agree nor disagree","3 - Somewhat disagree","4 - Neither agree nor disagree","6 - Agree","3 - Somewhat disagree","3 - Somewhat disagree","3 - Somewhat disagree","7 - Strongly agree","6 - Agree","4 - Neither agree nor disagree","3 - Somewhat disagree","6 - Agree","2 - Disagree","3 - Somewhat disagree","4 - Neither agree nor disagree","3 - Somewhat disagree","5 - Somewhat agree","4 - Neither agree nor disagree","4 - Neither agree nor disagree","6 - Agree","4 - Neither agree nor disagree","3 - Somewhat disagree","6 - Agree","4 - Neither agree nor disagree","6 - Agree","5 - Somewhat agree","2 - Disagree","3 - Somewhat disagree","5 - Somewhat agree","6 - Agree","2 - Disagree","5 - Somewhat agree","3 - Somewhat disagree","5 - Somewhat agree","3 - Somewhat disagree","3 - Somewhat disagree","6 - Agree","3 - Somewhat disagree","6 - Agree","3 - Somewhat disagree","3 - Somewhat disagree","2 - Disagree","4 - Neither agree nor disagree","","3 - Somewhat disagree","2 - Disagree","5 - Somewhat agree","3 - Somewhat disagree","3 - Somewhat disagree","2 - Disagree","3 - Somewhat disagree","5 - Somewhat agree","2 - Disagree","3 - Somewhat disagree","3 - Somewhat disagree","5 - Somewhat agree","4 - Neither agree nor disagree","1 - Strongly disagree","3 - Somewhat disagree","6 - Agree","1 - Strongly disagree","2 - Disagree","4 - Neither agree nor disagree","","","","","3 - Somewhat disagree","3 - Somewhat disagree","5 - Somewhat agree","4 - Neither agree nor disagree","5 - Somewhat agree","3 - Somewhat disagree","4 - Neither agree nor disagree","3 - Somewhat disagree","5 - somewhat unlikely","4 - fifty-fifty","6 - unlikely","4 - fifty-fifty","5 - Somewhat agree","... remained the same","... increased","... remained the same","... decreased","N/A","","I don’t Like that ","I like the Performance ","","Good","Germany","","21-29","Vocational training","","2 to 5 years","Female","","Medical/Healthcare","","427.46","","","7.23","","5.82","27.81","3.72","","9.43","20.57","7.63","10.44","16.9","8.88","17.89","8.86","17.77","69.26","22.93","18.74","8.35","15.52","","8.74","","4.75","8.15","4.54","5.65","4.48","9.08","","","20","13.6","2.16","5.67","","7.6","9.09","8.26","7.84","5.07","5.03"
"359","1980-01-01 00:00:00","37","en","1072709321","6459347f-59b2-82c4-38a4-c226223f413c","I accept the outlined privacy policy","Yes","Microsoft Software ","","5 - Somewhat agree","6 - Agree","7 - Strongly agree","6 - Agree","5 - Somewhat agree","4 - Neither agree nor disagree","6 - Agree","6 - Agree","4 - Neither agree nor disagree","6 - Agree","5 - Somewhat agree","3 - Somewhat disagree","5 - Somewhat agree","5 - Somewhat agree","6 - Agree","3 - Somewhat disagree","3 - Somewhat disagree","2 - Disagree","7 - Strongly agree","4 - Neither agree nor disagree","5 - Somewhat agree","7 - Strongly agree","7 - Strongly agree","3 - Somewhat disagree","5 - Somewhat agree","7 - Strongly agree","6 - Agree","7 - Strongly agree","5 - Somewhat agree","6 - Agree","5 - Somewhat agree","5 - Somewhat agree","7 - Strongly agree","7 - Strongly agree","6 - Agree","5 - Somewhat agree","6 - Agree","4 - Neither agree nor disagree","5 - Somewhat agree","6 - Agree","5 - Somewhat agree","7 - Strongly agree","4 - Neither agree nor disagree","7 - Strongly agree","5 - Somewhat agree","5 - Somewhat agree","3 - Somewhat disagree","7 - Strongly agree","6 - Agree","6 - Agree","5 - Somewhat agree","6 - Agree","6 - Agree","5 - Somewhat agree","4 - Neither agree nor disagree","7 - Strongly agree","6 - Agree","7 - Strongly agree","7 - Strongly agree","6 - Agree","5 - Somewhat agree","7 - Strongly agree","7 - Strongly agree","5 - Somewhat agree","6 - Agree","6 - Agree","6 - Agree","4 - Neither agree nor disagree","6 - Agree","6 - Agree","5 - Somewhat agree","5 - Somewhat agree","5 - Somewhat agree","7 - Strongly agree","7 - Strongly agree","5 - Somewhat agree","7 - Strongly agree","7 - Strongly agree","6 - Agree","4 - Neither agree nor disagree","5 - Somewhat agree","7 - impossible","5 - somewhat unlikely","7 - impossible","2 - likely","6 - Agree","... increased","... remained the same","... increased","... increased","Yes","to a high degree","The Internet ","Social media","Youtube ","Twitter ","Rest of Europe","","21-29","Upper school-leaving certificate/GCE","","2 to 5 years","Female","","Service/public service","","592.82","","","11.36","","5.87","23.34","3.55","","8.64","75.67","14.1","9.99","18","13.93","58.04","16.92","19.84","12.03","37.03","25.04","20.16","25.09","","11.17","","3.97","2.89","3.01","1.85","2.72","3.64","4.12","","12.3","11.75","55.82","41.19","","3.18","7.53","7.11","4.12","3.06","14.79"
"360","","37","en","240749915","6459347e-9d9e-c187-cd4f-519c3e22392b","I accept the outlined privacy policy","No","","","","","","","","","","","","","","","","","","","","","","","","","","","","","","","","","","","","","","","","","","","","","","","","","","","","","","","","","","","","","","","","","","","","","","","","","","","","","","","","","","","","","","","","","","","","","N/A","","","","","","","","","","","","","","","","15.23","","","6.85","","8.38","","","","","","","","","","","","","","","","","","","","","","","","","","","","","","","","","","","","","","",""
"361","1980-01-01 00:00:00","37","en","2099198850","6459347b-5485-f0db-5b2e-7918170b58ea","I accept the outlined privacy policy","Yes","Microsoft ","","5 - Somewhat agree","6 - Agree","5 - Somewhat agree","7 - Strongly agree","7 - Strongly agree","7 - Strongly agree","6 - Agree","6 - Agree","6 - Agree","5 - Somewhat agree","7 - Strongly agree","7 - Strongly agree","4 - Neither agree nor disagree","5 - Somewhat agree","5 - Somewhat agree","5 - Somewhat agree","7 - Strongly agree","6 - Agree","6 - Agree","6 - Agree","6 - Agree","6 - Agree","7 - Strongly agree","6 - Agree","6 - Agree","6 - Agree","6 - Agree","5 - Somewhat agree","6 - Agree","4 - Neither agree nor disagree","6 - Agree","4 - Neither agree nor disagree","6 - Agree","6 - Agree","6 - Agree","4 - Neither agree nor disagree","1 - Strongly disagree","6 - Agree","3 - Somewhat disagree","5 - Somewhat agree","4 - Neither agree nor disagree","3 - Somewhat disagree","5 - Somewhat agree","4 - Neither agree nor disagree","6 - Agree","6 - Agree","6 - Agree","5 - Somewhat agree","5 - Somewhat agree","6 - Agree","5 - Somewhat agree","5 - Somewhat agree","5 - Somewhat agree","5 - Somewhat agree","5 - Somewhat agree","6 - Agree","5 - Somewhat agree","5 - Somewhat agree","5 - Somewhat agree","5 - Somewhat agree","6 - Agree","6 - Agree","6 - Agree","6 - Agree","6 - Agree","6 - Agree","6 - Agree","6 - Agree","6 - Agree","4 - Neither agree nor disagree","5 - Somewhat agree","5 - Somewhat agree","5 - Somewhat agree","2 - Disagree","4 - Neither agree nor disagree","5 - Somewhat agree","5 - Somewhat agree","","3 - Somewhat disagree","4 - Neither agree nor disagree","3 - Somewhat disagree","5 - somewhat unlikely","4 - fifty-fifty","4 - fifty-fifty","4 - fifty-fifty","5 - Somewhat agree","... remained the same","... remained the same","... remained the same","... remained the same","No","","Project","Engeneering","Engeneering","Digital","Germany","","21-29","Intermediate school-leaving certificate","","less than 2 years","Female","","Medical/Healthcare","","292.45","","","15.68","","5.45","16.16","3.96","","6.87","14.23","8.24","8.42","12.35","8.09","6.16","10.53","12.62","9.51","17.1","11.49","7.55","14.87","","5.86","","4.43","5.11","4.5","2.69","3.29","3.23","","","11","10.35","10.11","11.77","","7.94","5.04","4.39","4.52","3.9","5.04"
"362","1980-01-01 00:00:00","37","en","1084772935","6459347b-11e6-9a8c-1ee8-bc391450de13","I accept the outlined privacy policy","Yes","......","","","","","","","","","","","","","","","","","","","","","","","","","","","","","","","","","","","","","","","","","","","","","","","","","","","","","","","","","","","","","","","","","","","","","","","","","","","","","","","","","","","","","","","","","","","","N/A","","","","","","","","","","","","","","","","152.19","","","14.88","","10.37","11.4","3.25","","2.83","4.49","5.94","10.3","3.49","7.79","3.27","2.8","4.02","2.74","4.62","3.94","3.26","3.62","","5.22","","3.07","2.48","2.26","1.9","2.94","4.15","","","1.91","3.63","2.93","1.82","","3.43","2.57","2.79","3.04","2.43","2.61"
"363","","5","en","2060949962","64593460-8f75-b33b-650a-409be1ab2dbd","I accept the outlined privacy policy","Yes","I dont knoe","","","","","","","","","","","","","","","","","","","","","","","","","","","","","","","","","","","","","","","","","","","","","","","","","","","","","","","","","","","","","","","","","","","","","","","","","","","","","","","","","","","","","","","","","","","","N/A","","","","","","","","","","","","","","","","31.73","","","12.45","","9.23","7.98","2.07","","","","","","","","","","","","","","","","","","","","","","","","","","","","","","","","","","","","",""
"364","","29","en","635105547","64593488-5dfc-0987-5ac2-69e55176f4c3","I accept the outlined privacy policy","Yes","Die sind aber auch noch müde sind und wir sind ja nicht mehr lange nicht mehr gesehen haben und dann schreib doch einfach nicht mehr lange nicht so viel zu ","","7 - Strongly agree","6 - Agree","7 - Strongly agree","4 - Neither agree nor disagree","6 - Agree","6 - Agree","6 - Agree","7 - Strongly agree","6 - Agree","6 - Agree","6 - Agree","6 - Agree","6 - Agree","7 - Strongly agree","5 - Somewhat agree","7 - Strongly agree","6 - Agree","6 - Agree","7 - Strongly agree","7 - Strongly agree","6 - Agree","7 - Strongly agree","6 - Agree","7 - Strongly agree","6 - Agree","7 - Strongly agree","7 - Strongly agree","7 - Strongly agree","6 - Agree","6 - Agree","7 - Strongly agree","6 - Agree","5 - Somewhat agree","6 - Agree","6 - Agree","7 - Strongly agree","6 - Agree","6 - Agree","5 - Somewhat agree","6 - Agree","7 - Strongly agree","7 - Strongly agree","6 - Agree","5 - Somewhat agree","7 - Strongly agree","7 - Strongly agree","6 - Agree","6 - Agree","7 - Strongly agree","6 - Agree","6 - Agree","5 - Somewhat agree","3 - Somewhat disagree","5 - Somewhat agree","6 - Agree","5 - Somewhat agree","6 - Agree","5 - Somewhat agree","6 - Agree","6 - Agree","7 - Strongly agree","6 - Agree","6 - Agree","6 - Agree","6 - Agree","7 - Strongly agree","7 - Strongly agree","6 - Agree","7 - Strongly agree","6 - Agree","7 - Strongly agree","6 - Agree","6 - Agree","5 - Somewhat agree","7 - Strongly agree","6 - Agree","5 - Somewhat agree","6 - Agree","7 - Strongly agree","6 - Agree","5 - Somewhat agree","7 - impossible","7 - impossible","7 - impossible","6 - unlikely","6 - Agree","... remained the same","... increased","... remained the same","... remained the same","Yes","to a high degree","Ich bin nicht mehr lange noch nicht mal so viel viel mehr lange wie möglich und ich hab dich liebe Grüße von mir und liebe grüße dein Herz ","Die haben die nicht so schlimm wie du es dir so weh tun kannst du hast dich nicht mehr gesehen haben und dann schreib doch mal wenn ich nicht mehr ","","","","","","","","","","","","","544.94","","","9.69","","13.04","9.98","12.02","","15.19","18.26","16.41","10.93","28.46","19.63","19.73","9.5","19.84","24.8","28.41","30.43","7.13","67.02","","20.25","","12.63","21.65","6.94","11.52","21.99","14.24","6.85","","37.75","30.65","","","","","","","","",""
"365","","5","en","1032724776","64593456-2e13-3d2e-ddb5-2926fbd3b19d","I accept the outlined privacy policy","Yes","Apple","","","","","","","","","","","","","","","","","","","","","","","","","","","","","","","","","","","","","","","","","","","","","","","","","","","","","","","","","","","","","","","","","","","","","","","","","","","","","","","","","","","","","","","","","","","","N/A","","","","","","","","","","","","","","","","23.97","","","7.97","","3.41","10.13","2.46","","","","","","","","","","","","","","","","","","","","","","","","","","","","","","","","","","","","",""
"366","","37","en","1338775209","64593471-02b2-6e01-9933-532f465a8b74","I accept the outlined privacy policy","No","","","","","","","","","","","","","","","","","","","","","","","","","","","","","","","","","","","","","","","","","","","","","","","","","","","","","","","","","","","","","","","","","","","","","","","","","","","","","","","","","","","","","","","","","","","","","N/A","","","","","","","","","","","","","","","","40.88","","","12.15","","28.73","","","","","","","","","","","","","","","","","","","","","","","","","","","","","","","","","","","","","","",""
"367","","","en","477698778","","","N/A","","","","","","","","","","","","","","","","","","","","","","","","","","","","","","","","","","","","","","","","","","","","","","","","","","","","","","","","","","","","","","","","","","","","","","","","","","","","","","","","","","","","","","","","","","","","","N/A","","","","","","","","","","","","","","","","0","","","","","","","","","","","","","","","","","","","","","","","","","","","","","","","","","","","","","","","","","","","",""

